participant_id,input_message,dimension,predicted
R_1P0oczpTJACNgTu,Setting small goals when you feel unmotivated is best. Maybe a small goal for now is to breathe deeply for the next 3 minutes instead of smoking.,coping,3
R_1P0oczpTJACNgTu,"To keep on track, small changes can really help. For example, keep a list of quit reasons where you used to keep cigarettes, rearrange your living space, or grab some extra pens to fiddle with to keep your hands busy.",coping,1
R_1P0oczpTJACNgTu,Pause. Notice the feelings you are having without judgement. Let them come and go. Being aware of your feelings means you can make a new choice about how you respond to your urges instead of smoking on autopilot.,coping,5
R_1P0oczpTJACNgTu,"Instead of smoking, write a quick note to yourself explaining why ditching cigs is important to you. Carry it with you and read it when you feel like lighting up.",coping,1
R_1P0oczpTJACNgTu,"Instead of smoking, keep your fingers busy by scrolling through your phone.",coping,3
R_1P0oczpTJACNgTu,Pause. Notice the feelings you are having without judgement. Let them come and go. Being aware of your feelings means you can make a new choice about how you respond to your urges instead of smoking on autopilot.,coping,5
R_1P0oczpTJACNgTu,"If you get any urges tonight, why not confront them head on? Ask the urge - what's it going to give you? It's not going to make you richer, or better looking, and it's not going to leave you if you give in either!",coping,1
R_1P0oczpTJACNgTu,"Crumple a piece of paper into a ball and imagine it is your urge. Toss the ""urge"" into the garbage or against the wall. By doing this, you are letting go of your urges.",coping,1
R_2PBQT9n6oKAcXSA,Notice how stress and anxiety may pull you and make you want to smoke. Just notice this. You can choose to just notice and not smoke.,coping,5
R_2PBQT9n6oKAcXSA,"If you have trouble resisting a craving when other smokers are around, try carrying a water bottle and taking a sip every time you want to ask for a cig.",coping,4
R_1P0oczpTJACNgTu,No need to get rid of these feelings or control them with a smoke. They are not permanent.,coping,5
R_2PBQT9n6oKAcXSA,"If you get any urges tonight, why not confront them head on? Ask the urge - what's it going to give you? It's not going to make you richer, or better looking, and it's not going to leave you if you give in either!",coping,4
R_2PBQT9n6oKAcXSA,"Reduce your stress by using your next break to list four things that have gone well so far today. It might feel like a bit of effort, but doing this will help your mind to refocus, and help you to feel calmer.",coping,5
R_2PBQT9n6oKAcXSA,"If you're stuck at home and physical activity doesn't interest you, try gaming, needlework, drawing, or journaling.",coping,4
R_1P0oczpTJACNgTu,"When smoking, it can feel like your hands are for holding a cigarette, your mouth is for smoking the cigarette, and your chest and lungs need to breathe in the smoke. Spend 3 minutes noticing how your hands feel, how your mouth feels, and how your chest feels. The more you practice noticing these things without smoking, the sooner your body will stop being a trigger for you.",coping,5
R_1P0oczpTJACNgTu,"Tell yourself, “I am going to quit smoking soon.” Say it out loud. Say to yourself, “I am too strong to continue smoking for the rest of my life.""",coping,5
R_2PBQT9n6oKAcXSA,"A funny thing about people is that we tend to believe what we tell ourselves. So make sure that whatever else happens today, tell yourself ""I can, and I will stick to not smoking!""",coping,5
R_2PBQT9n6oKAcXSA,"Urges to smoke usually only last a few minutes. Distract yourself by NOT thinking about giraffes, or leave the situation until it passes.",coping,4
R_ThjMPFNDnRudi4F,"Seeing other people smoke is a predictable and unavoidable trigger. Take 5 slow, deep breaths and remind yourself that the urge will pass and that you do not need to smoke.",coping,5
R_2PBQT9n6oKAcXSA,"If you miss doing something with your hands, try turning a coin or pen over and over with your fingers.",coping,4
R_2PBQT9n6oKAcXSA,Imagine that your urge is a backseat passenger trying to distract you from reaching your destination. See if you can choose to keep driving instead of allowing your urges to distract you from where you want to go.,coping,3
R_2PBQT9n6oKAcXSA,Maybe you could use these few minutes to work out whose birthday is next and what message you'll write in their card? Then when it comes you'll have something original and well thought-out to write!,coping,3
R_ThjMPFNDnRudi4F,"Picture the people or things you care deeply about. On a scale of 0-10, how willing are you to let this urge pass for those reasons?",coping,5
R_ThjMPFNDnRudi4F,Don't test yourself needlessly. If this social situation gets uncomfortable then leave briefly if you can. It really helps and it's fine to do it more than once!,coping,5
R_ThjMPFNDnRudi4F,"If you are tempted to smoke by being in this location, see if you can sit with that temptation for 1 minute. When the minute is over, do it again. Soon, it should pass.",coping,5
R_ThjMPFNDnRudi4F,What can you do right now to break the automatic habit of smoking to help you feel better? Pause. Close your eyes. And take 10 slow breaths.,coping,5
R_ThjMPFNDnRudi4F,"Read this rule out loud (if you can): IF someone offers me a cigarette THEN I will say 'no thanks, I don't want one.' Reading out if/then rules has been shown to help people stick with their decisions.",coping,5
R_ThjMPFNDnRudi4F,"Crumple a piece of paper into a ball and imagine it is your urge. Toss the ""urge"" into the garbage or against the wall. By doing this, you are letting go of your urges.",coping,5
R_ThjMPFNDnRudi4F,"When a craving hits, keep your hands busy by doing the dishes or taking out the trash. Small chores will help pass the time during a craving.",coping,5
R_ThjMPFNDnRudi4F,"Practice going 10 minutes without smoking. Think of it just as practice. When the urge passes, reward yourself with a break from work or dinner from your favorite restaurant!",coping,5
R_ThjMPFNDnRudi4F,"If you miss doing something with your hands, try turning a coin or pen over and over with your fingers.",coping,5
R_3Matzl9c3RQUXt4,"Each time you let an urge pass without smoking, you break the old habit a bit more.",coping,3
R_3Matzl9c3RQUXt4,"You don't have to act on this feeling by smoking or doing anything about it. Give it some space, breathe, and see if it changes. Let the urge and feeling be there while you focus on doing something you care about.",coping,3
R_3Matzl9c3RQUXt4,"Think of your anxious mind like a toddler throwing a tantrum. The best way to respond is to quietly watch, but not give in.",coping,5
R_3Matzl9c3RQUXt4,"If you have trouble resisting a craving when other smokers are around, try carrying a water bottle and taking a sip every time you want to ask for a cig.",coping,5
R_3Matzl9c3RQUXt4,Take a deep breath. Focus on today and the things you have accomplished. How many urges have you let pass? Give yourself some credit!,coping,3
R_3Matzl9c3RQUXt4,Imagine walking into a social situation in three months' time as a non-smoker. Now hold that picture and imagine you're that person now. Seeing yourself as a non-smoker now can make it much easier to resist!,coping,4
R_3Matzl9c3RQUXt4,"If you are tempted to smoke by being in this location, see if you can sit with that temptation for 1 minute. When the minute is over, do it again. Soon, it should pass.",coping,4
R_3Matzl9c3RQUXt4,"Just because letting an urge pass isn't easy, doesn't mean that you can't do it. Try it, you might surprise yourself.",coping,5
R_3Matzl9c3RQUXt4,"Some people find it helpful to give a name to their urge. If you're experiencing regular urges, give that feeling a name ('Olga the urge'?), and tell it that you won't give in to it. It may make it easier to live with (e.g. ""ok Olga, I need to be by myself now..."").",coping,5
R_2hJAKbiGgSIIvux,"Ask yourself, ""What do I need right now? Is it really a smoke, or is there something else I need? How can I best take care of myself right now?""",coping,5
R_2hJAKbiGgSIIvux,Notice how stress and anxiety may pull you and make you want to smoke. Just notice this. You can choose to just notice and not smoke.,coping,5
R_2hJAKbiGgSIIvux,Practice staying in this location without smoking. Just notice your urge. Practicing this will weaken this trigger with time. Just think of it as practice.,coping,4
R_3Matzl9c3RQUXt4,Keep picturing yourself getting home later today knowing that you've gained a smoke-free day. It's nearly a reality!,coping,4
R_2hJAKbiGgSIIvux,How you would feel later on if you smoked during this social situation? Now think how good you'll feel for resisting!,coping,4
R_2hJAKbiGgSIIvux,"One way to combat any urges is to keep your mouth busy - some people find that chewing sugar free gum, mints, or even a pen can be a good alternative.",coping,5
R_2hJAKbiGgSIIvux,"If you miss doing something with your hands, try turning a coin or pen over and over with your fingers.",coping,5
R_sjRaT0GEpLySTwl,"Sometimes an urge comes on like a wave. Imagine what it is like to ride the wave as it ebbs and flows. Instead of trying to swim against it, try riding it out until it disappears into the sea.",coping,5
R_2hJAKbiGgSIIvux,"This craving is just an event. A game. It will pass. The game gets easier the more you let your urge pass without smoking. But, it gets harder every time you give in to the urge and smoke.",coping,5
R_2hJAKbiGgSIIvux,"You were often stressed in this location and this might trigger urges. What can you do to reduce your stress here? If you can avoid this place until things settle down, then do.",coping,3
R_2hJAKbiGgSIIvux,"If you have trouble resisting a craving when other smokers are around, try carrying a water bottle and taking a sip every time you want to ask for a cig.",coping,5
R_sjRaT0GEpLySTwl,Take a deep breath and let it out slowly. Notice that you are completely OK for this one breath. Do it again.,coping,5
R_sjRaT0GEpLySTwl,"Read this rule out loud (if you can): IF someone offers me a cigarette THEN I will say 'no thanks, I don't want one.' Reading out if/then rules has been shown to help people stick with their decisions.",coping,5
R_2hJAKbiGgSIIvux,"Notice what is triggering your urge. Have understanding and kindness for yourself for feeling this urge. It isn't easy, but can you choose to let it be there without smoking?",coping,5
R_sjRaT0GEpLySTwl,Now is a good time for BREAKS B=stop and Brake R=Read how your body feels E=Expand and take deep breaths A=Allow everything to be as it is K=Know what's important to you S=take 1 Step in a direction important to you,coping,5
R_sjRaT0GEpLySTwl,Maybe you could use these few minutes to work out whose birthday is next and what message you'll write in their card? Then when it comes you'll have something original and well thought-out to write!,coping,4
R_sjRaT0GEpLySTwl,Notice what it feels like to see other people smoke and choose not to smoke. Notice what thoughts or emotions come up. Allow them to come and go. They will pass and so will this urge.,coping,5
R_sjRaT0GEpLySTwl,"Remind yourself that by staying quit, you'll be freeing yourself from the constant cycle of cigarette, nicotine withdrawal, feeling stressed as a result and wanting another cigarette. Keep going and this will be a thing of the past!",coping,5
R_sjRaT0GEpLySTwl,"Picture the people or things you care deeply about. On a scale of 0-10, how willing are you to let this urge pass for those reasons?",coping,5
R_sjRaT0GEpLySTwl,"Tell yourself, “I am going to quit smoking soon.” Say it out loud. Say to yourself, “I am too strong to continue smoking for the rest of my life.""",coping,5
R_sjRaT0GEpLySTwl,Imagine this urge as just another backseat passenger that hopped in after seeing other people smoke. You are the driver and you still get to call the shots.,coping,5
R_1LG1SlUQdJOQXzg,"Are you willing to let this urge pass for the sake of living a good long time with the people who matter most to you? When you have an urge, think about the people most important to you.",coping,4
R_1LG1SlUQdJOQXzg,"Step back from what is stressful by taking 10 slow breaths. Count them as you go and notice your breath. If you get distracted, keep starting over until you get to 10.",coping,3
R_1LG1SlUQdJOQXzg,Now is a good time for BREAKS B=stop and Brake R=Read how your body feels E=Expand and take deep breaths A=Allow everything to be as it is K=Know what's important to you S=take 1 Step in a direction important to you,coping,1
R_1LG1SlUQdJOQXzg,"If you miss doing something with your hands, try turning a coin or pen over and over with your fingers.",coping,5
R_1LG1SlUQdJOQXzg,Imagine walking into a social situation in three months' time as a non-smoker. Now hold that picture and imagine you're that person now. Seeing yourself as a non-smoker now can make it much easier to resist!,coping,5
R_1LG1SlUQdJOQXzg,"As smokers are usually with you in this location, it's really important that you're not with them when they smoke. Consider avoiding this place if possible until things settle down.",coping,4
R_1LG1SlUQdJOQXzg,"When you are stressed, it is easy to focus on the things that are going wrong. Take a few moments to focus on 5 things that have gone well or that you are thankful for this week.",coping,5
R_1LG1SlUQdJOQXzg,Take a deep breath and let it out slowly. Notice that you are completely OK for this one breath. Do it again.,coping,5
R_1LG1SlUQdJOQXzg,"Imagine your 'you' from next year has come to visit, and guess what? You quit! How good is that?",coping,5
R_2Sc0zN6ZtNhyqgq,"Even though you are stressed, are you willing to sit with this urge until it passes if will help you break this habit?",coping,5
R_2Sc0zN6ZtNhyqgq,"As smokers are usually with you in this location, it's really important that you're not with them when they smoke. Consider avoiding this place if possible until things settle down.",coping,5
R_2Sc0zN6ZtNhyqgq,"Try to stop smoking by setting yourself a rule. For example, ""IF I am tempted, THEN I will chew on some mints"" - make your own rule that will work for you.",coping,5
R_2Sc0zN6ZtNhyqgq,Pause. Notice the feelings you are having without judgement. Let them come and go. Being aware of your feelings means you can make a new choice about how you respond to your urges instead of smoking on autopilot.,coping,5
R_2Sc0zN6ZtNhyqgq,"A funny thing about people is that we tend to believe what we tell ourselves. So make sure that whatever else happens today, tell yourself ""I can, and I will stick to not smoking!""",coping,5
R_2Sc0zN6ZtNhyqgq,"When smoking, it can feel like your hands are for holding a cigarette, your mouth is for smoking the cigarette, and your chest and lungs need to breathe in the smoke. Spend 3 minutes noticing how your hands feel, how your mouth feels, and how your chest feels. The more you practice noticing these things without smoking, the sooner your body will stop being a trigger for you.",coping,4
R_2Sc0zN6ZtNhyqgq,Pause. Notice the feelings you are having without judgement. Let them come and go. Being aware of your feelings means you can make a new choice about how you respond to your urges instead of smoking on autopilot.,coping,5
R_2Sc0zN6ZtNhyqgq,Did you know that just seeing other people smoke activates a part of your brain that is connected with the action of you smoking? This can bring on strong urges to smoke. One simple solution is to avoid seeing others smoke.,coping,5
R_2Sc0zN6ZtNhyqgq,Notice how stress and anxiety may pull you and make you want to smoke. Just notice this. You can choose to just notice and not smoke.,coping,5
R_2Sc0zN6ZtNhyqgq,See what it is like to let the urge pass. You can have an urge and choose not to smoke.,coping,5
R_2Sc0zN6ZtNhyqgq,You cant always control when you will see other people smoking. But you can control how you respond to your urge when you do.,coping,4
R_3j7Brs4OzZYgDDM,Setting small goals when you feel unmotivated is best. Maybe a small goal for now is to breathe deeply for the next 3 minutes instead of smoking.,coping,5
R_3j7Brs4OzZYgDDM,"If you get urges, remind yourself that cigarettes did that to you. If you go back to them, they will keep making you suffer. Now you are breaking free.",coping,5
R_3j7Brs4OzZYgDDM,"When smoking, it can feel like your hands are for holding a cigarette, your mouth is for smoking the cigarette, and your chest and lungs need to breathe in the smoke. Spend 3 minutes noticing how your hands feel, how your mouth feels, and how your chest feels. The more you practice noticing these things without smoking, the sooner your body will stop being a trigger for you.",coping,5
R_3j7Brs4OzZYgDDM,"To keep on track, small changes can really help. For example, keep a list of quit reasons where you used to keep cigarettes, rearrange your living space, or grab some extra pens to fiddle with to keep your hands busy.",coping,5
R_3j7Brs4OzZYgDDM,"If you are tempted to smoke by being in this location, see if you can sit with that temptation for 1 minute. When the minute is over, do it again. Soon, it should pass.",coping,5
R_3j7Brs4OzZYgDDM,Take a deep breath. Focus on today and the things you have accomplished. How many urges have you let pass? Give yourself some credit!,coping,4
R_3j7Brs4OzZYgDDM,"If you find yourself with a few minutes to spare, it can be nice to read back over old messages. It's also a chance to reply to ones that you might have forgotten about!",coping,4
R_3j7Brs4OzZYgDDM,"Think about your hero, or someone you admire. What do you admire about them? Often our heroes are people who struggle and succeed in difficult circumstances. Now's the chance to be your own hero - by not smoking despite the challenges of stress and strong urges!",coping,5
R_OdINEEhkfMxwJB7,Take a deep breath. Focus on today and the things you have accomplished. How many urges have you let pass? Give yourself some credit!,coping,5
R_OdINEEhkfMxwJB7,"Write down why you want to stop smoking to resist a craving. Remember, trying something to beat the urge is always better than doing nothing. Each time you resist a cig, you're one step closer to being tobacco-free.",coping,4
R_OdINEEhkfMxwJB7,"When you begin to crave a cig, concentrate on your reasons for not smoking. Keep a list on your phone and look at it when you feel yourself beginning to falter.",coping,5
R_OdINEEhkfMxwJB7,"Step back from what is stressful by taking 10 slow breaths. Count them as you go and notice your breath. If you get distracted, keep starting over until you get to 10.",coping,5
R_3j7Brs4OzZYgDDM,"Feelings aren't permanent. They are always changing like the weather. Observe the storm that is coming, but don't fight it. Eventually the weather will change.",coping,5
R_OdINEEhkfMxwJB7,"Instead of smoking, take 10 deep, slow breaths and count them. Pay attention to what your breathing feels like. If you lose count, that's okay, just start over at 1 until you get to 10.",coping,5
R_3j7Brs4OzZYgDDM,"If leaving social situations to avoid smokers feels awkward, make sure you have something to do instead - take sugar free mints, lollipops or low fat snacks to chew, or use a stress ball.",coping,5
R_OdINEEhkfMxwJB7,Imagine walking into a social situation in three months' time as a non-smoker. Now hold that picture and imagine you're that person now. Seeing yourself as a non-smoker now can make it much easier to resist!,coping,5
R_OdINEEhkfMxwJB7,"If you find yourself with a few minutes to spare, it can be nice to read back over old messages. It's also a chance to reply to ones that you might have forgotten about!",coping,5
R_OdINEEhkfMxwJB7,"Try to avoid seeing other people smoke. It might sound basic but brain see, brain want! If you can, make life easier and avoid the people you used to smoke with for some time where possible.",coping,5
R_2qque2GwbtMO3RI,"Instead of smoking, think of 3 things from today that you are grateful for. These can be anything, even small things! Now ask yourself, why are you grateful for these things?",coping,4
R_2qque2GwbtMO3RI,"Some places trigger powerful cravings, that is to be expected. Stop and notice where in your body you feel those cravings and remind yourself that cravings typically pass in 1 to 3 minutes",coping,5
R_OdINEEhkfMxwJB7,Did you know that just seeing other people smoke activates a part of your brain that is connected with the action of you smoking? This can bring on strong urges to smoke. One simple solution is to avoid seeing others smoke.,coping,5
R_2qque2GwbtMO3RI,"A funny thing about people is that we tend to believe what we tell ourselves. So make sure that whatever else happens today, tell yourself ""I can, and I will stick to not smoking!""",coping,5
R_2qque2GwbtMO3RI,Did you know that just seeing other people smoke activates a part of your brain that is connected with the action of you smoking? This can bring on strong urges to smoke. One simple solution is to avoid seeing others smoke.,coping,5
R_2qque2GwbtMO3RI,What can you do right now to break the automatic habit of smoking to help you feel better? Pause. Close your eyes. And take 10 slow breaths.,coping,4
R_OdINEEhkfMxwJB7,"It's quite common for people to try and give themselves reasons for having 'just one' when they start working on quitting smoking. If you have these thoughts, let them happen, then picture yourself putting them into a hot-air balloon and watch them float away.",coping,5
R_2qque2GwbtMO3RI,Pause. Notice the feelings you are having without judgement. Let them come and go. Being aware of your feelings means you can make a new choice about how you respond to your urges instead of smoking on autopilot.,coping,5
R_2qque2GwbtMO3RI,"Think of urges as loud construction noises. Sometimes there's nothing you can do except agree that it's annoying. If you fight it, you feel more irritated, right? Let your urge be there until it passes on its own.",coping,5
R_2qque2GwbtMO3RI,Pause. Notice the feelings you are having without judgement. Let them come and go. Being aware of your feelings means you can make a new choice about how you respond to your urges instead of smoking on autopilot.,coping,5
R_2qque2GwbtMO3RI,"Try to avoid seeing other people smoke. It might sound basic but brain see, brain want! If you can, make life easier and avoid the people you used to smoke with for some time where possible.",coping,4
R_2qque2GwbtMO3RI,"Each time you choose to not smoke after seeing someone else light up, you lessen the habit a little more.",coping,4
R_2qque2GwbtMO3RI,"The best way to deal with any urges from being around smokers is to get out of the situation briefly until it goes. Make an excuse, go to the toilet, go get some water, pretend you need to get some phone reception!",coping,5
R_1mI4ds4xsqeSdci,Pause. Notice what triggered you to smoke in the past. Now take one deep breath and remind yourself that you do not need to smoke.,coping,5
R_1mI4ds4xsqeSdci,Pause. Notice what triggered you to smoke in the past. Now take one deep breath and remind yourself that you do not need to smoke.,coping,5
R_1mI4ds4xsqeSdci,"Some people find that having a simple mantra can really help, especially if things feel stressful. Try repeating something simple to yourself like: ""I can do it!"".",coping,3
R_1mI4ds4xsqeSdci,"This craving is just an event. A game. It will pass. The game gets easier the more you let your urge pass without smoking. But, it gets harder every time you give in to the urge and smoke.",coping,5
R_1mI4ds4xsqeSdci,"Instead of smoking, take 10 deep, slow breaths and count them. Pay attention to what your breathing feels like. If you lose count, that's okay, just start over at 1 until you get to 10.",coping,4
R_1mI4ds4xsqeSdci,"The best way to deal with any urges from being around smokers is to get out of the situation briefly until it goes. Make an excuse, go to the toilet, go get some water, pretend you need to get some phone reception!",coping,5
R_1mI4ds4xsqeSdci,"When you begin to crave a cig, concentrate on your reasons for not smoking. Keep a list on your phone and look at it when you feel yourself beginning to falter.",coping,3
R_1mI4ds4xsqeSdci,"Think of urges as loud construction noises. Sometimes there's nothing you can do except agree that it's annoying. If you fight it, you feel more irritated, right? Let your urge be there until it passes on its own.",coping,4
R_01DKDv1e2j40qE9,"Spend 3 minutes noticing how your hands feel, how your mouth feels, and how your chest feels. The more you practice noticing these things without smoking, the sooner this place will stop being a trigger for you.",coping,4
R_1mI4ds4xsqeSdci,"Think about your hero, or someone you admire. What do you admire about them? Often our heroes are people who struggle and succeed in difficult circumstances. Now's the chance to be your own hero - by not smoking despite the challenges of stress and strong urges!",coping,5
R_01DKDv1e2j40qE9,"Remind yourself that by staying quit, you'll be freeing yourself from the constant cycle of cigarette, nicotine withdrawal, feeling stressed as a result and wanting another cigarette. Keep going and this will be a thing of the past!",coping,5
R_01DKDv1e2j40qE9,Notice how stress and anxiety may pull you and make you want to smoke. Just notice this. You can choose to just notice and not smoke.,coping,4
R_1mI4ds4xsqeSdci,Keep picturing yourself getting home later today knowing that you've gained a smoke-free day. It's nearly a reality!,coping,5
R_1mI4ds4xsqeSdci,Take a deep breath and let it out slowly. Notice that you are completely OK for this one breath. Do it again.,coping,4
R_01DKDv1e2j40qE9,"Try to avoid seeing other people smoke. It might sound basic but brain see, brain want! If you can, make life easier and avoid the people you used to smoke with for some time where possible.",coping,5
R_01DKDv1e2j40qE9,"Instead of smoking, use the next two minutes to pay close attention to your senses. Notice what you see, hear, feel, taste, and smell. Urges are just one part of your experience.",coping,5
R_01DKDv1e2j40qE9,Don't test yourself needlessly. If this social situation gets uncomfortable then leave briefly if you can. It really helps and it's fine to do it more than once!,coping,4
R_01DKDv1e2j40qE9,"Think of your anxious mind like a toddler throwing a tantrum. The best way to respond is to quietly watch, but not give in.",coping,5
R_01DKDv1e2j40qE9,Acknowledge your unhelpful thought by writing it down on a piece of paper. Then let it be on it's way by crumpling it up and tossing it in a trash can.,coping,5
R_01DKDv1e2j40qE9,"It can be tricky to be around friends or colleagues who are still smoking. If you're finding it tough, try and think about the things that you are doing well.",coping,4
R_01DKDv1e2j40qE9,"Don't let anyone tell you how you should or shouldn't feel today. You feel how you feel and that's it. If you're happy and grateful then enjoy the moment, if you're angry and frustrated, know that this will pass.",coping,5
R_2Qs1DPL7HxlSFWT,"When smoking, it can feel like your hands are for holding a cigarette, your mouth is for smoking the cigarette, and your chest and lungs need to breathe in the smoke. Spend 3 minutes noticing how your hands feel, how your mouth feels, and how your chest feels. The more you practice noticing these things without smoking, the sooner your body will stop being a trigger for you.",coping,5
R_2Qs1DPL7HxlSFWT,How you would feel later on if you smoked during this social situation? Now think how good you'll feel for resisting!,coping,5
R_2Qs1DPL7HxlSFWT,"Instead of smoking, write a quick note to yourself explaining why ditching cigs is important to you. Carry it with you and read it when you feel like lighting up.",coping,5
R_2Qs1DPL7HxlSFWT,"Even though you are stressed, are you willing to sit with this urge until it passes if will help you break this habit?",coping,3
R_2Qs1DPL7HxlSFWT,"Picture the people or things you care deeply about. On a scale of 0-10, how willing are you to let this urge pass for those reasons?",coping,5
R_2Qs1DPL7HxlSFWT,Urges are like annoying ads. You might see them but you don't have to buy what they're selling.,coping,5
R_2Qs1DPL7HxlSFWT,"Read this rule out loud (if you can): IF someone offers me a cigarette THEN I will say 'no thanks, I don't want one.' Reading out if/then rules has been shown to help people stick with their decisions.",coping,5
R_2Qs1DPL7HxlSFWT,"Ask yourself, ""From 0-10, how willing am I to let this urge pass without smoking?"" Let it pass to be closer to the things that matter most to you.",coping,5
R_2Qs1DPL7HxlSFWT,What can you do right now to break the automatic habit of smoking when you are here? Pause. Close your eyes. And take 10 slow breaths.,coping,4
R_2Qs1DPL7HxlSFWT,Ways of dealing with urges: play a game or an online quiz.,coping,4
R_cZPMSJQ0H2cCJA5,"If you miss doing something with your hands, try turning a coin or pen over and over with your fingers.",coping,3
R_cZPMSJQ0H2cCJA5,"Remind yourself that by staying quit, you'll be freeing yourself from the constant cycle of cigarette, nicotine withdrawal, feeling stressed as a result and wanting another cigarette. Keep going and this will be a thing of the past!",coping,4
R_cZPMSJQ0H2cCJA5,"Instead of lighting up a cigarette, light a scented candle or burn some incense.",coping,1
R_cZPMSJQ0H2cCJA5,What can you do right now to break the automatic habit of smoking when you are here? Pause. Close your eyes. And take 10 slow breaths.,coping,3
R_cZPMSJQ0H2cCJA5,"Don't let anyone tell you how you should or shouldn't feel today. You feel how you feel and that's it. If you're happy and grateful then enjoy the moment, if you're angry and frustrated, know that this will pass.",coping,4
R_cZPMSJQ0H2cCJA5,"When your mind tells you that you will be less stressed after smoking a cigarette, remember that you don't have to listen to that thought. It's just a thought and nothing more.",coping,3
R_1eFc3o9lO4Xcg1L,"When your mind tells you that you will be less stressed after smoking a cigarette, remember that you don't have to listen to that thought. It's just a thought and nothing more.",coping,5
R_1eFc3o9lO4Xcg1L,"Have confidence in knowing that you can have this urge, choose not to smoke, be okay, and choose to do things that matter most to you.",coping,3
R_cZPMSJQ0H2cCJA5,"A funny thing about people is that we tend to believe what we tell ourselves. So make sure that whatever else happens today, tell yourself ""I can, and I will stick to not smoking!""",coping,4
R_1eFc3o9lO4Xcg1L,"Read this rule out loud (if you can): IF someone offers me a cigarette THEN I will say 'no thanks, I don't want one.' Reading out if/then rules has been shown to help people stick with their decisions.",coping,5
R_1eFc3o9lO4Xcg1L,"Think of your anxious mind like a toddler throwing a tantrum. The best way to respond is to quietly watch, but not give in.",coping,1
R_1eFc3o9lO4Xcg1L,"Are you feeling down because you are thinking of smoking? It's really important to be kind to yourself, and to make sure you give yourself praise too!",coping,1
R_1eFc3o9lO4Xcg1L,"You don't have to act on this feeling by smoking or doing anything about it. Give it some space, breathe, and see if it changes. Let the urge and feeling be there while you focus on doing something you care about.",coping,5
R_cZPMSJQ0H2cCJA5,"Notice what is triggering your urge. Have understanding and kindness for yourself for feeling this urge. It isn't easy, but can you choose to let it be there without smoking?",coping,5
R_cZPMSJQ0H2cCJA5,"You don't have to act on this feeling by smoking or doing anything about it. Give it some space, breathe, and see if it changes. Let the urge and feeling be there while you focus on doing something you care about.",coping,4
R_1eFc3o9lO4Xcg1L,"Tell yourself, “I am going to quit smoking soon.” Say it out loud. Say to yourself, “I am too strong to continue smoking for the rest of my life.""",coping,5
R_1eFc3o9lO4Xcg1L,"Instead of smoking, think of 3 things from today that you are grateful for. These can be anything, even small things! Now ask yourself, why are you grateful for these things?",coping,5
R_27pAyfbKynLvuPb,Pause. Notice the feelings you are having without judgement. Let them come and go. Being aware of your feelings means you can make a new choice about how you respond to your urges instead of smoking on autopilot.,coping,3
R_1eFc3o9lO4Xcg1L,Pause and take 5 slow breaths. Pausing just for a moment breaks the automatic habit of reaching for a smoke.,coping,1
R_cZPMSJQ0H2cCJA5,What can you do right now to break the automatic habit of smoking to help you feel better? Pause. Close your eyes. And take 10 slow breaths.,coping,3
R_27pAyfbKynLvuPb,Pause. Notice the feelings you are having without judgement. Let them come and go. Being aware of your feelings means you can make a new choice about how you respond to your urges instead of smoking on autopilot.,coping,3
R_27pAyfbKynLvuPb,"Are you feeling down because you are thinking of smoking? It's really important to be kind to yourself, and to make sure you give yourself praise too!",coping,3
R_27pAyfbKynLvuPb,"Feelings aren't permanent. They are always changing like the weather. Observe the storm that is coming, but don't fight it. Eventually the weather will change.",coping,1
R_27pAyfbKynLvuPb,"If this situation becomes stressful for you, make an excuse to leave for a few minutes. If this doesn't help, it might be better to just leave early.",coping,3
R_27pAyfbKynLvuPb,"Think of your anxious mind like a toddler throwing a tantrum. The best way to respond is to quietly watch, but not give in.",coping,5
R_27pAyfbKynLvuPb,Take a deep breath. Focus on today and the things you have accomplished. How many urges have you let pass? Give yourself some credit!,coping,3
R_27pAyfbKynLvuPb,"When a craving hits, keep your hands busy by doing the dishes or taking out the trash. Small chores will help pass the time during a craving.",coping,5
R_27pAyfbKynLvuPb,"When you notice yourself trapped in stressful thoughts or worry, say out loud, ""I'm noticing that I'm having some worrisome thoughts."" This helps unhook you from your thoughts so you don't stay caught in them.",coping,5
R_27pAyfbKynLvuPb,"Urges can feel like stormy weather. But if you're the sky, you just let that storm come and go on it's own knowing that it won't last forever.",coping,5
R_27pAyfbKynLvuPb,"Urges to smoke usually only last a few minutes. Distract yourself by NOT thinking about giraffes, or leave the situation until it passes.",coping,3
R_22oaTRQmQd44IFl,Take a deep breath and let it out slowly. Notice that you are completely OK for this one breath. Do it again.,coping,3
R_22oaTRQmQd44IFl,Don't test yourself needlessly. If this social situation gets uncomfortable then leave briefly if you can. It really helps and it's fine to do it more than once!,coping,3
R_22oaTRQmQd44IFl,"One way to combat any urges is to keep your mouth busy - some people find that chewing sugar free gum, mints, or even a pen can be a good alternative.",coping,3
R_22oaTRQmQd44IFl,"Just because letting an urge pass isn't easy, doesn't mean that you can't do it. Try it, you might surprise yourself.",coping,4
R_22oaTRQmQd44IFl,"Just because other people are smoking, doesn't mean you have to. Practice allowing this urge to be present for 5 minutes. When it passes, give yourself credit.",coping,3
R_22oaTRQmQd44IFl,"Try to stop smoking by setting yourself a rule. For example, ""IF I am tempted, THEN I will chew on some mints"" - make your own rule that will work for you.",coping,3
R_22oaTRQmQd44IFl,"The best way to deal with any urges from being around smokers is to get out of the situation briefly until it goes. Make an excuse, go to the toilet, go get some water, pretend you need to get some phone reception!",coping,4
R_22oaTRQmQd44IFl,"Life can get you really stressed out, but turning to cigs isn't the answer. Call or text family and friends instead. Ask them to help you stay on track.",coping,4
R_2D5GfkXQvKZhy7R,"Reduce your stress by using your next break to list four things that have gone well so far today. It might feel like a bit of effort, but doing this will help your mind to refocus, and help you to feel calmer.",coping,3
R_2D5GfkXQvKZhy7R,"If you have trouble resisting a craving when other smokers are around, try carrying a water bottle and taking a sip every time you want to ask for a cig.",coping,5
R_2D5GfkXQvKZhy7R,"Add the phrase “I’m having the thought that…” in front of your unhelpful thoughts. For example, “I’m having the thought that I need a cigarette.” Your thoughts are not always true or helpful! They are just thoughts.",coping,3
R_2D5GfkXQvKZhy7R,"Spend 3 minutes noticing how your hands feel, how your mouth feels, and how your chest feels. The more you practice noticing these things without smoking, the sooner this place will stop being a trigger for you.",coping,4
R_2D5GfkXQvKZhy7R,"Sometimes an urge comes on like a wave. Imagine what it is like to ride the wave as it ebbs and flows. Instead of trying to swim against it, try riding it out until it disappears into the sea.",coping,3
R_2D5GfkXQvKZhy7R,"To keep on track, small changes can really help. For example, keep a list of quit reasons where you used to keep cigarettes, rearrange your living space, or grab some extra pens to fiddle with to keep your hands busy.",coping,3
R_22oaTRQmQd44IFl,"If you usually smoke while you talk on the phone, keep a pen and paper nearby to occupy your hands with doodling rather than smoking.",coping,5
R_2D5GfkXQvKZhy7R,"Recent research has found that people who use self-talk when they try not to smoke (e.g. telling yourself 'you can do it') are more successful than people who don't. It might seem a bit strange, but talking to yourself like this appears to really help.",coping,5
R_2D5GfkXQvKZhy7R,Imagine that your urge is a backseat passenger trying to distract you from reaching your destination. See if you can choose to keep driving instead of allowing your urges to distract you from where you want to go.,coping,3
R_2qfu7ht5gDHoJ68,"Try to avoid seeing other people smoke. It might sound basic but brain see, brain want! If you can, make life easier and avoid the people you used to smoke with for some time where possible.",coping,3
R_2D5GfkXQvKZhy7R,"Crumple a piece of paper into a ball and imagine it is your urge. Toss the ""urge"" into the garbage or against the wall. By doing this, you are letting go of your urges.",coping,3
R_2D5GfkXQvKZhy7R,Take a deep breath and let it out slowly. Notice that you are completely OK for this one breath. Do it again.,coping,5
R_2qfu7ht5gDHoJ68,Take a deep breath and let it out slowly. Notice that you are completely OK for this one breath. Do it again.,coping,5
R_2qfu7ht5gDHoJ68,"When your mind tells you that you will be less stressed after smoking a cigarette, remember that you don't have to listen to that thought. It's just a thought and nothing more.",coping,5
R_2qfu7ht5gDHoJ68,"When a craving hits, keep your hands busy by doing the dishes or taking out the trash. Small chores will help pass the time during a craving.",coping,5
R_2qfu7ht5gDHoJ68,"Practice going 10 minutes without smoking. Think of it just as practice. When the urge passes, reward yourself with a break from work or dinner from your favorite restaurant!",coping,4
R_3NJLRjV6sukDhjC,"The best way to deal with any urges from being around smokers is to get out of the situation briefly until it goes. Make an excuse, go to the toilet, go get some water, pretend you need to get some phone reception!",coping,3
R_2qfu7ht5gDHoJ68,Practice staying in this location without smoking. Just notice your urge. Practicing this will weaken this trigger with time. Just think of it as practice.,coping,4
R_2qfu7ht5gDHoJ68,See what it is like to let the urge pass. You can have an urge and choose not to smoke.,coping,5
R_2qfu7ht5gDHoJ68,"If this situation becomes stressful for you, make an excuse to leave for a few minutes. If this doesn't help, it might be better to just leave early.",coping,1
R_2qfu7ht5gDHoJ68,"Are you feeling down because you are thinking of smoking? It's really important to be kind to yourself, and to make sure you give yourself praise too!",coping,5
R_3NJLRjV6sukDhjC,"Even though you are stressed, are you willing to sit with this urge until it passes if will help you break this habit?",coping,3
R_3NJLRjV6sukDhjC,"Instead of lighting up a cigarette, light a scented candle or burn some incense.",coping,3
R_3NJLRjV6sukDhjC,"Have confidence in knowing that you can have this urge, choose not to smoke, be okay, and choose to do things that matter most to you.",coping,5
R_3NJLRjV6sukDhjC,"A funny thing about people is that we tend to believe what we tell ourselves. So make sure that whatever else happens today, tell yourself ""I can, and I will stick to not smoking!""",coping,5
R_3NJLRjV6sukDhjC,You might find that you have more time now that you're trying to cut some cigarettes. Some people find that going for a walk can help fill the gap. Or take a nap if you can!,coping,3
R_3NJLRjV6sukDhjC,Take a deep breath and let it out slowly. Notice that you are completely OK for this one breath. Do it again.,coping,3
R_3NJLRjV6sukDhjC,"Think of your anxious mind like a toddler throwing a tantrum. The best way to respond is to quietly watch, but not give in.",coping,4
R_2qfu7ht5gDHoJ68,"Some people find it helpful to give a name to their urge. If you're experiencing regular urges, give that feeling a name ('Olga the urge'?), and tell it that you won't give in to it. It may make it easier to live with (e.g. ""ok Olga, I need to be by myself now..."").",coping,1
R_3NJLRjV6sukDhjC,"Are you willing to let this urge pass for the sake of living a good long time with the people who matter most to you? When you have an urge, think about the people most important to you.",coping,5
R_3e8jljgMGHnAWTy,"Think about times in the past when you have let urges pass during a stressful moment, and notice what helped make that moment easier.",coping,5
R_3e8jljgMGHnAWTy,"Think about your hero, or someone you admire. What do you admire about them? Often our heroes are people who struggle and succeed in difficult circumstances. Now's the chance to be your own hero - by not smoking despite the challenges of stress and strong urges!",coping,4
R_3e8jljgMGHnAWTy,"Some people find it helpful to give a name to their urge. If you're experiencing regular urges, give that feeling a name ('Olga the urge'?), and tell it that you won't give in to it. It may make it easier to live with (e.g. ""ok Olga, I need to be by myself now..."").",coping,5
R_3NJLRjV6sukDhjC,"Use self-talk to stay motivated and determined. Say, “I don't need a cigarette. I might WANT one, but I don’t NEED it.”",coping,3
R_3e8jljgMGHnAWTy,"If you usually smoke while you talk on the phone, try taking the next call in a place where you can't smoke and focus on the conversation. The urge will pass.",coping,4
R_3e8jljgMGHnAWTy,"If you find yourself thinking: ""I can't do this"", ""I need a cig"", or ""I'll just have one"", make sure you tell yourself ""I absolutely CAN do this"", ""I'm in control"". Take control of your negative thoughts!",coping,5
R_3e8jljgMGHnAWTy,"Try to avoid seeing other people smoke. It might sound basic but brain see, brain want! If you can, make life easier and avoid the people you used to smoke with for some time where possible.",coping,5
R_3e8jljgMGHnAWTy,No need to get rid of these feelings or control them with a smoke. They are not permanent.,coping,4
R_3e8jljgMGHnAWTy,"If you get urges, remind yourself that cigarettes did that to you. If you go back to them, they will keep making you suffer. Now you are breaking free.",coping,4
R_1NyBd9879uhiFyx,"Each time you let an urge pass without smoking, you break the old habit a bit more.",coping,3
R_3e8jljgMGHnAWTy,"Read this rule out loud (if you can): IF someone offers me a cigarette THEN I will say 'no thanks, I don't want one.' Reading out if/then rules has been shown to help people stick with their decisions.",coping,4
R_3e8jljgMGHnAWTy,You might find that you have more time now that you're trying to cut some cigarettes. Some people find that going for a walk can help fill the gap. Or take a nap if you can!,coping,4
R_1NyBd9879uhiFyx,"Seeing other people smoke is a predictable and unavoidable trigger. Take 5 slow, deep breaths and remind yourself that the urge will pass and that you do not need to smoke.",coping,3
R_1NyBd9879uhiFyx,It's normal to have some doubts during a quit attempt. Keep your quit reasons on hand to remind yourself if ever you feel uncertain or undecided.,coping,1
R_1NyBd9879uhiFyx,Notice how stress and anxiety may pull you and make you want to smoke. Just notice this. You can choose to just notice and not smoke.,coping,1
R_1NyBd9879uhiFyx,"Just because letting an urge pass isn't easy, doesn't mean that you can't do it. Try it, you might surprise yourself.",coping,3
R_1NyBd9879uhiFyx,"As smokers are usually with you in this location, it's really important that you're not with them when they smoke. Consider avoiding this place if possible until things settle down.",coping,3
R_1NyBd9879uhiFyx,"Are you feeling down because you are thinking of smoking? It's really important to be kind to yourself, and to make sure you give yourself praise too!",coping,1
R_1NyBd9879uhiFyx,"This craving is just an event. A game. It will pass. The game gets easier the more you let your urge pass without smoking. But, it gets harder every time you give in to the urge and smoke.",coping,3
R_1NyBd9879uhiFyx,"If this situation becomes stressful for you, make an excuse to leave for a few minutes. If this doesn't help, it might be better to just leave early.",coping,3
R_2CCcdZctBtZISqw,"Some people find it helpful to give a name to their urge. If you're experiencing regular urges, give that feeling a name ('Olga the urge'?), and tell it that you won't give in to it. It may make it easier to live with (e.g. ""ok Olga, I need to be by myself now..."").",coping,4
R_2CCcdZctBtZISqw,"Add the phrase “I’m having the thought that…” in front of your unhelpful thoughts. For example, “I’m having the thought that I need a cigarette.” Your thoughts are not always true or helpful! They are just thoughts.",coping,3
R_2CCcdZctBtZISqw,Try chewing gum if you have trouble resisting smoking when other people light up around you.,coping,3
R_2CCcdZctBtZISqw,Urges are like annoying ads. You might see them but you don't have to buy what they're selling.,coping,3
R_2CCcdZctBtZISqw,What inspires you most to quit smoking? Are you willing to let this urge pass without smoking for that reason?,coping,4
R_2CCcdZctBtZISqw,Keep picturing yourself getting home later today knowing that you've gained a smoke-free day. It's nearly a reality!,coping,3
R_2CCcdZctBtZISqw,No need to get rid of these feelings or control them with a smoke. They are not permanent.,coping,3
R_2CCcdZctBtZISqw,"Remind yourself that by staying quit, you'll be freeing yourself from the constant cycle of cigarette, nicotine withdrawal, feeling stressed as a result and wanting another cigarette. Keep going and this will be a thing of the past!",coping,4
R_egP8p0fYmBRXwYx,"Feelings aren't permanent. They are always changing like the weather. Observe the storm that is coming, but don't fight it. Eventually the weather will change.",coping,5
R_egP8p0fYmBRXwYx,"When you notice yourself trapped in stressful thoughts or worry, say out loud, ""I'm noticing that I'm having some worrisome thoughts."" This helps unhook you from your thoughts so you don't stay caught in them.",coping,5
R_egP8p0fYmBRXwYx,"If you find yourself with a few minutes to spare, it can be nice to read back over old messages. It's also a chance to reply to ones that you might have forgotten about!",coping,4
R_egP8p0fYmBRXwYx,"The best way to deal with any urges from being around smokers is to get out of the situation briefly until it goes. Make an excuse, go to the toilet, go get some water, pretend you need to get some phone reception!",coping,5
R_egP8p0fYmBRXwYx,"Are you willing to let this urge pass for the sake of living a good long time with the people who matter most to you? When you have an urge, think about the people most important to you.",coping,5
R_2CCcdZctBtZISqw,"Try to avoid seeing other people smoke. It might sound basic but brain see, brain want! If you can, make life easier and avoid the people you used to smoke with for some time where possible.",coping,4
R_2CCcdZctBtZISqw,"Life can get you really stressed out, but turning to cigs isn't the answer. Call or text family and friends instead. Ask them to help you stay on track.",coping,3
R_egP8p0fYmBRXwYx,Stop! Breathe. What is going on around you? Inside you? Allow everything to be just as it is. Breathe again.,coping,4
R_egP8p0fYmBRXwYx,"A funny thing about people is that we tend to believe what we tell ourselves. So make sure that whatever else happens today, tell yourself ""I can, and I will stick to not smoking!""",coping,5
R_egP8p0fYmBRXwYx,"To help get through a 'risky situation', remind yourself of how far you've come and the effort that you've put in. Don't ruin your hard work - stay strong!",coping,5
R_egP8p0fYmBRXwYx,"If you find yourself thinking: ""I can't do this"", ""I need a cig"", or ""I'll just have one"", make sure you tell yourself ""I absolutely CAN do this"", ""I'm in control"". Take control of your negative thoughts!",coping,5
R_egP8p0fYmBRXwYx,"Imagine your urge is like a talk radio station going on about something you disagree with. Arguing with it doesn't change what they say. Instead, just let them talk while you focus on what's important to you.",coping,5
R_XtWSw8c5Mx7OJTX,"Keep your mind occupied if you get an urge. Do a mental puzzle, make your next shopping list, read a book, write a poem…you might be surprised how well occupying your mind can get rid of urges.",coping,5
R_XtWSw8c5Mx7OJTX,Practice staying in this location without smoking. Just notice your urge. Practicing this will weaken this trigger with time. Just think of it as practice.,coping,5
R_XtWSw8c5Mx7OJTX,You don’t need to get rid of or change your thoughts about smoking—just let them pass by like a cloud in the sky.,coping,5
R_XtWSw8c5Mx7OJTX,"Think about your hero, or someone you admire. What do you admire about them? Often our heroes are people who struggle and succeed in difficult circumstances. Now's the chance to be your own hero - by not smoking despite the challenges of stress and strong urges!",coping,4
R_XtWSw8c5Mx7OJTX,What inspires you most to quit smoking? Are you willing to let this urge pass without smoking for that reason?,coping,3
R_XtWSw8c5Mx7OJTX,"Tell yourself, “I am going to quit smoking soon.” Say it out loud. Say to yourself, “I am too strong to continue smoking for the rest of my life.""",coping,5
R_XtWSw8c5Mx7OJTX,"Picture the people or things you care deeply about. On a scale of 0-10, how willing are you to let this urge pass for those reasons?",coping,5
R_XtWSw8c5Mx7OJTX,"Imagine your urge is like a talk radio station going on about something you disagree with. Arguing with it doesn't change what they say. Instead, just let them talk while you focus on what's important to you.",coping,5
R_1CHf8El9WmqE3l2,"It's quite common for people to try and give themselves reasons for having 'just one' when they start working on quitting smoking. If you have these thoughts, let them happen, then picture yourself putting them into a hot-air balloon and watch them float away.",coping,1
R_XtWSw8c5Mx7OJTX,"Ask yourself, ""What do I need right now? Is it really a smoke, or is there something else I need? How can I best take care of myself right now?""",coping,5
R_XtWSw8c5Mx7OJTX,You cant always control when you will see other people smoking. But you can control how you respond to your urge when you do.,coping,5
R_1CHf8El9WmqE3l2,"Imagine your 'you' from next year has come to visit, and guess what? You quit! How good is that?",coping,3
R_1CHf8El9WmqE3l2,How you would feel later on if you smoked during this social situation? Now think how good you'll feel for resisting!,coping,5
R_1CHf8El9WmqE3l2,Take a deep breath and let it out slowly. Notice that you are completely OK for this one breath. Do it again.,coping,1
R_1CHf8El9WmqE3l2,Imagine walking into a social situation in three months' time as a non-smoker. Now hold that picture and imagine you're that person now. Seeing yourself as a non-smoker now can make it much easier to resist!,coping,5
R_1CHf8El9WmqE3l2,"When you begin to crave a cig, concentrate on your reasons for not smoking. Keep a list on your phone and look at it when you feel yourself beginning to falter.",coping,5
R_1CHf8El9WmqE3l2,"You don't have to act on this feeling by smoking or doing anything about it. Give it some space, breathe, and see if it changes. Let the urge and feeling be there while you focus on doing something you care about.",coping,3
R_1K42Ti9DFVWU3di,"As smokers are usually with you in this location, it's really important that you're not with them when they smoke. Consider avoiding this place if possible until things settle down.",coping,2
R_1CHf8El9WmqE3l2,"The best way to deal with any urges from being around smokers is to get out of the situation briefly until it goes. Make an excuse, go to the toilet, go get some water, pretend you need to get some phone reception!",coping,5
R_1CHf8El9WmqE3l2,"Crumple a piece of paper into a ball and imagine it is your urge. Toss the ""urge"" into the garbage or against the wall. By doing this, you are letting go of your urges.",coping,1
R_1K42Ti9DFVWU3di,"Each time you let an urge pass without smoking, you break the old habit a bit more.",coping,4
R_1CHf8El9WmqE3l2,Stop and take 3 deep breaths. Then decide if you really want to smoke right now or not. Pausing for a few breaths can help lessen the habit.,coping,1
R_1K42Ti9DFVWU3di,"When smoking, it can feel like your hands are for holding a cigarette, your mouth is for smoking the cigarette, and your chest and lungs need to breathe in the smoke. Spend 3 minutes noticing how your hands feel, how your mouth feels, and how your chest feels. The more you practice noticing these things without smoking, the sooner your body will stop being a trigger for you.",coping,3
R_1K42Ti9DFVWU3di,"You were often stressed in this location and this might trigger urges. What can you do to reduce your stress here? If you can avoid this place until things settle down, then do.",coping,4
R_1K42Ti9DFVWU3di,"Crumple a piece of paper into a ball and imagine it is your urge. Toss the ""urge"" into the garbage or against the wall. By doing this, you are letting go of your urges.",coping,3
R_1K42Ti9DFVWU3di,"Whenever you think about smoking, listen to your favorite song and sing it out loud!",coping,5
R_1K42Ti9DFVWU3di,Take a minute to notice what the urge feels like in your body without smoking a cigarette. Notice what is going on. See what happens. Does the urge pass?,coping,4
R_1K42Ti9DFVWU3di,"Instead of smoking, use the next two minutes to pay close attention to your senses. Notice what you see, hear, feel, taste, and smell. Urges are just one part of your experience.",coping,5
R_1K42Ti9DFVWU3di,"When you notice yourself trapped in stressful thoughts or worry, say out loud, ""I'm noticing that I'm having some worrisome thoughts."" This helps unhook you from your thoughts so you don't stay caught in them.",coping,3
R_3ltdTCyEKIzUnHq,"Urges to smoke usually only last a few minutes. Distract yourself by NOT thinking about giraffes, or leave the situation until it passes.",coping,3
R_3ltdTCyEKIzUnHq,"To keep on track, small changes can really help. For example, keep a list of quit reasons where you used to keep cigarettes, rearrange your living space, or grab some extra pens to fiddle with to keep your hands busy.",coping,5
R_3ltdTCyEKIzUnHq,"Try to avoid seeing other people smoke. It might sound basic but brain see, brain want! If you can, make life easier and avoid the people you used to smoke with for some time where possible.",coping,4
R_1K42Ti9DFVWU3di,"When you begin to crave a cig, concentrate on your reasons for not smoking. Keep a list on your phone and look at it when you feel yourself beginning to falter.",coping,5
R_3ltdTCyEKIzUnHq,"If you usually smoke while you talk on the phone, keep a pen and paper nearby to occupy your hands with doodling rather than smoking.",coping,5
R_3ltdTCyEKIzUnHq,"One way to combat any urges is to keep your mouth busy - some people find that chewing sugar free gum, mints, or even a pen can be a good alternative.",coping,3
R_3ltdTCyEKIzUnHq,"Some places trigger powerful cravings, that is to be expected. Stop and notice where in your body you feel those cravings and remind yourself that cravings typically pass in 1 to 3 minutes",coping,4
R_3ltdTCyEKIzUnHq,"When you begin to crave a cig, concentrate on your reasons for not smoking. Keep a list on your phone and look at it when you feel yourself beginning to falter.",coping,3
R_3ltdTCyEKIzUnHq,"Are you willing to let this urge pass for the sake of living a good long time with the people who matter most to you? When you have an urge, think about the people most important to you.",coping,3
R_3ltdTCyEKIzUnHq,"Keep your mind occupied if you get an urge. Do a mental puzzle, make your next shopping list, read a book, write a poem…you might be surprised how well occupying your mind can get rid of urges.",coping,5
R_3ltdTCyEKIzUnHq,"Seeing other people smoke is a predictable and unavoidable trigger. Take 5 slow, deep breaths and remind yourself that the urge will pass and that you do not need to smoke.",coping,4
R_2f2nPA3eDsUQlKb,"Try to avoid seeing other people smoke. It might sound basic but brain see, brain want! If you can, make life easier and avoid the people you used to smoke with for some time where possible.",coping,3
R_2f2nPA3eDsUQlKb,Craving a cig? Plan a fun activity you can do when you get home as a reward for not smoking.,coping,5
R_2f2nPA3eDsUQlKb,"Think about times in the past when you have let urges pass during a stressful moment, and notice what helped make that moment easier.",coping,5
R_2f2nPA3eDsUQlKb,"Instead of lighting up a cigarette, light a scented candle or burn some incense.",coping,5
R_2f2nPA3eDsUQlKb,What inspires you most to quit smoking? Are you willing to let this urge pass without smoking for that reason?,coping,5
R_2f2nPA3eDsUQlKb,You cant always control when you will see other people smoking. But you can control how you respond to your urge when you do.,coping,3
R_2f2nPA3eDsUQlKb,Maybe you could use these few minutes to work out whose birthday is next and what message you'll write in their card? Then when it comes you'll have something original and well thought-out to write!,coping,3
R_2f2nPA3eDsUQlKb,"Write down why you want to stop smoking to resist a craving. Remember, trying something to beat the urge is always better than doing nothing. Each time you resist a cig, you're one step closer to being tobacco-free.",coping,5
R_2wGNF35bI9iFZIx,"Think about what is really important to you. Maybe it's spending time with family or a friend, exercising, doing something spiritual, or creating something. Whatever it is, take a step in that direction.",coping,1
R_2f2nPA3eDsUQlKb,What can you do right now to break the automatic habit of smoking when you are here? Pause. Close your eyes. And take 10 slow breaths.,coping,5
R_2wGNF35bI9iFZIx,"One way to combat any urges is to keep your mouth busy - some people find that chewing sugar free gum, mints, or even a pen can be a good alternative.",coping,5
R_2f2nPA3eDsUQlKb,"You don't have to act on this feeling by smoking or doing anything about it. Give it some space, breathe, and see if it changes. Let the urge and feeling be there while you focus on doing something you care about.",coping,5
R_2wGNF35bI9iFZIx,"Tell yourself, “I am going to quit smoking soon.” Say it out loud. Say to yourself, “I am too strong to continue smoking for the rest of my life.""",coping,1
R_2wGNF35bI9iFZIx,You might find that you have more time now that you're trying to cut some cigarettes. Some people find that going for a walk can help fill the gap. Or take a nap if you can!,coping,2
R_2wGNF35bI9iFZIx,You cant always control when you will see other people smoking. But you can control how you respond to your urge when you do.,coping,3
R_2wGNF35bI9iFZIx,"It can be tricky to be around friends or colleagues who are still smoking. If you're finding it tough, try and think about the things that you are doing well.",coping,1
R_2wGNF35bI9iFZIx,"Imagine your urge is like a talk radio station going on about something you disagree with. Arguing with it doesn't change what they say. Instead, just let them talk while you focus on what's important to you.",coping,1
R_2wGNF35bI9iFZIx,"Are you feeling down because you are thinking of smoking? It's really important to be kind to yourself, and to make sure you give yourself praise too!",coping,1
R_2wGNF35bI9iFZIx,Don't test yourself needlessly. If this social situation gets uncomfortable then leave briefly if you can. It really helps and it's fine to do it more than once!,coping,3
R_ymcaGl7POG3cDdL,What can you do right now to break the automatic habit of smoking to help you feel better? Pause. Close your eyes. And take 10 slow breaths.,coping,1
R_2wGNF35bI9iFZIx,Think about a happy memory to ease the difficulty of your urge. Is there something you have been wanting to do for a while that you know you would enjoy? Reading? Walking? Calling a friend? Doing a puzzle? Do something that matters to you instead of smoking.,coping,1
R_ymcaGl7POG3cDdL,"Life can get you really stressed out, but turning to cigs isn't the answer. Call or text family and friends instead. Ask them to help you stay on track.",coping,2
R_ymcaGl7POG3cDdL,"When smoking, it can feel like your hands are for holding a cigarette, your mouth is for smoking the cigarette, and your chest and lungs need to breathe in the smoke. Spend 3 minutes noticing how your hands feel, how your mouth feels, and how your chest feels. The more you practice noticing these things without smoking, the sooner your body will stop being a trigger for you.",coping,4
R_ymcaGl7POG3cDdL,"Think of urges as loud construction noises. Sometimes there's nothing you can do except agree that it's annoying. If you fight it, you feel more irritated, right? Let your urge be there until it passes on its own.",coping,5
R_ymcaGl7POG3cDdL,"You spent a long time training your brain to want a cig. Now you're retraining your brain, and it's natural that this might take time.",coping,3
R_ymcaGl7POG3cDdL,"Ask yourself, ""What do I need right now? Is it really a smoke, or is there something else I need? How can I best take care of myself right now?""",coping,3
R_3RgXfJmoKNcXlYA,Pause. Notice what triggered you to smoke in the past. Now take one deep breath and remind yourself that you do not need to smoke.,coping,3
R_ymcaGl7POG3cDdL,"Some people find it helpful to give a name to their urge. If you're experiencing regular urges, give that feeling a name ('Olga the urge'?), and tell it that you won't give in to it. It may make it easier to live with (e.g. ""ok Olga, I need to be by myself now..."").",coping,4
R_3RgXfJmoKNcXlYA,How you would feel later on if you smoked during this social situation? Now think how good you'll feel for resisting!,coping,4
R_ymcaGl7POG3cDdL,"It's quite common for people to try and give themselves reasons for having 'just one' when they start working on quitting smoking. If you have these thoughts, let them happen, then picture yourself putting them into a hot-air balloon and watch them float away.",coping,3
R_3RgXfJmoKNcXlYA,Pause. Notice what triggered you to smoke in the past. Now take one deep breath and remind yourself that you do not need to smoke.,coping,3
R_ymcaGl7POG3cDdL,"Take a slow, deep breath in. And let it out. Now, ask yourself, ""Am I willing to go one minute without smoking?"" When that minute is over, ask yourself this question again.",coping,3
R_3RgXfJmoKNcXlYA,Imagine that your urge is a backseat passenger trying to distract you from reaching your destination. See if you can choose to keep driving instead of allowing your urges to distract you from where you want to go.,coping,3
R_3RgXfJmoKNcXlYA,"Instead of smoking, think of 3 things from today that you are grateful for. These can be anything, even small things! Now ask yourself, why are you grateful for these things?",coping,3
R_3RgXfJmoKNcXlYA,"Urges to smoke usually only last a few minutes. Distract yourself by NOT thinking about giraffes, or leave the situation until it passes.",coping,3
R_3RgXfJmoKNcXlYA,Setting small goals when you feel unmotivated is best. Maybe a small goal for now is to breathe deeply for the next 3 minutes instead of smoking.,coping,3
R_3RgXfJmoKNcXlYA,"When you notice yourself trapped in stressful thoughts or worry, say out loud, ""I'm noticing that I'm having some worrisome thoughts."" This helps unhook you from your thoughts so you don't stay caught in them.",coping,3
R_3RgXfJmoKNcXlYA,"Add the phrase “I’m having the thought that…” in front of your unhelpful thoughts. For example, “I’m having the thought that I need a cigarette.” Your thoughts are not always true or helpful! They are just thoughts.",coping,4
R_3RgXfJmoKNcXlYA,"You were often stressed in this location and this might trigger urges. What can you do to reduce your stress here? If you can avoid this place until things settle down, then do.",coping,3
R_3RgXfJmoKNcXlYA,"Don't let anyone tell you how you should or shouldn't feel today. You feel how you feel and that's it. If you're happy and grateful then enjoy the moment, if you're angry and frustrated, know that this will pass.",coping,4
R_3sB4F7dfT1MpVPK,"Think of urges as loud construction noises. Sometimes there's nothing you can do except agree that it's annoying. If you fight it, you feel more irritated, right? Let your urge be there until it passes on its own.",coping,1
R_3sB4F7dfT1MpVPK,Pause and take 5 slow breaths. Pausing just for a moment breaks the automatic habit of reaching for a smoke.,coping,5
R_3sB4F7dfT1MpVPK,"When running a marathon, the hardest part is often towards the end, but many runners stick with it, knowing that the pain will pass. Learning to quit smoking is like running a marathon - if it gets hard, you may be closer to succeeding than you realize!",coping,5
R_3sB4F7dfT1MpVPK,"Imagine your 'you' from next year has come to visit, and guess what? You quit! How good is that?",coping,1
R_3sB4F7dfT1MpVPK,Notice how stress and anxiety may pull you and make you want to smoke. Just notice this. You can choose to just notice and not smoke.,coping,2
R_3sB4F7dfT1MpVPK,"Think of your anxious mind like a toddler throwing a tantrum. The best way to respond is to quietly watch, but not give in.",coping,3
R_3sB4F7dfT1MpVPK,"Use self-talk to stay motivated and determined. Say, “I don't need a cigarette. I might WANT one, but I don’t NEED it.”",coping,5
R_3oMlHDYNS7qjrv0,"Instead of lighting up a cigarette, light a scented candle or burn some incense.",coping,2
R_3sB4F7dfT1MpVPK,Ways of dealing with urges: play a game or an online quiz.,coping,5
R_3oMlHDYNS7qjrv0,Ways of dealing with urges: play a game or an online quiz.,coping,2
R_3sB4F7dfT1MpVPK,"When you begin to crave a cig, concentrate on your reasons for not smoking. Keep a list on your phone and look at it when you feel yourself beginning to falter.",coping,5
R_3sB4F7dfT1MpVPK,"Keep your mind occupied if you get an urge. Do a mental puzzle, make your next shopping list, read a book, write a poem…you might be surprised how well occupying your mind can get rid of urges.",coping,5
R_3oMlHDYNS7qjrv0,"If you miss doing something with your hands, try turning a coin or pen over and over with your fingers.",coping,1
R_3oMlHDYNS7qjrv0,"Each time you let an urge pass without smoking, you break the old habit a bit more.",coping,5
R_3oMlHDYNS7qjrv0,"If you get any urges tonight, why not confront them head on? Ask the urge - what's it going to give you? It's not going to make you richer, or better looking, and it's not going to leave you if you give in either!",coping,4
R_3oMlHDYNS7qjrv0,"You don't have to act on this feeling by smoking or doing anything about it. Give it some space, breathe, and see if it changes. Let the urge and feeling be there while you focus on doing something you care about.",coping,5
R_31yAQ1GCGjcYECK,"Some places trigger powerful cravings, that is to be expected. Stop and notice where in your body you feel those cravings and remind yourself that cravings typically pass in 1 to 3 minutes",coping,5
R_3oMlHDYNS7qjrv0,"The best way to deal with any urges from being around smokers is to get out of the situation briefly until it goes. Make an excuse, go to the toilet, go get some water, pretend you need to get some phone reception!",coping,5
R_3oMlHDYNS7qjrv0,Craving a cig? Plan a fun activity you can do when you get home as a reward for not smoking.,coping,5
R_3oMlHDYNS7qjrv0,Now is a good time for BREAKS B=stop and Brake R=Read how your body feels E=Expand and take deep breaths A=Allow everything to be as it is K=Know what's important to you S=take 1 Step in a direction important to you,coping,4
R_3oMlHDYNS7qjrv0,What inspires you most to quit smoking? Are you willing to let this urge pass without smoking for that reason?,coping,3
R_31yAQ1GCGjcYECK,"It's quite common for people to try and give themselves reasons for having 'just one' when they start working on quitting smoking. If you have these thoughts, let them happen, then picture yourself putting them into a hot-air balloon and watch them float away.",coping,5
R_31yAQ1GCGjcYECK,"You spent a long time training your brain to want a cig. Now you're retraining your brain, and it's natural that this might take time.",coping,5
R_31yAQ1GCGjcYECK,"One way to combat any urges is to keep your mouth busy - some people find that chewing sugar free gum, mints, or even a pen can be a good alternative.",coping,5
R_31yAQ1GCGjcYECK,"Urges can feel like stormy weather. But if you're the sky, you just let that storm come and go on it's own knowing that it won't last forever.",coping,5
R_31yAQ1GCGjcYECK,"If you find yourself thinking: ""I can't do this"", ""I need a cig"", or ""I'll just have one"", make sure you tell yourself ""I absolutely CAN do this"", ""I'm in control"". Take control of your negative thoughts!",coping,5
R_31yAQ1GCGjcYECK,"To keep on track, small changes can really help. For example, keep a list of quit reasons where you used to keep cigarettes, rearrange your living space, or grab some extra pens to fiddle with to keep your hands busy.",coping,5
R_31yAQ1GCGjcYECK,Imagine walking into a social situation in three months' time as a non-smoker. Now hold that picture and imagine you're that person now. Seeing yourself as a non-smoker now can make it much easier to resist!,coping,5
R_31yAQ1GCGjcYECK,"Think of your anxious mind like a toddler throwing a tantrum. The best way to respond is to quietly watch, but not give in.",coping,5
R_31yAQ1GCGjcYECK,"Add the phrase “I’m having the thought that…” in front of your unhelpful thoughts. For example, “I’m having the thought that I need a cigarette.” Your thoughts are not always true or helpful! They are just thoughts.",coping,5
R_2xCWMKetnQTbHhS,"Spend 3 minutes noticing how your hands feel, how your mouth feels, and how your chest feels. The more you practice noticing these things without smoking, the sooner this place will stop being a trigger for you.",coping,3
R_2xCWMKetnQTbHhS,"Recent research has found that people who use self-talk when they try not to smoke (e.g. telling yourself 'you can do it') are more successful than people who don't. It might seem a bit strange, but talking to yourself like this appears to really help.",coping,3
R_2xCWMKetnQTbHhS,"Stress is temporary. It comes and goes like passing clouds in the sky. When stress demands you to light up, remember you can let it pass by without smoking.",coping,5
R_2xCWMKetnQTbHhS,"If you're stuck at home and physical activity doesn't interest you, try gaming, needlework, drawing, or journaling.",coping,4
R_2xCWMKetnQTbHhS,Maybe you could use these few minutes to work out whose birthday is next and what message you'll write in their card? Then when it comes you'll have something original and well thought-out to write!,coping,1
R_2xCWMKetnQTbHhS,"To keep on track, small changes can really help. For example, keep a list of quit reasons where you used to keep cigarettes, rearrange your living space, or grab some extra pens to fiddle with to keep your hands busy.",coping,5
R_2xCWMKetnQTbHhS,"Have confidence in knowing that you can have this urge, choose not to smoke, be okay, and choose to do things that matter most to you.",coping,4
R_2xCWMKetnQTbHhS,"Just because letting an urge pass isn't easy, doesn't mean that you can't do it. Try it, you might surprise yourself.",coping,3
R_2xCWMKetnQTbHhS,Think about a happy memory to ease the difficulty of your urge. Is there something you have been wanting to do for a while that you know you would enjoy? Reading? Walking? Calling a friend? Doing a puzzle? Do something that matters to you instead of smoking.,coping,5
R_2xCWMKetnQTbHhS,"Urges can feel like stormy weather. But if you're the sky, you just let that storm come and go on it's own knowing that it won't last forever.",coping,5
R_3p3HtZSt7tVTDzF,"Just because other people are smoking, doesn't mean you have to. Practice allowing this urge to be present for 5 minutes. When it passes, give yourself credit.",coping,1
R_3p3HtZSt7tVTDzF,"Ask yourself, ""What do I need right now? Is it really a smoke, or is there something else I need? How can I best take care of myself right now?""",coping,5
R_3p3HtZSt7tVTDzF,"The best way to deal with any urges from being around smokers is to get out of the situation briefly until it goes. Make an excuse, go to the toilet, go get some water, pretend you need to get some phone reception!",coping,3
R_3p3HtZSt7tVTDzF,"If you find yourself thinking: ""I can't do this"", ""I need a cig"", or ""I'll just have one"", make sure you tell yourself ""I absolutely CAN do this"", ""I'm in control"". Take control of your negative thoughts!",coping,5
R_3p3HtZSt7tVTDzF,"Just because letting an urge pass isn't easy, doesn't mean that you can't do it. Try it, you might surprise yourself.",coping,2
R_3p3HtZSt7tVTDzF,Notice what it feels like to see other people smoke and choose not to smoke. Notice what thoughts or emotions come up. Allow them to come and go. They will pass and so will this urge.,coping,3
R_3p3HtZSt7tVTDzF,"If this situation becomes stressful for you, make an excuse to leave for a few minutes. If this doesn't help, it might be better to just leave early.",coping,1
R_3p3HtZSt7tVTDzF,"Life can get you really stressed out, but turning to cigs isn't the answer. Call or text family and friends instead. Ask them to help you stay on track.",coping,1
R_3p3HtZSt7tVTDzF,Did you know that just seeing other people smoke activates a part of your brain that is connected with the action of you smoking? This can bring on strong urges to smoke. One simple solution is to avoid seeing others smoke.,coping,5
R_1P0oczpTJACNgTu,"To keep on track, small changes can really help. For example, keep a list of quit reasons where you used to keep cigarettes, rearrange your living space, or grab some extra pens to fiddle with to keep your hands busy.",quitting,1
R_3p3HtZSt7tVTDzF,"Instead of lighting up a cigarette, light a scented candle or burn some incense.",coping,3
R_1P0oczpTJACNgTu,"Instead of smoking, keep your fingers busy by scrolling through your phone.",quitting,3
R_1P0oczpTJACNgTu,"Instead of smoking, write a quick note to yourself explaining why ditching cigs is important to you. Carry it with you and read it when you feel like lighting up.",quitting,3
R_1P0oczpTJACNgTu,"Crumple a piece of paper into a ball and imagine it is your urge. Toss the ""urge"" into the garbage or against the wall. By doing this, you are letting go of your urges.",quitting,1
R_1P0oczpTJACNgTu,"If you get any urges tonight, why not confront them head on? Ask the urge - what's it going to give you? It's not going to make you richer, or better looking, and it's not going to leave you if you give in either!",quitting,2
R_1P0oczpTJACNgTu,Setting small goals when you feel unmotivated is best. Maybe a small goal for now is to breathe deeply for the next 3 minutes instead of smoking.,quitting,4
R_1P0oczpTJACNgTu,No need to get rid of these feelings or control them with a smoke. They are not permanent.,quitting,1
R_1P0oczpTJACNgTu,Pause. Notice the feelings you are having without judgement. Let them come and go. Being aware of your feelings means you can make a new choice about how you respond to your urges instead of smoking on autopilot.,quitting,1
R_2PBQT9n6oKAcXSA,Notice how stress and anxiety may pull you and make you want to smoke. Just notice this. You can choose to just notice and not smoke.,quitting,5
R_1P0oczpTJACNgTu,"Tell yourself, “I am going to quit smoking soon.” Say it out loud. Say to yourself, “I am too strong to continue smoking for the rest of my life.""",quitting,4
R_1P0oczpTJACNgTu,Pause. Notice the feelings you are having without judgement. Let them come and go. Being aware of your feelings means you can make a new choice about how you respond to your urges instead of smoking on autopilot.,quitting,1
R_1P0oczpTJACNgTu,"When smoking, it can feel like your hands are for holding a cigarette, your mouth is for smoking the cigarette, and your chest and lungs need to breathe in the smoke. Spend 3 minutes noticing how your hands feel, how your mouth feels, and how your chest feels. The more you practice noticing these things without smoking, the sooner your body will stop being a trigger for you.",quitting,5
R_2PBQT9n6oKAcXSA,"If you get any urges tonight, why not confront them head on? Ask the urge - what's it going to give you? It's not going to make you richer, or better looking, and it's not going to leave you if you give in either!",quitting,5
R_2PBQT9n6oKAcXSA,"Reduce your stress by using your next break to list four things that have gone well so far today. It might feel like a bit of effort, but doing this will help your mind to refocus, and help you to feel calmer.",quitting,4
R_2PBQT9n6oKAcXSA,"If you have trouble resisting a craving when other smokers are around, try carrying a water bottle and taking a sip every time you want to ask for a cig.",quitting,4
R_2PBQT9n6oKAcXSA,"Urges to smoke usually only last a few minutes. Distract yourself by NOT thinking about giraffes, or leave the situation until it passes.",quitting,3
R_2PBQT9n6oKAcXSA,"If you're stuck at home and physical activity doesn't interest you, try gaming, needlework, drawing, or journaling.",quitting,4
R_2PBQT9n6oKAcXSA,Maybe you could use these few minutes to work out whose birthday is next and what message you'll write in their card? Then when it comes you'll have something original and well thought-out to write!,quitting,3
R_2PBQT9n6oKAcXSA,Imagine that your urge is a backseat passenger trying to distract you from reaching your destination. See if you can choose to keep driving instead of allowing your urges to distract you from where you want to go.,quitting,5
R_2PBQT9n6oKAcXSA,"A funny thing about people is that we tend to believe what we tell ourselves. So make sure that whatever else happens today, tell yourself ""I can, and I will stick to not smoking!""",quitting,5
R_ThjMPFNDnRudi4F,"Seeing other people smoke is a predictable and unavoidable trigger. Take 5 slow, deep breaths and remind yourself that the urge will pass and that you do not need to smoke.",quitting,5
R_ThjMPFNDnRudi4F,"Picture the people or things you care deeply about. On a scale of 0-10, how willing are you to let this urge pass for those reasons?",quitting,5
R_ThjMPFNDnRudi4F,Don't test yourself needlessly. If this social situation gets uncomfortable then leave briefly if you can. It really helps and it's fine to do it more than once!,quitting,5
R_2PBQT9n6oKAcXSA,"If you miss doing something with your hands, try turning a coin or pen over and over with your fingers.",quitting,4
R_ThjMPFNDnRudi4F,"Read this rule out loud (if you can): IF someone offers me a cigarette THEN I will say 'no thanks, I don't want one.' Reading out if/then rules has been shown to help people stick with their decisions.",quitting,5
R_ThjMPFNDnRudi4F,What can you do right now to break the automatic habit of smoking to help you feel better? Pause. Close your eyes. And take 10 slow breaths.,quitting,5
R_ThjMPFNDnRudi4F,"If you are tempted to smoke by being in this location, see if you can sit with that temptation for 1 minute. When the minute is over, do it again. Soon, it should pass.",quitting,5
R_ThjMPFNDnRudi4F,"If you miss doing something with your hands, try turning a coin or pen over and over with your fingers.",quitting,5
R_3Matzl9c3RQUXt4,Keep picturing yourself getting home later today knowing that you've gained a smoke-free day. It's nearly a reality!,quitting,4
R_ThjMPFNDnRudi4F,"When a craving hits, keep your hands busy by doing the dishes or taking out the trash. Small chores will help pass the time during a craving.",quitting,5
R_3Matzl9c3RQUXt4,"Each time you let an urge pass without smoking, you break the old habit a bit more.",quitting,3
R_3Matzl9c3RQUXt4,"Think of your anxious mind like a toddler throwing a tantrum. The best way to respond is to quietly watch, but not give in.",quitting,4
R_3Matzl9c3RQUXt4,"You don't have to act on this feeling by smoking or doing anything about it. Give it some space, breathe, and see if it changes. Let the urge and feeling be there while you focus on doing something you care about.",quitting,3
R_ThjMPFNDnRudi4F,"Crumple a piece of paper into a ball and imagine it is your urge. Toss the ""urge"" into the garbage or against the wall. By doing this, you are letting go of your urges.",quitting,5
R_3Matzl9c3RQUXt4,"Just because letting an urge pass isn't easy, doesn't mean that you can't do it. Try it, you might surprise yourself.",quitting,5
R_ThjMPFNDnRudi4F,"Practice going 10 minutes without smoking. Think of it just as practice. When the urge passes, reward yourself with a break from work or dinner from your favorite restaurant!",quitting,5
R_3Matzl9c3RQUXt4,Take a deep breath. Focus on today and the things you have accomplished. How many urges have you let pass? Give yourself some credit!,quitting,3
R_3Matzl9c3RQUXt4,"If you have trouble resisting a craving when other smokers are around, try carrying a water bottle and taking a sip every time you want to ask for a cig.",quitting,5
R_3Matzl9c3RQUXt4,"If you are tempted to smoke by being in this location, see if you can sit with that temptation for 1 minute. When the minute is over, do it again. Soon, it should pass.",quitting,4
R_3Matzl9c3RQUXt4,"Some people find it helpful to give a name to their urge. If you're experiencing regular urges, give that feeling a name ('Olga the urge'?), and tell it that you won't give in to it. It may make it easier to live with (e.g. ""ok Olga, I need to be by myself now..."").",quitting,5
R_3Matzl9c3RQUXt4,Imagine walking into a social situation in three months' time as a non-smoker. Now hold that picture and imagine you're that person now. Seeing yourself as a non-smoker now can make it much easier to resist!,quitting,4
R_2hJAKbiGgSIIvux,Practice staying in this location without smoking. Just notice your urge. Practicing this will weaken this trigger with time. Just think of it as practice.,quitting,5
R_2hJAKbiGgSIIvux,"Ask yourself, ""What do I need right now? Is it really a smoke, or is there something else I need? How can I best take care of myself right now?""",quitting,5
R_2hJAKbiGgSIIvux,How you would feel later on if you smoked during this social situation? Now think how good you'll feel for resisting!,quitting,5
R_2hJAKbiGgSIIvux,"If you miss doing something with your hands, try turning a coin or pen over and over with your fingers.",quitting,4
R_2hJAKbiGgSIIvux,Notice how stress and anxiety may pull you and make you want to smoke. Just notice this. You can choose to just notice and not smoke.,quitting,5
R_2hJAKbiGgSIIvux,"One way to combat any urges is to keep your mouth busy - some people find that chewing sugar free gum, mints, or even a pen can be a good alternative.",quitting,5
R_sjRaT0GEpLySTwl,"Sometimes an urge comes on like a wave. Imagine what it is like to ride the wave as it ebbs and flows. Instead of trying to swim against it, try riding it out until it disappears into the sea.",quitting,5
R_2hJAKbiGgSIIvux,"Notice what is triggering your urge. Have understanding and kindness for yourself for feeling this urge. It isn't easy, but can you choose to let it be there without smoking?",quitting,5
R_sjRaT0GEpLySTwl,"Read this rule out loud (if you can): IF someone offers me a cigarette THEN I will say 'no thanks, I don't want one.' Reading out if/then rules has been shown to help people stick with their decisions.",quitting,5
R_2hJAKbiGgSIIvux,"This craving is just an event. A game. It will pass. The game gets easier the more you let your urge pass without smoking. But, it gets harder every time you give in to the urge and smoke.",quitting,5
R_sjRaT0GEpLySTwl,Take a deep breath and let it out slowly. Notice that you are completely OK for this one breath. Do it again.,quitting,5
R_2hJAKbiGgSIIvux,"You were often stressed in this location and this might trigger urges. What can you do to reduce your stress here? If you can avoid this place until things settle down, then do.",quitting,5
R_sjRaT0GEpLySTwl,"Remind yourself that by staying quit, you'll be freeing yourself from the constant cycle of cigarette, nicotine withdrawal, feeling stressed as a result and wanting another cigarette. Keep going and this will be a thing of the past!",quitting,5
R_sjRaT0GEpLySTwl,Now is a good time for BREAKS B=stop and Brake R=Read how your body feels E=Expand and take deep breaths A=Allow everything to be as it is K=Know what's important to you S=take 1 Step in a direction important to you,quitting,5
R_sjRaT0GEpLySTwl,"Picture the people or things you care deeply about. On a scale of 0-10, how willing are you to let this urge pass for those reasons?",quitting,5
R_sjRaT0GEpLySTwl,Maybe you could use these few minutes to work out whose birthday is next and what message you'll write in their card? Then when it comes you'll have something original and well thought-out to write!,quitting,3
R_sjRaT0GEpLySTwl,"Tell yourself, “I am going to quit smoking soon.” Say it out loud. Say to yourself, “I am too strong to continue smoking for the rest of my life.""",quitting,5
R_sjRaT0GEpLySTwl,Notice what it feels like to see other people smoke and choose not to smoke. Notice what thoughts or emotions come up. Allow them to come and go. They will pass and so will this urge.,quitting,5
R_sjRaT0GEpLySTwl,Imagine this urge as just another backseat passenger that hopped in after seeing other people smoke. You are the driver and you still get to call the shots.,quitting,5
R_2hJAKbiGgSIIvux,"If you have trouble resisting a craving when other smokers are around, try carrying a water bottle and taking a sip every time you want to ask for a cig.",quitting,5
R_1LG1SlUQdJOQXzg,Imagine walking into a social situation in three months' time as a non-smoker. Now hold that picture and imagine you're that person now. Seeing yourself as a non-smoker now can make it much easier to resist!,quitting,5
R_1LG1SlUQdJOQXzg,"Are you willing to let this urge pass for the sake of living a good long time with the people who matter most to you? When you have an urge, think about the people most important to you.",quitting,3
R_1LG1SlUQdJOQXzg,"If you miss doing something with your hands, try turning a coin or pen over and over with your fingers.",quitting,5
R_1LG1SlUQdJOQXzg,"Step back from what is stressful by taking 10 slow breaths. Count them as you go and notice your breath. If you get distracted, keep starting over until you get to 10.",quitting,3
R_1LG1SlUQdJOQXzg,"When you are stressed, it is easy to focus on the things that are going wrong. Take a few moments to focus on 5 things that have gone well or that you are thankful for this week.",quitting,4
R_1LG1SlUQdJOQXzg,"As smokers are usually with you in this location, it's really important that you're not with them when they smoke. Consider avoiding this place if possible until things settle down.",quitting,4
R_1LG1SlUQdJOQXzg,Now is a good time for BREAKS B=stop and Brake R=Read how your body feels E=Expand and take deep breaths A=Allow everything to be as it is K=Know what's important to you S=take 1 Step in a direction important to you,quitting,1
R_1LG1SlUQdJOQXzg,"Imagine your 'you' from next year has come to visit, and guess what? You quit! How good is that?",quitting,5
R_2Sc0zN6ZtNhyqgq,"Even though you are stressed, are you willing to sit with this urge until it passes if will help you break this habit?",quitting,5
R_2Sc0zN6ZtNhyqgq,Pause. Notice the feelings you are having without judgement. Let them come and go. Being aware of your feelings means you can make a new choice about how you respond to your urges instead of smoking on autopilot.,quitting,5
R_2Sc0zN6ZtNhyqgq,Pause. Notice the feelings you are having without judgement. Let them come and go. Being aware of your feelings means you can make a new choice about how you respond to your urges instead of smoking on autopilot.,quitting,5
R_2Sc0zN6ZtNhyqgq,"A funny thing about people is that we tend to believe what we tell ourselves. So make sure that whatever else happens today, tell yourself ""I can, and I will stick to not smoking!""",quitting,5
R_2Sc0zN6ZtNhyqgq,"Try to stop smoking by setting yourself a rule. For example, ""IF I am tempted, THEN I will chew on some mints"" - make your own rule that will work for you.",quitting,4
R_2Sc0zN6ZtNhyqgq,"As smokers are usually with you in this location, it's really important that you're not with them when they smoke. Consider avoiding this place if possible until things settle down.",quitting,5
R_1LG1SlUQdJOQXzg,Take a deep breath and let it out slowly. Notice that you are completely OK for this one breath. Do it again.,quitting,5
R_2Sc0zN6ZtNhyqgq,Did you know that just seeing other people smoke activates a part of your brain that is connected with the action of you smoking? This can bring on strong urges to smoke. One simple solution is to avoid seeing others smoke.,quitting,5
R_2Sc0zN6ZtNhyqgq,You cant always control when you will see other people smoking. But you can control how you respond to your urge when you do.,quitting,5
R_2Sc0zN6ZtNhyqgq,See what it is like to let the urge pass. You can have an urge and choose not to smoke.,quitting,5
R_3j7Brs4OzZYgDDM,"If you find yourself with a few minutes to spare, it can be nice to read back over old messages. It's also a chance to reply to ones that you might have forgotten about!",quitting,4
R_3j7Brs4OzZYgDDM,"To keep on track, small changes can really help. For example, keep a list of quit reasons where you used to keep cigarettes, rearrange your living space, or grab some extra pens to fiddle with to keep your hands busy.",quitting,5
R_3j7Brs4OzZYgDDM,"When smoking, it can feel like your hands are for holding a cigarette, your mouth is for smoking the cigarette, and your chest and lungs need to breathe in the smoke. Spend 3 minutes noticing how your hands feel, how your mouth feels, and how your chest feels. The more you practice noticing these things without smoking, the sooner your body will stop being a trigger for you.",quitting,5
R_2Sc0zN6ZtNhyqgq,Notice how stress and anxiety may pull you and make you want to smoke. Just notice this. You can choose to just notice and not smoke.,quitting,5
R_3j7Brs4OzZYgDDM,"If you get urges, remind yourself that cigarettes did that to you. If you go back to them, they will keep making you suffer. Now you are breaking free.",quitting,5
R_2Sc0zN6ZtNhyqgq,"When smoking, it can feel like your hands are for holding a cigarette, your mouth is for smoking the cigarette, and your chest and lungs need to breathe in the smoke. Spend 3 minutes noticing how your hands feel, how your mouth feels, and how your chest feels. The more you practice noticing these things without smoking, the sooner your body will stop being a trigger for you.",quitting,4
R_3j7Brs4OzZYgDDM,Setting small goals when you feel unmotivated is best. Maybe a small goal for now is to breathe deeply for the next 3 minutes instead of smoking.,quitting,5
R_3j7Brs4OzZYgDDM,Take a deep breath. Focus on today and the things you have accomplished. How many urges have you let pass? Give yourself some credit!,quitting,5
R_3j7Brs4OzZYgDDM,"If you are tempted to smoke by being in this location, see if you can sit with that temptation for 1 minute. When the minute is over, do it again. Soon, it should pass.",quitting,5
R_OdINEEhkfMxwJB7,"Instead of smoking, take 10 deep, slow breaths and count them. Pay attention to what your breathing feels like. If you lose count, that's okay, just start over at 1 until you get to 10.",quitting,4
R_OdINEEhkfMxwJB7,Take a deep breath. Focus on today and the things you have accomplished. How many urges have you let pass? Give yourself some credit!,quitting,5
R_3j7Brs4OzZYgDDM,"If leaving social situations to avoid smokers feels awkward, make sure you have something to do instead - take sugar free mints, lollipops or low fat snacks to chew, or use a stress ball.",quitting,5
R_3j7Brs4OzZYgDDM,"Think about your hero, or someone you admire. What do you admire about them? Often our heroes are people who struggle and succeed in difficult circumstances. Now's the chance to be your own hero - by not smoking despite the challenges of stress and strong urges!",quitting,5
R_3j7Brs4OzZYgDDM,"Feelings aren't permanent. They are always changing like the weather. Observe the storm that is coming, but don't fight it. Eventually the weather will change.",quitting,5
R_OdINEEhkfMxwJB7,"Step back from what is stressful by taking 10 slow breaths. Count them as you go and notice your breath. If you get distracted, keep starting over until you get to 10.",quitting,5
R_OdINEEhkfMxwJB7,"Write down why you want to stop smoking to resist a craving. Remember, trying something to beat the urge is always better than doing nothing. Each time you resist a cig, you're one step closer to being tobacco-free.",quitting,5
R_OdINEEhkfMxwJB7,Did you know that just seeing other people smoke activates a part of your brain that is connected with the action of you smoking? This can bring on strong urges to smoke. One simple solution is to avoid seeing others smoke.,quitting,5
R_OdINEEhkfMxwJB7,"When you begin to crave a cig, concentrate on your reasons for not smoking. Keep a list on your phone and look at it when you feel yourself beginning to falter.",quitting,5
R_OdINEEhkfMxwJB7,"It's quite common for people to try and give themselves reasons for having 'just one' when they start working on quitting smoking. If you have these thoughts, let them happen, then picture yourself putting them into a hot-air balloon and watch them float away.",quitting,5
R_OdINEEhkfMxwJB7,"If you find yourself with a few minutes to spare, it can be nice to read back over old messages. It's also a chance to reply to ones that you might have forgotten about!",quitting,5
R_OdINEEhkfMxwJB7,"Try to avoid seeing other people smoke. It might sound basic but brain see, brain want! If you can, make life easier and avoid the people you used to smoke with for some time where possible.",quitting,5
R_OdINEEhkfMxwJB7,Imagine walking into a social situation in three months' time as a non-smoker. Now hold that picture and imagine you're that person now. Seeing yourself as a non-smoker now can make it much easier to resist!,quitting,5
R_2qque2GwbtMO3RI,Did you know that just seeing other people smoke activates a part of your brain that is connected with the action of you smoking? This can bring on strong urges to smoke. One simple solution is to avoid seeing others smoke.,quitting,5
R_2qque2GwbtMO3RI,"A funny thing about people is that we tend to believe what we tell ourselves. So make sure that whatever else happens today, tell yourself ""I can, and I will stick to not smoking!""",quitting,4
R_2qque2GwbtMO3RI,"Think of urges as loud construction noises. Sometimes there's nothing you can do except agree that it's annoying. If you fight it, you feel more irritated, right? Let your urge be there until it passes on its own.",quitting,4
R_2qque2GwbtMO3RI,What can you do right now to break the automatic habit of smoking to help you feel better? Pause. Close your eyes. And take 10 slow breaths.,quitting,4
R_2qque2GwbtMO3RI,"Instead of smoking, think of 3 things from today that you are grateful for. These can be anything, even small things! Now ask yourself, why are you grateful for these things?",quitting,3
R_2qque2GwbtMO3RI,"Try to avoid seeing other people smoke. It might sound basic but brain see, brain want! If you can, make life easier and avoid the people you used to smoke with for some time where possible.",quitting,5
R_2qque2GwbtMO3RI,"Some places trigger powerful cravings, that is to be expected. Stop and notice where in your body you feel those cravings and remind yourself that cravings typically pass in 1 to 3 minutes",quitting,5
R_1mI4ds4xsqeSdci,"This craving is just an event. A game. It will pass. The game gets easier the more you let your urge pass without smoking. But, it gets harder every time you give in to the urge and smoke.",quitting,5
R_1mI4ds4xsqeSdci,Pause. Notice what triggered you to smoke in the past. Now take one deep breath and remind yourself that you do not need to smoke.,quitting,5
R_2qque2GwbtMO3RI,"The best way to deal with any urges from being around smokers is to get out of the situation briefly until it goes. Make an excuse, go to the toilet, go get some water, pretend you need to get some phone reception!",quitting,5
R_1mI4ds4xsqeSdci,Pause. Notice what triggered you to smoke in the past. Now take one deep breath and remind yourself that you do not need to smoke.,quitting,5
R_1mI4ds4xsqeSdci,"Instead of smoking, take 10 deep, slow breaths and count them. Pay attention to what your breathing feels like. If you lose count, that's okay, just start over at 1 until you get to 10.",quitting,4
R_2qque2GwbtMO3RI,Pause. Notice the feelings you are having without judgement. Let them come and go. Being aware of your feelings means you can make a new choice about how you respond to your urges instead of smoking on autopilot.,quitting,5
R_1mI4ds4xsqeSdci,"Some people find that having a simple mantra can really help, especially if things feel stressful. Try repeating something simple to yourself like: ""I can do it!"".",quitting,4
R_1mI4ds4xsqeSdci,"When you begin to crave a cig, concentrate on your reasons for not smoking. Keep a list on your phone and look at it when you feel yourself beginning to falter.",quitting,4
R_1mI4ds4xsqeSdci,Take a deep breath and let it out slowly. Notice that you are completely OK for this one breath. Do it again.,quitting,5
R_1mI4ds4xsqeSdci,"The best way to deal with any urges from being around smokers is to get out of the situation briefly until it goes. Make an excuse, go to the toilet, go get some water, pretend you need to get some phone reception!",quitting,5
R_1mI4ds4xsqeSdci,"Think of urges as loud construction noises. Sometimes there's nothing you can do except agree that it's annoying. If you fight it, you feel more irritated, right? Let your urge be there until it passes on its own.",quitting,4
R_1mI4ds4xsqeSdci,"Think about your hero, or someone you admire. What do you admire about them? Often our heroes are people who struggle and succeed in difficult circumstances. Now's the chance to be your own hero - by not smoking despite the challenges of stress and strong urges!",quitting,5
R_1mI4ds4xsqeSdci,Keep picturing yourself getting home later today knowing that you've gained a smoke-free day. It's nearly a reality!,quitting,5
R_01DKDv1e2j40qE9,"Remind yourself that by staying quit, you'll be freeing yourself from the constant cycle of cigarette, nicotine withdrawal, feeling stressed as a result and wanting another cigarette. Keep going and this will be a thing of the past!",quitting,5
R_01DKDv1e2j40qE9,"Spend 3 minutes noticing how your hands feel, how your mouth feels, and how your chest feels. The more you practice noticing these things without smoking, the sooner this place will stop being a trigger for you.",quitting,5
R_01DKDv1e2j40qE9,"Instead of smoking, use the next two minutes to pay close attention to your senses. Notice what you see, hear, feel, taste, and smell. Urges are just one part of your experience.",quitting,5
R_2qque2GwbtMO3RI,"Each time you choose to not smoke after seeing someone else light up, you lessen the habit a little more.",quitting,4
R_2qque2GwbtMO3RI,Pause. Notice the feelings you are having without judgement. Let them come and go. Being aware of your feelings means you can make a new choice about how you respond to your urges instead of smoking on autopilot.,quitting,5
R_01DKDv1e2j40qE9,Notice how stress and anxiety may pull you and make you want to smoke. Just notice this. You can choose to just notice and not smoke.,quitting,4
R_01DKDv1e2j40qE9,"Try to avoid seeing other people smoke. It might sound basic but brain see, brain want! If you can, make life easier and avoid the people you used to smoke with for some time where possible.",quitting,5
R_01DKDv1e2j40qE9,"Don't let anyone tell you how you should or shouldn't feel today. You feel how you feel and that's it. If you're happy and grateful then enjoy the moment, if you're angry and frustrated, know that this will pass.",quitting,5
R_01DKDv1e2j40qE9,"Think of your anxious mind like a toddler throwing a tantrum. The best way to respond is to quietly watch, but not give in.",quitting,5
R_2Qs1DPL7HxlSFWT,"When smoking, it can feel like your hands are for holding a cigarette, your mouth is for smoking the cigarette, and your chest and lungs need to breathe in the smoke. Spend 3 minutes noticing how your hands feel, how your mouth feels, and how your chest feels. The more you practice noticing these things without smoking, the sooner your body will stop being a trigger for you.",quitting,5
R_01DKDv1e2j40qE9,"It can be tricky to be around friends or colleagues who are still smoking. If you're finding it tough, try and think about the things that you are doing well.",quitting,4
R_2Qs1DPL7HxlSFWT,"Even though you are stressed, are you willing to sit with this urge until it passes if will help you break this habit?",quitting,3
R_01DKDv1e2j40qE9,Acknowledge your unhelpful thought by writing it down on a piece of paper. Then let it be on it's way by crumpling it up and tossing it in a trash can.,quitting,5
R_01DKDv1e2j40qE9,Don't test yourself needlessly. If this social situation gets uncomfortable then leave briefly if you can. It really helps and it's fine to do it more than once!,quitting,4
R_2Qs1DPL7HxlSFWT,How you would feel later on if you smoked during this social situation? Now think how good you'll feel for resisting!,quitting,5
R_2Qs1DPL7HxlSFWT,"Instead of smoking, write a quick note to yourself explaining why ditching cigs is important to you. Carry it with you and read it when you feel like lighting up.",quitting,5
R_2Qs1DPL7HxlSFWT,"Picture the people or things you care deeply about. On a scale of 0-10, how willing are you to let this urge pass for those reasons?",quitting,5
R_2Qs1DPL7HxlSFWT,Urges are like annoying ads. You might see them but you don't have to buy what they're selling.,quitting,5
R_2Qs1DPL7HxlSFWT,"Ask yourself, ""From 0-10, how willing am I to let this urge pass without smoking?"" Let it pass to be closer to the things that matter most to you.",quitting,5
R_2Qs1DPL7HxlSFWT,What can you do right now to break the automatic habit of smoking when you are here? Pause. Close your eyes. And take 10 slow breaths.,quitting,4
R_2Qs1DPL7HxlSFWT,"Read this rule out loud (if you can): IF someone offers me a cigarette THEN I will say 'no thanks, I don't want one.' Reading out if/then rules has been shown to help people stick with their decisions.",quitting,5
R_2Qs1DPL7HxlSFWT,Ways of dealing with urges: play a game or an online quiz.,quitting,4
R_cZPMSJQ0H2cCJA5,"If you miss doing something with your hands, try turning a coin or pen over and over with your fingers.",quitting,3
R_cZPMSJQ0H2cCJA5,"Instead of lighting up a cigarette, light a scented candle or burn some incense.",quitting,1
R_cZPMSJQ0H2cCJA5,"Don't let anyone tell you how you should or shouldn't feel today. You feel how you feel and that's it. If you're happy and grateful then enjoy the moment, if you're angry and frustrated, know that this will pass.",quitting,3
R_cZPMSJQ0H2cCJA5,"When your mind tells you that you will be less stressed after smoking a cigarette, remember that you don't have to listen to that thought. It's just a thought and nothing more.",quitting,3
R_cZPMSJQ0H2cCJA5,"You don't have to act on this feeling by smoking or doing anything about it. Give it some space, breathe, and see if it changes. Let the urge and feeling be there while you focus on doing something you care about.",quitting,4
R_cZPMSJQ0H2cCJA5,What can you do right now to break the automatic habit of smoking when you are here? Pause. Close your eyes. And take 10 slow breaths.,quitting,3
R_cZPMSJQ0H2cCJA5,"Notice what is triggering your urge. Have understanding and kindness for yourself for feeling this urge. It isn't easy, but can you choose to let it be there without smoking?",quitting,5
R_cZPMSJQ0H2cCJA5,What can you do right now to break the automatic habit of smoking to help you feel better? Pause. Close your eyes. And take 10 slow breaths.,quitting,3
R_cZPMSJQ0H2cCJA5,"A funny thing about people is that we tend to believe what we tell ourselves. So make sure that whatever else happens today, tell yourself ""I can, and I will stick to not smoking!""",quitting,4
R_1eFc3o9lO4Xcg1L,"Have confidence in knowing that you can have this urge, choose not to smoke, be okay, and choose to do things that matter most to you.",quitting,3
R_1eFc3o9lO4Xcg1L,"When your mind tells you that you will be less stressed after smoking a cigarette, remember that you don't have to listen to that thought. It's just a thought and nothing more.",quitting,5
R_1eFc3o9lO4Xcg1L,"Read this rule out loud (if you can): IF someone offers me a cigarette THEN I will say 'no thanks, I don't want one.' Reading out if/then rules has been shown to help people stick with their decisions.",quitting,5
R_cZPMSJQ0H2cCJA5,"Remind yourself that by staying quit, you'll be freeing yourself from the constant cycle of cigarette, nicotine withdrawal, feeling stressed as a result and wanting another cigarette. Keep going and this will be a thing of the past!",quitting,4
R_1eFc3o9lO4Xcg1L,"You don't have to act on this feeling by smoking or doing anything about it. Give it some space, breathe, and see if it changes. Let the urge and feeling be there while you focus on doing something you care about.",quitting,5
R_1eFc3o9lO4Xcg1L,"Are you feeling down because you are thinking of smoking? It's really important to be kind to yourself, and to make sure you give yourself praise too!",quitting,1
R_1eFc3o9lO4Xcg1L,"Think of your anxious mind like a toddler throwing a tantrum. The best way to respond is to quietly watch, but not give in.",quitting,1
R_1eFc3o9lO4Xcg1L,Pause and take 5 slow breaths. Pausing just for a moment breaks the automatic habit of reaching for a smoke.,quitting,1
R_1eFc3o9lO4Xcg1L,"Instead of smoking, think of 3 things from today that you are grateful for. These can be anything, even small things! Now ask yourself, why are you grateful for these things?",quitting,5
R_1eFc3o9lO4Xcg1L,"Tell yourself, “I am going to quit smoking soon.” Say it out loud. Say to yourself, “I am too strong to continue smoking for the rest of my life.""",quitting,5
R_27pAyfbKynLvuPb,"Are you feeling down because you are thinking of smoking? It's really important to be kind to yourself, and to make sure you give yourself praise too!",quitting,3
R_27pAyfbKynLvuPb,"Think of your anxious mind like a toddler throwing a tantrum. The best way to respond is to quietly watch, but not give in.",quitting,5
R_27pAyfbKynLvuPb,Take a deep breath. Focus on today and the things you have accomplished. How many urges have you let pass? Give yourself some credit!,quitting,3
R_27pAyfbKynLvuPb,Pause. Notice the feelings you are having without judgement. Let them come and go. Being aware of your feelings means you can make a new choice about how you respond to your urges instead of smoking on autopilot.,quitting,3
R_27pAyfbKynLvuPb,Pause. Notice the feelings you are having without judgement. Let them come and go. Being aware of your feelings means you can make a new choice about how you respond to your urges instead of smoking on autopilot.,quitting,3
R_27pAyfbKynLvuPb,"When you notice yourself trapped in stressful thoughts or worry, say out loud, ""I'm noticing that I'm having some worrisome thoughts."" This helps unhook you from your thoughts so you don't stay caught in them.",quitting,5
R_27pAyfbKynLvuPb,"When a craving hits, keep your hands busy by doing the dishes or taking out the trash. Small chores will help pass the time during a craving.",quitting,5
R_27pAyfbKynLvuPb,"If this situation becomes stressful for you, make an excuse to leave for a few minutes. If this doesn't help, it might be better to just leave early.",quitting,3
R_27pAyfbKynLvuPb,"Feelings aren't permanent. They are always changing like the weather. Observe the storm that is coming, but don't fight it. Eventually the weather will change.",quitting,1
R_27pAyfbKynLvuPb,"Urges to smoke usually only last a few minutes. Distract yourself by NOT thinking about giraffes, or leave the situation until it passes.",quitting,3
R_27pAyfbKynLvuPb,"Urges can feel like stormy weather. But if you're the sky, you just let that storm come and go on it's own knowing that it won't last forever.",quitting,5
R_22oaTRQmQd44IFl,"Just because other people are smoking, doesn't mean you have to. Practice allowing this urge to be present for 5 minutes. When it passes, give yourself credit.",quitting,4
R_22oaTRQmQd44IFl,Take a deep breath and let it out slowly. Notice that you are completely OK for this one breath. Do it again.,quitting,3
R_22oaTRQmQd44IFl,Don't test yourself needlessly. If this social situation gets uncomfortable then leave briefly if you can. It really helps and it's fine to do it more than once!,quitting,3
R_22oaTRQmQd44IFl,"Life can get you really stressed out, but turning to cigs isn't the answer. Call or text family and friends instead. Ask them to help you stay on track.",quitting,5
R_22oaTRQmQd44IFl,"Try to stop smoking by setting yourself a rule. For example, ""IF I am tempted, THEN I will chew on some mints"" - make your own rule that will work for you.",quitting,3
R_22oaTRQmQd44IFl,"One way to combat any urges is to keep your mouth busy - some people find that chewing sugar free gum, mints, or even a pen can be a good alternative.",quitting,3
R_22oaTRQmQd44IFl,"The best way to deal with any urges from being around smokers is to get out of the situation briefly until it goes. Make an excuse, go to the toilet, go get some water, pretend you need to get some phone reception!",quitting,4
R_22oaTRQmQd44IFl,"If you usually smoke while you talk on the phone, keep a pen and paper nearby to occupy your hands with doodling rather than smoking.",quitting,5
R_2D5GfkXQvKZhy7R,"Spend 3 minutes noticing how your hands feel, how your mouth feels, and how your chest feels. The more you practice noticing these things without smoking, the sooner this place will stop being a trigger for you.",quitting,4
R_22oaTRQmQd44IFl,"Just because letting an urge pass isn't easy, doesn't mean that you can't do it. Try it, you might surprise yourself.",quitting,3
R_2D5GfkXQvKZhy7R,"Reduce your stress by using your next break to list four things that have gone well so far today. It might feel like a bit of effort, but doing this will help your mind to refocus, and help you to feel calmer.",quitting,3
R_2D5GfkXQvKZhy7R,"To keep on track, small changes can really help. For example, keep a list of quit reasons where you used to keep cigarettes, rearrange your living space, or grab some extra pens to fiddle with to keep your hands busy.",quitting,3
R_2D5GfkXQvKZhy7R,"Add the phrase “I’m having the thought that…” in front of your unhelpful thoughts. For example, “I’m having the thought that I need a cigarette.” Your thoughts are not always true or helpful! They are just thoughts.",quitting,3
R_2D5GfkXQvKZhy7R,Imagine that your urge is a backseat passenger trying to distract you from reaching your destination. See if you can choose to keep driving instead of allowing your urges to distract you from where you want to go.,quitting,3
R_2D5GfkXQvKZhy7R,"Sometimes an urge comes on like a wave. Imagine what it is like to ride the wave as it ebbs and flows. Instead of trying to swim against it, try riding it out until it disappears into the sea.",quitting,3
R_2D5GfkXQvKZhy7R,"Recent research has found that people who use self-talk when they try not to smoke (e.g. telling yourself 'you can do it') are more successful than people who don't. It might seem a bit strange, but talking to yourself like this appears to really help.",quitting,5
R_2D5GfkXQvKZhy7R,Take a deep breath and let it out slowly. Notice that you are completely OK for this one breath. Do it again.,quitting,5
R_2D5GfkXQvKZhy7R,"Crumple a piece of paper into a ball and imagine it is your urge. Toss the ""urge"" into the garbage or against the wall. By doing this, you are letting go of your urges.",quitting,3
R_2qfu7ht5gDHoJ68,Take a deep breath and let it out slowly. Notice that you are completely OK for this one breath. Do it again.,quitting,5
R_2D5GfkXQvKZhy7R,"If you have trouble resisting a craving when other smokers are around, try carrying a water bottle and taking a sip every time you want to ask for a cig.",quitting,5
R_2qfu7ht5gDHoJ68,"When a craving hits, keep your hands busy by doing the dishes or taking out the trash. Small chores will help pass the time during a craving.",quitting,5
R_2qfu7ht5gDHoJ68,"Are you feeling down because you are thinking of smoking? It's really important to be kind to yourself, and to make sure you give yourself praise too!",quitting,5
R_2qfu7ht5gDHoJ68,"Some people find it helpful to give a name to their urge. If you're experiencing regular urges, give that feeling a name ('Olga the urge'?), and tell it that you won't give in to it. It may make it easier to live with (e.g. ""ok Olga, I need to be by myself now..."").",quitting,1
R_2qfu7ht5gDHoJ68,"Practice going 10 minutes without smoking. Think of it just as practice. When the urge passes, reward yourself with a break from work or dinner from your favorite restaurant!",quitting,5
R_2qfu7ht5gDHoJ68,"If this situation becomes stressful for you, make an excuse to leave for a few minutes. If this doesn't help, it might be better to just leave early.",quitting,1
R_2qfu7ht5gDHoJ68,See what it is like to let the urge pass. You can have an urge and choose not to smoke.,quitting,5
R_3NJLRjV6sukDhjC,"The best way to deal with any urges from being around smokers is to get out of the situation briefly until it goes. Make an excuse, go to the toilet, go get some water, pretend you need to get some phone reception!",quitting,3
R_2qfu7ht5gDHoJ68,"When your mind tells you that you will be less stressed after smoking a cigarette, remember that you don't have to listen to that thought. It's just a thought and nothing more.",quitting,5
R_2qfu7ht5gDHoJ68,Practice staying in this location without smoking. Just notice your urge. Practicing this will weaken this trigger with time. Just think of it as practice.,quitting,4
R_3NJLRjV6sukDhjC,"Instead of lighting up a cigarette, light a scented candle or burn some incense.",quitting,3
R_3NJLRjV6sukDhjC,"Even though you are stressed, are you willing to sit with this urge until it passes if will help you break this habit?",quitting,3
R_3NJLRjV6sukDhjC,Take a deep breath and let it out slowly. Notice that you are completely OK for this one breath. Do it again.,quitting,3
R_3NJLRjV6sukDhjC,"A funny thing about people is that we tend to believe what we tell ourselves. So make sure that whatever else happens today, tell yourself ""I can, and I will stick to not smoking!""",quitting,5
R_3NJLRjV6sukDhjC,"Have confidence in knowing that you can have this urge, choose not to smoke, be okay, and choose to do things that matter most to you.",quitting,5
R_2qfu7ht5gDHoJ68,"Try to avoid seeing other people smoke. It might sound basic but brain see, brain want! If you can, make life easier and avoid the people you used to smoke with for some time where possible.",quitting,4
R_3NJLRjV6sukDhjC,"Are you willing to let this urge pass for the sake of living a good long time with the people who matter most to you? When you have an urge, think about the people most important to you.",quitting,5
R_3NJLRjV6sukDhjC,"Think of your anxious mind like a toddler throwing a tantrum. The best way to respond is to quietly watch, but not give in.",quitting,3
R_3NJLRjV6sukDhjC,"Use self-talk to stay motivated and determined. Say, “I don't need a cigarette. I might WANT one, but I don’t NEED it.”",quitting,3
R_3NJLRjV6sukDhjC,You might find that you have more time now that you're trying to cut some cigarettes. Some people find that going for a walk can help fill the gap. Or take a nap if you can!,quitting,3
R_3e8jljgMGHnAWTy,"Try to avoid seeing other people smoke. It might sound basic but brain see, brain want! If you can, make life easier and avoid the people you used to smoke with for some time where possible.",quitting,5
R_3e8jljgMGHnAWTy,"Think about your hero, or someone you admire. What do you admire about them? Often our heroes are people who struggle and succeed in difficult circumstances. Now's the chance to be your own hero - by not smoking despite the challenges of stress and strong urges!",quitting,4
R_3e8jljgMGHnAWTy,"If you find yourself thinking: ""I can't do this"", ""I need a cig"", or ""I'll just have one"", make sure you tell yourself ""I absolutely CAN do this"", ""I'm in control"". Take control of your negative thoughts!",quitting,5
R_3e8jljgMGHnAWTy,"If you get urges, remind yourself that cigarettes did that to you. If you go back to them, they will keep making you suffer. Now you are breaking free.",quitting,4
R_3e8jljgMGHnAWTy,"If you usually smoke while you talk on the phone, try taking the next call in a place where you can't smoke and focus on the conversation. The urge will pass.",quitting,4
R_3e8jljgMGHnAWTy,"Think about times in the past when you have let urges pass during a stressful moment, and notice what helped make that moment easier.",quitting,4
R_1NyBd9879uhiFyx,"Seeing other people smoke is a predictable and unavoidable trigger. Take 5 slow, deep breaths and remind yourself that the urge will pass and that you do not need to smoke.",quitting,3
R_1NyBd9879uhiFyx,"Each time you let an urge pass without smoking, you break the old habit a bit more.",quitting,3
R_1NyBd9879uhiFyx,Notice how stress and anxiety may pull you and make you want to smoke. Just notice this. You can choose to just notice and not smoke.,quitting,1
R_3e8jljgMGHnAWTy,"Some people find it helpful to give a name to their urge. If you're experiencing regular urges, give that feeling a name ('Olga the urge'?), and tell it that you won't give in to it. It may make it easier to live with (e.g. ""ok Olga, I need to be by myself now..."").",quitting,5
R_3e8jljgMGHnAWTy,You might find that you have more time now that you're trying to cut some cigarettes. Some people find that going for a walk can help fill the gap. Or take a nap if you can!,quitting,4
R_3e8jljgMGHnAWTy,No need to get rid of these feelings or control them with a smoke. They are not permanent.,quitting,4
R_1NyBd9879uhiFyx,"As smokers are usually with you in this location, it's really important that you're not with them when they smoke. Consider avoiding this place if possible until things settle down.",quitting,3
R_1NyBd9879uhiFyx,"Just because letting an urge pass isn't easy, doesn't mean that you can't do it. Try it, you might surprise yourself.",quitting,3
R_1NyBd9879uhiFyx,"Are you feeling down because you are thinking of smoking? It's really important to be kind to yourself, and to make sure you give yourself praise too!",quitting,1
R_1NyBd9879uhiFyx,"This craving is just an event. A game. It will pass. The game gets easier the more you let your urge pass without smoking. But, it gets harder every time you give in to the urge and smoke.",quitting,3
R_1NyBd9879uhiFyx,"If this situation becomes stressful for you, make an excuse to leave for a few minutes. If this doesn't help, it might be better to just leave early.",quitting,3
R_3e8jljgMGHnAWTy,"Read this rule out loud (if you can): IF someone offers me a cigarette THEN I will say 'no thanks, I don't want one.' Reading out if/then rules has been shown to help people stick with their decisions.",quitting,4
R_2CCcdZctBtZISqw,"Some people find it helpful to give a name to their urge. If you're experiencing regular urges, give that feeling a name ('Olga the urge'?), and tell it that you won't give in to it. It may make it easier to live with (e.g. ""ok Olga, I need to be by myself now..."").",quitting,3
R_2CCcdZctBtZISqw,"Add the phrase “I’m having the thought that…” in front of your unhelpful thoughts. For example, “I’m having the thought that I need a cigarette.” Your thoughts are not always true or helpful! They are just thoughts.",quitting,3
R_2CCcdZctBtZISqw,No need to get rid of these feelings or control them with a smoke. They are not permanent.,quitting,3
R_2CCcdZctBtZISqw,Try chewing gum if you have trouble resisting smoking when other people light up around you.,quitting,3
R_2CCcdZctBtZISqw,What inspires you most to quit smoking? Are you willing to let this urge pass without smoking for that reason?,quitting,4
R_2CCcdZctBtZISqw,Keep picturing yourself getting home later today knowing that you've gained a smoke-free day. It's nearly a reality!,quitting,3
R_2CCcdZctBtZISqw,"Try to avoid seeing other people smoke. It might sound basic but brain see, brain want! If you can, make life easier and avoid the people you used to smoke with for some time where possible.",quitting,4
R_2CCcdZctBtZISqw,"Remind yourself that by staying quit, you'll be freeing yourself from the constant cycle of cigarette, nicotine withdrawal, feeling stressed as a result and wanting another cigarette. Keep going and this will be a thing of the past!",quitting,4
R_2CCcdZctBtZISqw,"Life can get you really stressed out, but turning to cigs isn't the answer. Call or text family and friends instead. Ask them to help you stay on track.",quitting,3
R_1NyBd9879uhiFyx,It's normal to have some doubts during a quit attempt. Keep your quit reasons on hand to remind yourself if ever you feel uncertain or undecided.,quitting,1
R_egP8p0fYmBRXwYx,"If you find yourself with a few minutes to spare, it can be nice to read back over old messages. It's also a chance to reply to ones that you might have forgotten about!",quitting,4
R_egP8p0fYmBRXwYx,"When you notice yourself trapped in stressful thoughts or worry, say out loud, ""I'm noticing that I'm having some worrisome thoughts."" This helps unhook you from your thoughts so you don't stay caught in them.",quitting,5
R_egP8p0fYmBRXwYx,"To help get through a 'risky situation', remind yourself of how far you've come and the effort that you've put in. Don't ruin your hard work - stay strong!",quitting,5
R_egP8p0fYmBRXwYx,"The best way to deal with any urges from being around smokers is to get out of the situation briefly until it goes. Make an excuse, go to the toilet, go get some water, pretend you need to get some phone reception!",quitting,5
R_egP8p0fYmBRXwYx,"Are you willing to let this urge pass for the sake of living a good long time with the people who matter most to you? When you have an urge, think about the people most important to you.",quitting,5
R_egP8p0fYmBRXwYx,"Imagine your urge is like a talk radio station going on about something you disagree with. Arguing with it doesn't change what they say. Instead, just let them talk while you focus on what's important to you.",quitting,4
R_egP8p0fYmBRXwYx,"Feelings aren't permanent. They are always changing like the weather. Observe the storm that is coming, but don't fight it. Eventually the weather will change.",quitting,5
R_egP8p0fYmBRXwYx,"If you find yourself thinking: ""I can't do this"", ""I need a cig"", or ""I'll just have one"", make sure you tell yourself ""I absolutely CAN do this"", ""I'm in control"". Take control of your negative thoughts!",quitting,5
R_egP8p0fYmBRXwYx,"A funny thing about people is that we tend to believe what we tell ourselves. So make sure that whatever else happens today, tell yourself ""I can, and I will stick to not smoking!""",quitting,5
R_XtWSw8c5Mx7OJTX,"Keep your mind occupied if you get an urge. Do a mental puzzle, make your next shopping list, read a book, write a poem…you might be surprised how well occupying your mind can get rid of urges.",quitting,5
R_XtWSw8c5Mx7OJTX,"Think about your hero, or someone you admire. What do you admire about them? Often our heroes are people who struggle and succeed in difficult circumstances. Now's the chance to be your own hero - by not smoking despite the challenges of stress and strong urges!",quitting,4
R_XtWSw8c5Mx7OJTX,You don’t need to get rid of or change your thoughts about smoking—just let them pass by like a cloud in the sky.,quitting,4
R_XtWSw8c5Mx7OJTX,What inspires you most to quit smoking? Are you willing to let this urge pass without smoking for that reason?,quitting,3
R_XtWSw8c5Mx7OJTX,Practice staying in this location without smoking. Just notice your urge. Practicing this will weaken this trigger with time. Just think of it as practice.,quitting,5
R_XtWSw8c5Mx7OJTX,You cant always control when you will see other people smoking. But you can control how you respond to your urge when you do.,quitting,5
R_egP8p0fYmBRXwYx,Stop! Breathe. What is going on around you? Inside you? Allow everything to be just as it is. Breathe again.,quitting,4
R_1CHf8El9WmqE3l2,"It's quite common for people to try and give themselves reasons for having 'just one' when they start working on quitting smoking. If you have these thoughts, let them happen, then picture yourself putting them into a hot-air balloon and watch them float away.",quitting,1
R_XtWSw8c5Mx7OJTX,"Tell yourself, “I am going to quit smoking soon.” Say it out loud. Say to yourself, “I am too strong to continue smoking for the rest of my life.""",quitting,5
R_XtWSw8c5Mx7OJTX,"Ask yourself, ""What do I need right now? Is it really a smoke, or is there something else I need? How can I best take care of myself right now?""",quitting,4
R_2CCcdZctBtZISqw,Urges are like annoying ads. You might see them but you don't have to buy what they're selling.,quitting,4
R_XtWSw8c5Mx7OJTX,"Imagine your urge is like a talk radio station going on about something you disagree with. Arguing with it doesn't change what they say. Instead, just let them talk while you focus on what's important to you.",quitting,5
R_XtWSw8c5Mx7OJTX,"Picture the people or things you care deeply about. On a scale of 0-10, how willing are you to let this urge pass for those reasons?",quitting,5
R_1CHf8El9WmqE3l2,"Imagine your 'you' from next year has come to visit, and guess what? You quit! How good is that?",quitting,3
R_1CHf8El9WmqE3l2,"You don't have to act on this feeling by smoking or doing anything about it. Give it some space, breathe, and see if it changes. Let the urge and feeling be there while you focus on doing something you care about.",quitting,2
R_1CHf8El9WmqE3l2,Imagine walking into a social situation in three months' time as a non-smoker. Now hold that picture and imagine you're that person now. Seeing yourself as a non-smoker now can make it much easier to resist!,quitting,5
R_1CHf8El9WmqE3l2,How you would feel later on if you smoked during this social situation? Now think how good you'll feel for resisting!,quitting,5
R_1CHf8El9WmqE3l2,Take a deep breath and let it out slowly. Notice that you are completely OK for this one breath. Do it again.,quitting,1
R_1CHf8El9WmqE3l2,"When you begin to crave a cig, concentrate on your reasons for not smoking. Keep a list on your phone and look at it when you feel yourself beginning to falter.",quitting,5
R_1CHf8El9WmqE3l2,"The best way to deal with any urges from being around smokers is to get out of the situation briefly until it goes. Make an excuse, go to the toilet, go get some water, pretend you need to get some phone reception!",quitting,5
R_1CHf8El9WmqE3l2,"Crumple a piece of paper into a ball and imagine it is your urge. Toss the ""urge"" into the garbage or against the wall. By doing this, you are letting go of your urges.",quitting,1
R_1CHf8El9WmqE3l2,Stop and take 3 deep breaths. Then decide if you really want to smoke right now or not. Pausing for a few breaths can help lessen the habit.,quitting,1
R_1K42Ti9DFVWU3di,"You were often stressed in this location and this might trigger urges. What can you do to reduce your stress here? If you can avoid this place until things settle down, then do.",quitting,5
R_1K42Ti9DFVWU3di,"Crumple a piece of paper into a ball and imagine it is your urge. Toss the ""urge"" into the garbage or against the wall. By doing this, you are letting go of your urges.",quitting,3
R_1K42Ti9DFVWU3di,"When you notice yourself trapped in stressful thoughts or worry, say out loud, ""I'm noticing that I'm having some worrisome thoughts."" This helps unhook you from your thoughts so you don't stay caught in them.",quitting,3
R_1K42Ti9DFVWU3di,"Each time you let an urge pass without smoking, you break the old habit a bit more.",quitting,4
R_1K42Ti9DFVWU3di,"When you begin to crave a cig, concentrate on your reasons for not smoking. Keep a list on your phone and look at it when you feel yourself beginning to falter.",quitting,5
R_1K42Ti9DFVWU3di,"As smokers are usually with you in this location, it's really important that you're not with them when they smoke. Consider avoiding this place if possible until things settle down.",quitting,1
R_1K42Ti9DFVWU3di,"When smoking, it can feel like your hands are for holding a cigarette, your mouth is for smoking the cigarette, and your chest and lungs need to breathe in the smoke. Spend 3 minutes noticing how your hands feel, how your mouth feels, and how your chest feels. The more you practice noticing these things without smoking, the sooner your body will stop being a trigger for you.",quitting,4
R_1K42Ti9DFVWU3di,"Whenever you think about smoking, listen to your favorite song and sing it out loud!",quitting,5
R_1K42Ti9DFVWU3di,Take a minute to notice what the urge feels like in your body without smoking a cigarette. Notice what is going on. See what happens. Does the urge pass?,quitting,4
R_3ltdTCyEKIzUnHq,"Urges to smoke usually only last a few minutes. Distract yourself by NOT thinking about giraffes, or leave the situation until it passes.",quitting,3
R_3ltdTCyEKIzUnHq,"If you usually smoke while you talk on the phone, keep a pen and paper nearby to occupy your hands with doodling rather than smoking.",quitting,5
R_3ltdTCyEKIzUnHq,"Try to avoid seeing other people smoke. It might sound basic but brain see, brain want! If you can, make life easier and avoid the people you used to smoke with for some time where possible.",quitting,4
R_3ltdTCyEKIzUnHq,"To keep on track, small changes can really help. For example, keep a list of quit reasons where you used to keep cigarettes, rearrange your living space, or grab some extra pens to fiddle with to keep your hands busy.",quitting,5
R_1K42Ti9DFVWU3di,"Instead of smoking, use the next two minutes to pay close attention to your senses. Notice what you see, hear, feel, taste, and smell. Urges are just one part of your experience.",quitting,5
R_3ltdTCyEKIzUnHq,"Some places trigger powerful cravings, that is to be expected. Stop and notice where in your body you feel those cravings and remind yourself that cravings typically pass in 1 to 3 minutes",quitting,4
R_3ltdTCyEKIzUnHq,"Keep your mind occupied if you get an urge. Do a mental puzzle, make your next shopping list, read a book, write a poem…you might be surprised how well occupying your mind can get rid of urges.",quitting,4
R_3ltdTCyEKIzUnHq,"One way to combat any urges is to keep your mouth busy - some people find that chewing sugar free gum, mints, or even a pen can be a good alternative.",quitting,3
R_3ltdTCyEKIzUnHq,"Are you willing to let this urge pass for the sake of living a good long time with the people who matter most to you? When you have an urge, think about the people most important to you.",quitting,3
R_3ltdTCyEKIzUnHq,"When you begin to crave a cig, concentrate on your reasons for not smoking. Keep a list on your phone and look at it when you feel yourself beginning to falter.",quitting,3
R_2f2nPA3eDsUQlKb,"Try to avoid seeing other people smoke. It might sound basic but brain see, brain want! If you can, make life easier and avoid the people you used to smoke with for some time where possible.",quitting,3
R_2f2nPA3eDsUQlKb,Maybe you could use these few minutes to work out whose birthday is next and what message you'll write in their card? Then when it comes you'll have something original and well thought-out to write!,quitting,3
R_2f2nPA3eDsUQlKb,"Think about times in the past when you have let urges pass during a stressful moment, and notice what helped make that moment easier.",quitting,5
R_2f2nPA3eDsUQlKb,What can you do right now to break the automatic habit of smoking when you are here? Pause. Close your eyes. And take 10 slow breaths.,quitting,5
R_2f2nPA3eDsUQlKb,Craving a cig? Plan a fun activity you can do when you get home as a reward for not smoking.,quitting,5
R_3ltdTCyEKIzUnHq,"Seeing other people smoke is a predictable and unavoidable trigger. Take 5 slow, deep breaths and remind yourself that the urge will pass and that you do not need to smoke.",quitting,4
R_2f2nPA3eDsUQlKb,What inspires you most to quit smoking? Are you willing to let this urge pass without smoking for that reason?,quitting,5
R_2f2nPA3eDsUQlKb,"Write down why you want to stop smoking to resist a craving. Remember, trying something to beat the urge is always better than doing nothing. Each time you resist a cig, you're one step closer to being tobacco-free.",quitting,5
R_2f2nPA3eDsUQlKb,"You don't have to act on this feeling by smoking or doing anything about it. Give it some space, breathe, and see if it changes. Let the urge and feeling be there while you focus on doing something you care about.",quitting,5
R_2f2nPA3eDsUQlKb,You cant always control when you will see other people smoking. But you can control how you respond to your urge when you do.,quitting,3
R_2wGNF35bI9iFZIx,"Think about what is really important to you. Maybe it's spending time with family or a friend, exercising, doing something spiritual, or creating something. Whatever it is, take a step in that direction.",quitting,1
R_2f2nPA3eDsUQlKb,"Instead of lighting up a cigarette, light a scented candle or burn some incense.",quitting,5
R_2wGNF35bI9iFZIx,You might find that you have more time now that you're trying to cut some cigarettes. Some people find that going for a walk can help fill the gap. Or take a nap if you can!,quitting,1
R_2wGNF35bI9iFZIx,"One way to combat any urges is to keep your mouth busy - some people find that chewing sugar free gum, mints, or even a pen can be a good alternative.",quitting,5
R_2wGNF35bI9iFZIx,"Imagine your urge is like a talk radio station going on about something you disagree with. Arguing with it doesn't change what they say. Instead, just let them talk while you focus on what's important to you.",quitting,1
R_2wGNF35bI9iFZIx,"Tell yourself, “I am going to quit smoking soon.” Say it out loud. Say to yourself, “I am too strong to continue smoking for the rest of my life.""",quitting,1
R_2wGNF35bI9iFZIx,Think about a happy memory to ease the difficulty of your urge. Is there something you have been wanting to do for a while that you know you would enjoy? Reading? Walking? Calling a friend? Doing a puzzle? Do something that matters to you instead of smoking.,quitting,1
R_2wGNF35bI9iFZIx,"Are you feeling down because you are thinking of smoking? It's really important to be kind to yourself, and to make sure you give yourself praise too!",quitting,1
R_2wGNF35bI9iFZIx,You cant always control when you will see other people smoking. But you can control how you respond to your urge when you do.,quitting,3
R_2wGNF35bI9iFZIx,"It can be tricky to be around friends or colleagues who are still smoking. If you're finding it tough, try and think about the things that you are doing well.",quitting,1
R_ymcaGl7POG3cDdL,What can you do right now to break the automatic habit of smoking to help you feel better? Pause. Close your eyes. And take 10 slow breaths.,quitting,1
R_ymcaGl7POG3cDdL,"When smoking, it can feel like your hands are for holding a cigarette, your mouth is for smoking the cigarette, and your chest and lungs need to breathe in the smoke. Spend 3 minutes noticing how your hands feel, how your mouth feels, and how your chest feels. The more you practice noticing these things without smoking, the sooner your body will stop being a trigger for you.",quitting,3
R_2wGNF35bI9iFZIx,Don't test yourself needlessly. If this social situation gets uncomfortable then leave briefly if you can. It really helps and it's fine to do it more than once!,quitting,3
R_ymcaGl7POG3cDdL,"Think of urges as loud construction noises. Sometimes there's nothing you can do except agree that it's annoying. If you fight it, you feel more irritated, right? Let your urge be there until it passes on its own.",quitting,5
R_ymcaGl7POG3cDdL,"You spent a long time training your brain to want a cig. Now you're retraining your brain, and it's natural that this might take time.",quitting,3
R_ymcaGl7POG3cDdL,"Life can get you really stressed out, but turning to cigs isn't the answer. Call or text family and friends instead. Ask them to help you stay on track.",quitting,2
R_ymcaGl7POG3cDdL,"Take a slow, deep breath in. And let it out. Now, ask yourself, ""Am I willing to go one minute without smoking?"" When that minute is over, ask yourself this question again.",quitting,3
R_3RgXfJmoKNcXlYA,How you would feel later on if you smoked during this social situation? Now think how good you'll feel for resisting!,quitting,3
R_ymcaGl7POG3cDdL,"Ask yourself, ""What do I need right now? Is it really a smoke, or is there something else I need? How can I best take care of myself right now?""",quitting,3
R_ymcaGl7POG3cDdL,"Some people find it helpful to give a name to their urge. If you're experiencing regular urges, give that feeling a name ('Olga the urge'?), and tell it that you won't give in to it. It may make it easier to live with (e.g. ""ok Olga, I need to be by myself now..."").",quitting,4
R_3RgXfJmoKNcXlYA,Pause. Notice what triggered you to smoke in the past. Now take one deep breath and remind yourself that you do not need to smoke.,quitting,3
R_3RgXfJmoKNcXlYA,Pause. Notice what triggered you to smoke in the past. Now take one deep breath and remind yourself that you do not need to smoke.,quitting,3
R_3RgXfJmoKNcXlYA,"When you notice yourself trapped in stressful thoughts or worry, say out loud, ""I'm noticing that I'm having some worrisome thoughts."" This helps unhook you from your thoughts so you don't stay caught in them.",quitting,3
R_3RgXfJmoKNcXlYA,"Urges to smoke usually only last a few minutes. Distract yourself by NOT thinking about giraffes, or leave the situation until it passes.",quitting,3
R_3RgXfJmoKNcXlYA,"Instead of smoking, think of 3 things from today that you are grateful for. These can be anything, even small things! Now ask yourself, why are you grateful for these things?",quitting,3
R_3RgXfJmoKNcXlYA,"Add the phrase “I’m having the thought that…” in front of your unhelpful thoughts. For example, “I’m having the thought that I need a cigarette.” Your thoughts are not always true or helpful! They are just thoughts.",quitting,4
R_3RgXfJmoKNcXlYA,"Don't let anyone tell you how you should or shouldn't feel today. You feel how you feel and that's it. If you're happy and grateful then enjoy the moment, if you're angry and frustrated, know that this will pass.",quitting,3
R_3RgXfJmoKNcXlYA,Setting small goals when you feel unmotivated is best. Maybe a small goal for now is to breathe deeply for the next 3 minutes instead of smoking.,quitting,3
R_3RgXfJmoKNcXlYA,Imagine that your urge is a backseat passenger trying to distract you from reaching your destination. See if you can choose to keep driving instead of allowing your urges to distract you from where you want to go.,quitting,3
R_3RgXfJmoKNcXlYA,"You were often stressed in this location and this might trigger urges. What can you do to reduce your stress here? If you can avoid this place until things settle down, then do.",quitting,3
R_3sB4F7dfT1MpVPK,"When running a marathon, the hardest part is often towards the end, but many runners stick with it, knowing that the pain will pass. Learning to quit smoking is like running a marathon - if it gets hard, you may be closer to succeeding than you realize!",quitting,5
R_3sB4F7dfT1MpVPK,"Think of your anxious mind like a toddler throwing a tantrum. The best way to respond is to quietly watch, but not give in.",quitting,3
R_3sB4F7dfT1MpVPK,"Keep your mind occupied if you get an urge. Do a mental puzzle, make your next shopping list, read a book, write a poem…you might be surprised how well occupying your mind can get rid of urges.",quitting,5
R_3sB4F7dfT1MpVPK,Pause and take 5 slow breaths. Pausing just for a moment breaks the automatic habit of reaching for a smoke.,quitting,5
R_3sB4F7dfT1MpVPK,"Use self-talk to stay motivated and determined. Say, “I don't need a cigarette. I might WANT one, but I don’t NEED it.”",quitting,5
R_3sB4F7dfT1MpVPK,"When you begin to crave a cig, concentrate on your reasons for not smoking. Keep a list on your phone and look at it when you feel yourself beginning to falter.",quitting,5
R_3sB4F7dfT1MpVPK,"Imagine your 'you' from next year has come to visit, and guess what? You quit! How good is that?",quitting,1
R_3sB4F7dfT1MpVPK,Ways of dealing with urges: play a game or an online quiz.,quitting,5
R_3oMlHDYNS7qjrv0,"Instead of lighting up a cigarette, light a scented candle or burn some incense.",quitting,3
R_3oMlHDYNS7qjrv0,"Each time you let an urge pass without smoking, you break the old habit a bit more.",quitting,5
R_3oMlHDYNS7qjrv0,"If you miss doing something with your hands, try turning a coin or pen over and over with your fingers.",quitting,1
R_3oMlHDYNS7qjrv0,Ways of dealing with urges: play a game or an online quiz.,quitting,3
R_3oMlHDYNS7qjrv0,"If you get any urges tonight, why not confront them head on? Ask the urge - what's it going to give you? It's not going to make you richer, or better looking, and it's not going to leave you if you give in either!",quitting,4
R_3oMlHDYNS7qjrv0,"You don't have to act on this feeling by smoking or doing anything about it. Give it some space, breathe, and see if it changes. Let the urge and feeling be there while you focus on doing something you care about.",quitting,5
R_3sB4F7dfT1MpVPK,"Think of urges as loud construction noises. Sometimes there's nothing you can do except agree that it's annoying. If you fight it, you feel more irritated, right? Let your urge be there until it passes on its own.",quitting,1
R_3oMlHDYNS7qjrv0,What inspires you most to quit smoking? Are you willing to let this urge pass without smoking for that reason?,quitting,3
R_3oMlHDYNS7qjrv0,Now is a good time for BREAKS B=stop and Brake R=Read how your body feels E=Expand and take deep breaths A=Allow everything to be as it is K=Know what's important to you S=take 1 Step in a direction important to you,quitting,5
R_3oMlHDYNS7qjrv0,Craving a cig? Plan a fun activity you can do when you get home as a reward for not smoking.,quitting,5
R_ymcaGl7POG3cDdL,"It's quite common for people to try and give themselves reasons for having 'just one' when they start working on quitting smoking. If you have these thoughts, let them happen, then picture yourself putting them into a hot-air balloon and watch them float away.",quitting,2
R_31yAQ1GCGjcYECK,"Some places trigger powerful cravings, that is to be expected. Stop and notice where in your body you feel those cravings and remind yourself that cravings typically pass in 1 to 3 minutes",quitting,4
R_3oMlHDYNS7qjrv0,"The best way to deal with any urges from being around smokers is to get out of the situation briefly until it goes. Make an excuse, go to the toilet, go get some water, pretend you need to get some phone reception!",quitting,5
R_31yAQ1GCGjcYECK,"Urges can feel like stormy weather. But if you're the sky, you just let that storm come and go on it's own knowing that it won't last forever.",quitting,4
R_31yAQ1GCGjcYECK,"To keep on track, small changes can really help. For example, keep a list of quit reasons where you used to keep cigarettes, rearrange your living space, or grab some extra pens to fiddle with to keep your hands busy.",quitting,4
R_31yAQ1GCGjcYECK,"It's quite common for people to try and give themselves reasons for having 'just one' when they start working on quitting smoking. If you have these thoughts, let them happen, then picture yourself putting them into a hot-air balloon and watch them float away.",quitting,5
R_31yAQ1GCGjcYECK,"Add the phrase “I’m having the thought that…” in front of your unhelpful thoughts. For example, “I’m having the thought that I need a cigarette.” Your thoughts are not always true or helpful! They are just thoughts.",quitting,5
R_31yAQ1GCGjcYECK,"You spent a long time training your brain to want a cig. Now you're retraining your brain, and it's natural that this might take time.",quitting,5
R_31yAQ1GCGjcYECK,"One way to combat any urges is to keep your mouth busy - some people find that chewing sugar free gum, mints, or even a pen can be a good alternative.",quitting,5
R_31yAQ1GCGjcYECK,Imagine walking into a social situation in three months' time as a non-smoker. Now hold that picture and imagine you're that person now. Seeing yourself as a non-smoker now can make it much easier to resist!,quitting,5
R_31yAQ1GCGjcYECK,"If you find yourself thinking: ""I can't do this"", ""I need a cig"", or ""I'll just have one"", make sure you tell yourself ""I absolutely CAN do this"", ""I'm in control"". Take control of your negative thoughts!",quitting,5
R_31yAQ1GCGjcYECK,"Think of your anxious mind like a toddler throwing a tantrum. The best way to respond is to quietly watch, but not give in.",quitting,3
R_2xCWMKetnQTbHhS,"Recent research has found that people who use self-talk when they try not to smoke (e.g. telling yourself 'you can do it') are more successful than people who don't. It might seem a bit strange, but talking to yourself like this appears to really help.",quitting,4
R_2xCWMKetnQTbHhS,"If you're stuck at home and physical activity doesn't interest you, try gaming, needlework, drawing, or journaling.",quitting,4
R_2xCWMKetnQTbHhS,"To keep on track, small changes can really help. For example, keep a list of quit reasons where you used to keep cigarettes, rearrange your living space, or grab some extra pens to fiddle with to keep your hands busy.",quitting,5
R_2xCWMKetnQTbHhS,"Just because letting an urge pass isn't easy, doesn't mean that you can't do it. Try it, you might surprise yourself.",quitting,3
R_2xCWMKetnQTbHhS,"Spend 3 minutes noticing how your hands feel, how your mouth feels, and how your chest feels. The more you practice noticing these things without smoking, the sooner this place will stop being a trigger for you.",quitting,3
R_2xCWMKetnQTbHhS,Maybe you could use these few minutes to work out whose birthday is next and what message you'll write in their card? Then when it comes you'll have something original and well thought-out to write!,quitting,1
R_2xCWMKetnQTbHhS,"Stress is temporary. It comes and goes like passing clouds in the sky. When stress demands you to light up, remember you can let it pass by without smoking.",quitting,5
R_2xCWMKetnQTbHhS,"Have confidence in knowing that you can have this urge, choose not to smoke, be okay, and choose to do things that matter most to you.",quitting,4
R_2xCWMKetnQTbHhS,Think about a happy memory to ease the difficulty of your urge. Is there something you have been wanting to do for a while that you know you would enjoy? Reading? Walking? Calling a friend? Doing a puzzle? Do something that matters to you instead of smoking.,quitting,5
R_2xCWMKetnQTbHhS,"Urges can feel like stormy weather. But if you're the sky, you just let that storm come and go on it's own knowing that it won't last forever.",quitting,5
R_3p3HtZSt7tVTDzF,"Just because other people are smoking, doesn't mean you have to. Practice allowing this urge to be present for 5 minutes. When it passes, give yourself credit.",quitting,1
R_3p3HtZSt7tVTDzF,"Ask yourself, ""What do I need right now? Is it really a smoke, or is there something else I need? How can I best take care of myself right now?""",quitting,5
R_3p3HtZSt7tVTDzF,"If you find yourself thinking: ""I can't do this"", ""I need a cig"", or ""I'll just have one"", make sure you tell yourself ""I absolutely CAN do this"", ""I'm in control"". Take control of your negative thoughts!",quitting,5
R_3p3HtZSt7tVTDzF,"Just because letting an urge pass isn't easy, doesn't mean that you can't do it. Try it, you might surprise yourself.",quitting,2
R_3p3HtZSt7tVTDzF,Notice what it feels like to see other people smoke and choose not to smoke. Notice what thoughts or emotions come up. Allow them to come and go. They will pass and so will this urge.,quitting,3
R_3p3HtZSt7tVTDzF,"If this situation becomes stressful for you, make an excuse to leave for a few minutes. If this doesn't help, it might be better to just leave early.",quitting,1
R_1P0oczpTJACNgTu,"To keep on track, small changes can really help. For example, keep a list of quit reasons where you used to keep cigarettes, rearrange your living space, or grab some extra pens to fiddle with to keep your hands busy.",content,1
R_3p3HtZSt7tVTDzF,"Instead of lighting up a cigarette, light a scented candle or burn some incense.",quitting,3
R_3p3HtZSt7tVTDzF,"Life can get you really stressed out, but turning to cigs isn't the answer. Call or text family and friends instead. Ask them to help you stay on track.",quitting,1
R_3p3HtZSt7tVTDzF,Did you know that just seeing other people smoke activates a part of your brain that is connected with the action of you smoking? This can bring on strong urges to smoke. One simple solution is to avoid seeing others smoke.,quitting,5
R_3p3HtZSt7tVTDzF,"The best way to deal with any urges from being around smokers is to get out of the situation briefly until it goes. Make an excuse, go to the toilet, go get some water, pretend you need to get some phone reception!",quitting,3
R_1P0oczpTJACNgTu,"Instead of smoking, write a quick note to yourself explaining why ditching cigs is important to you. Carry it with you and read it when you feel like lighting up.",content,1
R_1P0oczpTJACNgTu,"If you get any urges tonight, why not confront them head on? Ask the urge - what's it going to give you? It's not going to make you richer, or better looking, and it's not going to leave you if you give in either!",content,1
R_1P0oczpTJACNgTu,"Instead of smoking, keep your fingers busy by scrolling through your phone.",content,3
R_1P0oczpTJACNgTu,Pause. Notice the feelings you are having without judgement. Let them come and go. Being aware of your feelings means you can make a new choice about how you respond to your urges instead of smoking on autopilot.,content,2
R_1P0oczpTJACNgTu,"Crumple a piece of paper into a ball and imagine it is your urge. Toss the ""urge"" into the garbage or against the wall. By doing this, you are letting go of your urges.",content,1
R_1P0oczpTJACNgTu,Setting small goals when you feel unmotivated is best. Maybe a small goal for now is to breathe deeply for the next 3 minutes instead of smoking.,content,3
R_1P0oczpTJACNgTu,"When smoking, it can feel like your hands are for holding a cigarette, your mouth is for smoking the cigarette, and your chest and lungs need to breathe in the smoke. Spend 3 minutes noticing how your hands feel, how your mouth feels, and how your chest feels. The more you practice noticing these things without smoking, the sooner your body will stop being a trigger for you.",content,4
R_1P0oczpTJACNgTu,Pause. Notice the feelings you are having without judgement. Let them come and go. Being aware of your feelings means you can make a new choice about how you respond to your urges instead of smoking on autopilot.,content,2
R_2PBQT9n6oKAcXSA,Notice how stress and anxiety may pull you and make you want to smoke. Just notice this. You can choose to just notice and not smoke.,content,4
R_1P0oczpTJACNgTu,No need to get rid of these feelings or control them with a smoke. They are not permanent.,content,5
R_1P0oczpTJACNgTu,"Tell yourself, “I am going to quit smoking soon.” Say it out loud. Say to yourself, “I am too strong to continue smoking for the rest of my life.""",content,3
R_2PBQT9n6oKAcXSA,"Reduce your stress by using your next break to list four things that have gone well so far today. It might feel like a bit of effort, but doing this will help your mind to refocus, and help you to feel calmer.",content,4
R_2PBQT9n6oKAcXSA,"If you're stuck at home and physical activity doesn't interest you, try gaming, needlework, drawing, or journaling.",content,4
R_2PBQT9n6oKAcXSA,"If you have trouble resisting a craving when other smokers are around, try carrying a water bottle and taking a sip every time you want to ask for a cig.",content,3
R_2PBQT9n6oKAcXSA,"If you get any urges tonight, why not confront them head on? Ask the urge - what's it going to give you? It's not going to make you richer, or better looking, and it's not going to leave you if you give in either!",content,4
R_2PBQT9n6oKAcXSA,"Urges to smoke usually only last a few minutes. Distract yourself by NOT thinking about giraffes, or leave the situation until it passes.",content,4
R_2PBQT9n6oKAcXSA,Imagine that your urge is a backseat passenger trying to distract you from reaching your destination. See if you can choose to keep driving instead of allowing your urges to distract you from where you want to go.,content,4
R_2PBQT9n6oKAcXSA,Maybe you could use these few minutes to work out whose birthday is next and what message you'll write in their card? Then when it comes you'll have something original and well thought-out to write!,content,3
R_ThjMPFNDnRudi4F,"Seeing other people smoke is a predictable and unavoidable trigger. Take 5 slow, deep breaths and remind yourself that the urge will pass and that you do not need to smoke.",content,5
R_2PBQT9n6oKAcXSA,"A funny thing about people is that we tend to believe what we tell ourselves. So make sure that whatever else happens today, tell yourself ""I can, and I will stick to not smoking!""",content,4
R_2PBQT9n6oKAcXSA,"If you miss doing something with your hands, try turning a coin or pen over and over with your fingers.",content,4
R_ThjMPFNDnRudi4F,Don't test yourself needlessly. If this social situation gets uncomfortable then leave briefly if you can. It really helps and it's fine to do it more than once!,content,5
R_ThjMPFNDnRudi4F,"Picture the people or things you care deeply about. On a scale of 0-10, how willing are you to let this urge pass for those reasons?",content,5
R_ThjMPFNDnRudi4F,"Read this rule out loud (if you can): IF someone offers me a cigarette THEN I will say 'no thanks, I don't want one.' Reading out if/then rules has been shown to help people stick with their decisions.",content,5
R_ThjMPFNDnRudi4F,"If you are tempted to smoke by being in this location, see if you can sit with that temptation for 1 minute. When the minute is over, do it again. Soon, it should pass.",content,5
R_ThjMPFNDnRudi4F,What can you do right now to break the automatic habit of smoking to help you feel better? Pause. Close your eyes. And take 10 slow breaths.,content,5
R_ThjMPFNDnRudi4F,"Crumple a piece of paper into a ball and imagine it is your urge. Toss the ""urge"" into the garbage or against the wall. By doing this, you are letting go of your urges.",content,5
R_ThjMPFNDnRudi4F,"When a craving hits, keep your hands busy by doing the dishes or taking out the trash. Small chores will help pass the time during a craving.",content,5
R_ThjMPFNDnRudi4F,"Practice going 10 minutes without smoking. Think of it just as practice. When the urge passes, reward yourself with a break from work or dinner from your favorite restaurant!",content,5
R_ThjMPFNDnRudi4F,"If you miss doing something with your hands, try turning a coin or pen over and over with your fingers.",content,5
R_3Matzl9c3RQUXt4,Keep picturing yourself getting home later today knowing that you've gained a smoke-free day. It's nearly a reality!,content,4
R_3Matzl9c3RQUXt4,"If you have trouble resisting a craving when other smokers are around, try carrying a water bottle and taking a sip every time you want to ask for a cig.",content,5
R_3Matzl9c3RQUXt4,Take a deep breath. Focus on today and the things you have accomplished. How many urges have you let pass? Give yourself some credit!,content,4
R_3Matzl9c3RQUXt4,"Each time you let an urge pass without smoking, you break the old habit a bit more.",content,3
R_3sB4F7dfT1MpVPK,Notice how stress and anxiety may pull you and make you want to smoke. Just notice this. You can choose to just notice and not smoke.,quitting,2
R_3Matzl9c3RQUXt4,Imagine walking into a social situation in three months' time as a non-smoker. Now hold that picture and imagine you're that person now. Seeing yourself as a non-smoker now can make it much easier to resist!,content,4
R_3Matzl9c3RQUXt4,"Think of your anxious mind like a toddler throwing a tantrum. The best way to respond is to quietly watch, but not give in.",content,4
R_3Matzl9c3RQUXt4,"You don't have to act on this feeling by smoking or doing anything about it. Give it some space, breathe, and see if it changes. Let the urge and feeling be there while you focus on doing something you care about.",content,3
R_3Matzl9c3RQUXt4,"If you are tempted to smoke by being in this location, see if you can sit with that temptation for 1 minute. When the minute is over, do it again. Soon, it should pass.",content,4
R_3Matzl9c3RQUXt4,"Just because letting an urge pass isn't easy, doesn't mean that you can't do it. Try it, you might surprise yourself.",content,5
R_2hJAKbiGgSIIvux,How you would feel later on if you smoked during this social situation? Now think how good you'll feel for resisting!,content,3
R_2hJAKbiGgSIIvux,"One way to combat any urges is to keep your mouth busy - some people find that chewing sugar free gum, mints, or even a pen can be a good alternative.",content,5
R_3Matzl9c3RQUXt4,"Some people find it helpful to give a name to their urge. If you're experiencing regular urges, give that feeling a name ('Olga the urge'?), and tell it that you won't give in to it. It may make it easier to live with (e.g. ""ok Olga, I need to be by myself now..."").",content,5
R_2hJAKbiGgSIIvux,"Ask yourself, ""What do I need right now? Is it really a smoke, or is there something else I need? How can I best take care of myself right now?""",content,5
R_2hJAKbiGgSIIvux,"If you miss doing something with your hands, try turning a coin or pen over and over with your fingers.",content,4
R_2hJAKbiGgSIIvux,Notice how stress and anxiety may pull you and make you want to smoke. Just notice this. You can choose to just notice and not smoke.,content,4
R_2hJAKbiGgSIIvux,Practice staying in this location without smoking. Just notice your urge. Practicing this will weaken this trigger with time. Just think of it as practice.,content,3
R_2hJAKbiGgSIIvux,"If you have trouble resisting a craving when other smokers are around, try carrying a water bottle and taking a sip every time you want to ask for a cig.",content,5
R_sjRaT0GEpLySTwl,"Sometimes an urge comes on like a wave. Imagine what it is like to ride the wave as it ebbs and flows. Instead of trying to swim against it, try riding it out until it disappears into the sea.",content,5
R_sjRaT0GEpLySTwl,"Remind yourself that by staying quit, you'll be freeing yourself from the constant cycle of cigarette, nicotine withdrawal, feeling stressed as a result and wanting another cigarette. Keep going and this will be a thing of the past!",content,5
R_2hJAKbiGgSIIvux,"Notice what is triggering your urge. Have understanding and kindness for yourself for feeling this urge. It isn't easy, but can you choose to let it be there without smoking?",content,5
R_sjRaT0GEpLySTwl,Take a deep breath and let it out slowly. Notice that you are completely OK for this one breath. Do it again.,content,5
R_2hJAKbiGgSIIvux,"You were often stressed in this location and this might trigger urges. What can you do to reduce your stress here? If you can avoid this place until things settle down, then do.",content,4
R_sjRaT0GEpLySTwl,"Read this rule out loud (if you can): IF someone offers me a cigarette THEN I will say 'no thanks, I don't want one.' Reading out if/then rules has been shown to help people stick with their decisions.",content,5
R_sjRaT0GEpLySTwl,Maybe you could use these few minutes to work out whose birthday is next and what message you'll write in their card? Then when it comes you'll have something original and well thought-out to write!,content,5
R_sjRaT0GEpLySTwl,Notice what it feels like to see other people smoke and choose not to smoke. Notice what thoughts or emotions come up. Allow them to come and go. They will pass and so will this urge.,content,5
R_2hJAKbiGgSIIvux,"This craving is just an event. A game. It will pass. The game gets easier the more you let your urge pass without smoking. But, it gets harder every time you give in to the urge and smoke.",content,5
R_sjRaT0GEpLySTwl,Now is a good time for BREAKS B=stop and Brake R=Read how your body feels E=Expand and take deep breaths A=Allow everything to be as it is K=Know what's important to you S=take 1 Step in a direction important to you,content,5
R_sjRaT0GEpLySTwl,Imagine this urge as just another backseat passenger that hopped in after seeing other people smoke. You are the driver and you still get to call the shots.,content,5
R_sjRaT0GEpLySTwl,"Tell yourself, “I am going to quit smoking soon.” Say it out loud. Say to yourself, “I am too strong to continue smoking for the rest of my life.""",content,5
R_sjRaT0GEpLySTwl,"Picture the people or things you care deeply about. On a scale of 0-10, how willing are you to let this urge pass for those reasons?",content,5
R_1LG1SlUQdJOQXzg,"Are you willing to let this urge pass for the sake of living a good long time with the people who matter most to you? When you have an urge, think about the people most important to you.",content,3
R_1LG1SlUQdJOQXzg,Imagine walking into a social situation in three months' time as a non-smoker. Now hold that picture and imagine you're that person now. Seeing yourself as a non-smoker now can make it much easier to resist!,content,5
R_1LG1SlUQdJOQXzg,Now is a good time for BREAKS B=stop and Brake R=Read how your body feels E=Expand and take deep breaths A=Allow everything to be as it is K=Know what's important to you S=take 1 Step in a direction important to you,content,2
R_1LG1SlUQdJOQXzg,"If you miss doing something with your hands, try turning a coin or pen over and over with your fingers.",content,5
R_1LG1SlUQdJOQXzg,"Step back from what is stressful by taking 10 slow breaths. Count them as you go and notice your breath. If you get distracted, keep starting over until you get to 10.",content,3
R_1LG1SlUQdJOQXzg,"Imagine your 'you' from next year has come to visit, and guess what? You quit! How good is that?",content,5
R_2Sc0zN6ZtNhyqgq,Pause. Notice the feelings you are having without judgement. Let them come and go. Being aware of your feelings means you can make a new choice about how you respond to your urges instead of smoking on autopilot.,content,5
R_2Sc0zN6ZtNhyqgq,"Even though you are stressed, are you willing to sit with this urge until it passes if will help you break this habit?",content,4
R_1LG1SlUQdJOQXzg,Take a deep breath and let it out slowly. Notice that you are completely OK for this one breath. Do it again.,content,5
R_2Sc0zN6ZtNhyqgq,Pause. Notice the feelings you are having without judgement. Let them come and go. Being aware of your feelings means you can make a new choice about how you respond to your urges instead of smoking on autopilot.,content,5
R_2Sc0zN6ZtNhyqgq,"A funny thing about people is that we tend to believe what we tell ourselves. So make sure that whatever else happens today, tell yourself ""I can, and I will stick to not smoking!""",content,5
R_1LG1SlUQdJOQXzg,"When you are stressed, it is easy to focus on the things that are going wrong. Take a few moments to focus on 5 things that have gone well or that you are thankful for this week.",content,4
R_1LG1SlUQdJOQXzg,"As smokers are usually with you in this location, it's really important that you're not with them when they smoke. Consider avoiding this place if possible until things settle down.",content,4
R_2Sc0zN6ZtNhyqgq,"Try to stop smoking by setting yourself a rule. For example, ""IF I am tempted, THEN I will chew on some mints"" - make your own rule that will work for you.",content,5
R_2Sc0zN6ZtNhyqgq,Notice how stress and anxiety may pull you and make you want to smoke. Just notice this. You can choose to just notice and not smoke.,content,5
R_2Sc0zN6ZtNhyqgq,See what it is like to let the urge pass. You can have an urge and choose not to smoke.,content,5
R_2Sc0zN6ZtNhyqgq,Did you know that just seeing other people smoke activates a part of your brain that is connected with the action of you smoking? This can bring on strong urges to smoke. One simple solution is to avoid seeing others smoke.,content,5
R_2Sc0zN6ZtNhyqgq,"When smoking, it can feel like your hands are for holding a cigarette, your mouth is for smoking the cigarette, and your chest and lungs need to breathe in the smoke. Spend 3 minutes noticing how your hands feel, how your mouth feels, and how your chest feels. The more you practice noticing these things without smoking, the sooner your body will stop being a trigger for you.",content,5
R_2Sc0zN6ZtNhyqgq,You cant always control when you will see other people smoking. But you can control how you respond to your urge when you do.,content,4
R_3j7Brs4OzZYgDDM,"If you find yourself with a few minutes to spare, it can be nice to read back over old messages. It's also a chance to reply to ones that you might have forgotten about!",content,4
R_3j7Brs4OzZYgDDM,"When smoking, it can feel like your hands are for holding a cigarette, your mouth is for smoking the cigarette, and your chest and lungs need to breathe in the smoke. Spend 3 minutes noticing how your hands feel, how your mouth feels, and how your chest feels. The more you practice noticing these things without smoking, the sooner your body will stop being a trigger for you.",content,5
R_3j7Brs4OzZYgDDM,Setting small goals when you feel unmotivated is best. Maybe a small goal for now is to breathe deeply for the next 3 minutes instead of smoking.,content,5
R_3j7Brs4OzZYgDDM,"To keep on track, small changes can really help. For example, keep a list of quit reasons where you used to keep cigarettes, rearrange your living space, or grab some extra pens to fiddle with to keep your hands busy.",content,5
R_3j7Brs4OzZYgDDM,"If you get urges, remind yourself that cigarettes did that to you. If you go back to them, they will keep making you suffer. Now you are breaking free.",content,5
R_3j7Brs4OzZYgDDM,Take a deep breath. Focus on today and the things you have accomplished. How many urges have you let pass? Give yourself some credit!,content,4
R_2Sc0zN6ZtNhyqgq,"As smokers are usually with you in this location, it's really important that you're not with them when they smoke. Consider avoiding this place if possible until things settle down.",content,4
R_3j7Brs4OzZYgDDM,"If you are tempted to smoke by being in this location, see if you can sit with that temptation for 1 minute. When the minute is over, do it again. Soon, it should pass.",content,5
R_3j7Brs4OzZYgDDM,"If leaving social situations to avoid smokers feels awkward, make sure you have something to do instead - take sugar free mints, lollipops or low fat snacks to chew, or use a stress ball.",content,4
R_OdINEEhkfMxwJB7,"Step back from what is stressful by taking 10 slow breaths. Count them as you go and notice your breath. If you get distracted, keep starting over until you get to 10.",content,5
R_OdINEEhkfMxwJB7,Take a deep breath. Focus on today and the things you have accomplished. How many urges have you let pass? Give yourself some credit!,content,4
R_OdINEEhkfMxwJB7,"Write down why you want to stop smoking to resist a craving. Remember, trying something to beat the urge is always better than doing nothing. Each time you resist a cig, you're one step closer to being tobacco-free.",content,5
R_OdINEEhkfMxwJB7,"Instead of smoking, take 10 deep, slow breaths and count them. Pay attention to what your breathing feels like. If you lose count, that's okay, just start over at 1 until you get to 10.",content,5
R_3j7Brs4OzZYgDDM,"Feelings aren't permanent. They are always changing like the weather. Observe the storm that is coming, but don't fight it. Eventually the weather will change.",content,5
R_OdINEEhkfMxwJB7,"When you begin to crave a cig, concentrate on your reasons for not smoking. Keep a list on your phone and look at it when you feel yourself beginning to falter.",content,5
R_3j7Brs4OzZYgDDM,"Think about your hero, or someone you admire. What do you admire about them? Often our heroes are people who struggle and succeed in difficult circumstances. Now's the chance to be your own hero - by not smoking despite the challenges of stress and strong urges!",content,5
R_OdINEEhkfMxwJB7,Imagine walking into a social situation in three months' time as a non-smoker. Now hold that picture and imagine you're that person now. Seeing yourself as a non-smoker now can make it much easier to resist!,content,5
R_OdINEEhkfMxwJB7,Did you know that just seeing other people smoke activates a part of your brain that is connected with the action of you smoking? This can bring on strong urges to smoke. One simple solution is to avoid seeing others smoke.,content,5
R_2qque2GwbtMO3RI,"Some places trigger powerful cravings, that is to be expected. Stop and notice where in your body you feel those cravings and remind yourself that cravings typically pass in 1 to 3 minutes",content,3
R_OdINEEhkfMxwJB7,"Try to avoid seeing other people smoke. It might sound basic but brain see, brain want! If you can, make life easier and avoid the people you used to smoke with for some time where possible.",content,5
R_OdINEEhkfMxwJB7,"If you find yourself with a few minutes to spare, it can be nice to read back over old messages. It's also a chance to reply to ones that you might have forgotten about!",content,4
R_OdINEEhkfMxwJB7,"It's quite common for people to try and give themselves reasons for having 'just one' when they start working on quitting smoking. If you have these thoughts, let them happen, then picture yourself putting them into a hot-air balloon and watch them float away.",content,5
R_2qque2GwbtMO3RI,"Instead of smoking, think of 3 things from today that you are grateful for. These can be anything, even small things! Now ask yourself, why are you grateful for these things?",content,3
R_2qque2GwbtMO3RI,"A funny thing about people is that we tend to believe what we tell ourselves. So make sure that whatever else happens today, tell yourself ""I can, and I will stick to not smoking!""",content,4
R_2qque2GwbtMO3RI,What can you do right now to break the automatic habit of smoking to help you feel better? Pause. Close your eyes. And take 10 slow breaths.,content,4
R_2qque2GwbtMO3RI,Did you know that just seeing other people smoke activates a part of your brain that is connected with the action of you smoking? This can bring on strong urges to smoke. One simple solution is to avoid seeing others smoke.,content,5
R_2qque2GwbtMO3RI,Pause. Notice the feelings you are having without judgement. Let them come and go. Being aware of your feelings means you can make a new choice about how you respond to your urges instead of smoking on autopilot.,content,5
R_2qque2GwbtMO3RI,"Try to avoid seeing other people smoke. It might sound basic but brain see, brain want! If you can, make life easier and avoid the people you used to smoke with for some time where possible.",content,4
R_2qque2GwbtMO3RI,"Think of urges as loud construction noises. Sometimes there's nothing you can do except agree that it's annoying. If you fight it, you feel more irritated, right? Let your urge be there until it passes on its own.",content,4
R_2qque2GwbtMO3RI,"The best way to deal with any urges from being around smokers is to get out of the situation briefly until it goes. Make an excuse, go to the toilet, go get some water, pretend you need to get some phone reception!",content,4
R_2qque2GwbtMO3RI,Pause. Notice the feelings you are having without judgement. Let them come and go. Being aware of your feelings means you can make a new choice about how you respond to your urges instead of smoking on autopilot.,content,5
R_2qque2GwbtMO3RI,"Each time you choose to not smoke after seeing someone else light up, you lessen the habit a little more.",content,4
R_1mI4ds4xsqeSdci,"This craving is just an event. A game. It will pass. The game gets easier the more you let your urge pass without smoking. But, it gets harder every time you give in to the urge and smoke.",content,5
R_1mI4ds4xsqeSdci,"Instead of smoking, take 10 deep, slow breaths and count them. Pay attention to what your breathing feels like. If you lose count, that's okay, just start over at 1 until you get to 10.",content,4
R_1mI4ds4xsqeSdci,Pause. Notice what triggered you to smoke in the past. Now take one deep breath and remind yourself that you do not need to smoke.,content,4
R_1mI4ds4xsqeSdci,Pause. Notice what triggered you to smoke in the past. Now take one deep breath and remind yourself that you do not need to smoke.,content,4
R_1mI4ds4xsqeSdci,"The best way to deal with any urges from being around smokers is to get out of the situation briefly until it goes. Make an excuse, go to the toilet, go get some water, pretend you need to get some phone reception!",content,5
R_1mI4ds4xsqeSdci,"When you begin to crave a cig, concentrate on your reasons for not smoking. Keep a list on your phone and look at it when you feel yourself beginning to falter.",content,4
R_1mI4ds4xsqeSdci,"Some people find that having a simple mantra can really help, especially if things feel stressful. Try repeating something simple to yourself like: ""I can do it!"".",content,3
R_1mI4ds4xsqeSdci,"Think of urges as loud construction noises. Sometimes there's nothing you can do except agree that it's annoying. If you fight it, you feel more irritated, right? Let your urge be there until it passes on its own.",content,3
R_01DKDv1e2j40qE9,"Instead of smoking, use the next two minutes to pay close attention to your senses. Notice what you see, hear, feel, taste, and smell. Urges are just one part of your experience.",content,4
R_1mI4ds4xsqeSdci,"Think about your hero, or someone you admire. What do you admire about them? Often our heroes are people who struggle and succeed in difficult circumstances. Now's the chance to be your own hero - by not smoking despite the challenges of stress and strong urges!",content,5
R_01DKDv1e2j40qE9,"Spend 3 minutes noticing how your hands feel, how your mouth feels, and how your chest feels. The more you practice noticing these things without smoking, the sooner this place will stop being a trigger for you.",content,4
R_1mI4ds4xsqeSdci,Keep picturing yourself getting home later today knowing that you've gained a smoke-free day. It's nearly a reality!,content,4
R_01DKDv1e2j40qE9,Notice how stress and anxiety may pull you and make you want to smoke. Just notice this. You can choose to just notice and not smoke.,content,4
R_01DKDv1e2j40qE9,"Try to avoid seeing other people smoke. It might sound basic but brain see, brain want! If you can, make life easier and avoid the people you used to smoke with for some time where possible.",content,5
R_1mI4ds4xsqeSdci,Take a deep breath and let it out slowly. Notice that you are completely OK for this one breath. Do it again.,content,4
R_01DKDv1e2j40qE9,Don't test yourself needlessly. If this social situation gets uncomfortable then leave briefly if you can. It really helps and it's fine to do it more than once!,content,4
R_01DKDv1e2j40qE9,Acknowledge your unhelpful thought by writing it down on a piece of paper. Then let it be on it's way by crumpling it up and tossing it in a trash can.,content,5
R_01DKDv1e2j40qE9,"Remind yourself that by staying quit, you'll be freeing yourself from the constant cycle of cigarette, nicotine withdrawal, feeling stressed as a result and wanting another cigarette. Keep going and this will be a thing of the past!",content,5
R_01DKDv1e2j40qE9,"Think of your anxious mind like a toddler throwing a tantrum. The best way to respond is to quietly watch, but not give in.",content,5
R_01DKDv1e2j40qE9,"It can be tricky to be around friends or colleagues who are still smoking. If you're finding it tough, try and think about the things that you are doing well.",content,4
R_2Qs1DPL7HxlSFWT,"Even though you are stressed, are you willing to sit with this urge until it passes if will help you break this habit?",content,3
R_2Qs1DPL7HxlSFWT,How you would feel later on if you smoked during this social situation? Now think how good you'll feel for resisting!,content,4
R_2Qs1DPL7HxlSFWT,"When smoking, it can feel like your hands are for holding a cigarette, your mouth is for smoking the cigarette, and your chest and lungs need to breathe in the smoke. Spend 3 minutes noticing how your hands feel, how your mouth feels, and how your chest feels. The more you practice noticing these things without smoking, the sooner your body will stop being a trigger for you.",content,5
R_01DKDv1e2j40qE9,"Don't let anyone tell you how you should or shouldn't feel today. You feel how you feel and that's it. If you're happy and grateful then enjoy the moment, if you're angry and frustrated, know that this will pass.",content,5
R_2Qs1DPL7HxlSFWT,"Instead of smoking, write a quick note to yourself explaining why ditching cigs is important to you. Carry it with you and read it when you feel like lighting up.",content,5
R_2Qs1DPL7HxlSFWT,"Read this rule out loud (if you can): IF someone offers me a cigarette THEN I will say 'no thanks, I don't want one.' Reading out if/then rules has been shown to help people stick with their decisions.",content,4
R_2Qs1DPL7HxlSFWT,"Picture the people or things you care deeply about. On a scale of 0-10, how willing are you to let this urge pass for those reasons?",content,5
R_2Qs1DPL7HxlSFWT,What can you do right now to break the automatic habit of smoking when you are here? Pause. Close your eyes. And take 10 slow breaths.,content,4
R_2Qs1DPL7HxlSFWT,"Ask yourself, ""From 0-10, how willing am I to let this urge pass without smoking?"" Let it pass to be closer to the things that matter most to you.",content,5
R_2Qs1DPL7HxlSFWT,Urges are like annoying ads. You might see them but you don't have to buy what they're selling.,content,4
R_2Qs1DPL7HxlSFWT,Ways of dealing with urges: play a game or an online quiz.,content,4
R_cZPMSJQ0H2cCJA5,"If you miss doing something with your hands, try turning a coin or pen over and over with your fingers.",content,4
R_cZPMSJQ0H2cCJA5,"Don't let anyone tell you how you should or shouldn't feel today. You feel how you feel and that's it. If you're happy and grateful then enjoy the moment, if you're angry and frustrated, know that this will pass.",content,5
R_cZPMSJQ0H2cCJA5,"Instead of lighting up a cigarette, light a scented candle or burn some incense.",content,2
R_cZPMSJQ0H2cCJA5,"Notice what is triggering your urge. Have understanding and kindness for yourself for feeling this urge. It isn't easy, but can you choose to let it be there without smoking?",content,5
R_1eFc3o9lO4Xcg1L,"When your mind tells you that you will be less stressed after smoking a cigarette, remember that you don't have to listen to that thought. It's just a thought and nothing more.",content,5
R_cZPMSJQ0H2cCJA5,"You don't have to act on this feeling by smoking or doing anything about it. Give it some space, breathe, and see if it changes. Let the urge and feeling be there while you focus on doing something you care about.",content,4
R_cZPMSJQ0H2cCJA5,"When your mind tells you that you will be less stressed after smoking a cigarette, remember that you don't have to listen to that thought. It's just a thought and nothing more.",content,2
R_cZPMSJQ0H2cCJA5,What can you do right now to break the automatic habit of smoking to help you feel better? Pause. Close your eyes. And take 10 slow breaths.,content,3
R_cZPMSJQ0H2cCJA5,"A funny thing about people is that we tend to believe what we tell ourselves. So make sure that whatever else happens today, tell yourself ""I can, and I will stick to not smoking!""",content,4
R_1eFc3o9lO4Xcg1L,"Are you feeling down because you are thinking of smoking? It's really important to be kind to yourself, and to make sure you give yourself praise too!",content,1
R_1eFc3o9lO4Xcg1L,"Read this rule out loud (if you can): IF someone offers me a cigarette THEN I will say 'no thanks, I don't want one.' Reading out if/then rules has been shown to help people stick with their decisions.",content,5
R_1eFc3o9lO4Xcg1L,"Instead of smoking, think of 3 things from today that you are grateful for. These can be anything, even small things! Now ask yourself, why are you grateful for these things?",content,5
R_1eFc3o9lO4Xcg1L,"Think of your anxious mind like a toddler throwing a tantrum. The best way to respond is to quietly watch, but not give in.",content,1
R_1eFc3o9lO4Xcg1L,"Have confidence in knowing that you can have this urge, choose not to smoke, be okay, and choose to do things that matter most to you.",content,3
R_cZPMSJQ0H2cCJA5,What can you do right now to break the automatic habit of smoking when you are here? Pause. Close your eyes. And take 10 slow breaths.,content,3
R_1eFc3o9lO4Xcg1L,Pause and take 5 slow breaths. Pausing just for a moment breaks the automatic habit of reaching for a smoke.,content,1
R_1eFc3o9lO4Xcg1L,"You don't have to act on this feeling by smoking or doing anything about it. Give it some space, breathe, and see if it changes. Let the urge and feeling be there while you focus on doing something you care about.",content,5
R_27pAyfbKynLvuPb,Pause. Notice the feelings you are having without judgement. Let them come and go. Being aware of your feelings means you can make a new choice about how you respond to your urges instead of smoking on autopilot.,content,3
R_1eFc3o9lO4Xcg1L,"Tell yourself, “I am going to quit smoking soon.” Say it out loud. Say to yourself, “I am too strong to continue smoking for the rest of my life.""",content,5
R_27pAyfbKynLvuPb,Take a deep breath. Focus on today and the things you have accomplished. How many urges have you let pass? Give yourself some credit!,content,5
R_27pAyfbKynLvuPb,Pause. Notice the feelings you are having without judgement. Let them come and go. Being aware of your feelings means you can make a new choice about how you respond to your urges instead of smoking on autopilot.,content,3
R_cZPMSJQ0H2cCJA5,"Remind yourself that by staying quit, you'll be freeing yourself from the constant cycle of cigarette, nicotine withdrawal, feeling stressed as a result and wanting another cigarette. Keep going and this will be a thing of the past!",content,4
R_27pAyfbKynLvuPb,"Think of your anxious mind like a toddler throwing a tantrum. The best way to respond is to quietly watch, but not give in.",content,5
R_27pAyfbKynLvuPb,"Are you feeling down because you are thinking of smoking? It's really important to be kind to yourself, and to make sure you give yourself praise too!",content,4
R_27pAyfbKynLvuPb,"When you notice yourself trapped in stressful thoughts or worry, say out loud, ""I'm noticing that I'm having some worrisome thoughts."" This helps unhook you from your thoughts so you don't stay caught in them.",content,4
R_27pAyfbKynLvuPb,"When a craving hits, keep your hands busy by doing the dishes or taking out the trash. Small chores will help pass the time during a craving.",content,5
R_27pAyfbKynLvuPb,"Urges to smoke usually only last a few minutes. Distract yourself by NOT thinking about giraffes, or leave the situation until it passes.",content,3
R_27pAyfbKynLvuPb,"Feelings aren't permanent. They are always changing like the weather. Observe the storm that is coming, but don't fight it. Eventually the weather will change.",content,2
R_27pAyfbKynLvuPb,"If this situation becomes stressful for you, make an excuse to leave for a few minutes. If this doesn't help, it might be better to just leave early.",content,3
R_22oaTRQmQd44IFl,"Life can get you really stressed out, but turning to cigs isn't the answer. Call or text family and friends instead. Ask them to help you stay on track.",content,4
R_27pAyfbKynLvuPb,"Urges can feel like stormy weather. But if you're the sky, you just let that storm come and go on it's own knowing that it won't last forever.",content,5
R_22oaTRQmQd44IFl,"Just because other people are smoking, doesn't mean you have to. Practice allowing this urge to be present for 5 minutes. When it passes, give yourself credit.",content,4
R_22oaTRQmQd44IFl,Take a deep breath and let it out slowly. Notice that you are completely OK for this one breath. Do it again.,content,4
R_22oaTRQmQd44IFl,"The best way to deal with any urges from being around smokers is to get out of the situation briefly until it goes. Make an excuse, go to the toilet, go get some water, pretend you need to get some phone reception!",content,4
R_22oaTRQmQd44IFl,"Try to stop smoking by setting yourself a rule. For example, ""IF I am tempted, THEN I will chew on some mints"" - make your own rule that will work for you.",content,3
R_22oaTRQmQd44IFl,Don't test yourself needlessly. If this social situation gets uncomfortable then leave briefly if you can. It really helps and it's fine to do it more than once!,content,3
R_22oaTRQmQd44IFl,"One way to combat any urges is to keep your mouth busy - some people find that chewing sugar free gum, mints, or even a pen can be a good alternative.",content,3
R_22oaTRQmQd44IFl,"Just because letting an urge pass isn't easy, doesn't mean that you can't do it. Try it, you might surprise yourself.",content,4
R_2D5GfkXQvKZhy7R,"Add the phrase “I’m having the thought that…” in front of your unhelpful thoughts. For example, “I’m having the thought that I need a cigarette.” Your thoughts are not always true or helpful! They are just thoughts.",content,3
R_2D5GfkXQvKZhy7R,"Reduce your stress by using your next break to list four things that have gone well so far today. It might feel like a bit of effort, but doing this will help your mind to refocus, and help you to feel calmer.",content,3
R_2D5GfkXQvKZhy7R,"Spend 3 minutes noticing how your hands feel, how your mouth feels, and how your chest feels. The more you practice noticing these things without smoking, the sooner this place will stop being a trigger for you.",content,3
R_22oaTRQmQd44IFl,"If you usually smoke while you talk on the phone, keep a pen and paper nearby to occupy your hands with doodling rather than smoking.",content,5
R_2D5GfkXQvKZhy7R,"Sometimes an urge comes on like a wave. Imagine what it is like to ride the wave as it ebbs and flows. Instead of trying to swim against it, try riding it out until it disappears into the sea.",content,3
R_2D5GfkXQvKZhy7R,"If you have trouble resisting a craving when other smokers are around, try carrying a water bottle and taking a sip every time you want to ask for a cig.",content,4
R_2D5GfkXQvKZhy7R,"Recent research has found that people who use self-talk when they try not to smoke (e.g. telling yourself 'you can do it') are more successful than people who don't. It might seem a bit strange, but talking to yourself like this appears to really help.",content,4
R_2D5GfkXQvKZhy7R,"Crumple a piece of paper into a ball and imagine it is your urge. Toss the ""urge"" into the garbage or against the wall. By doing this, you are letting go of your urges.",content,3
R_2D5GfkXQvKZhy7R,Take a deep breath and let it out slowly. Notice that you are completely OK for this one breath. Do it again.,content,4
R_2qfu7ht5gDHoJ68,"When your mind tells you that you will be less stressed after smoking a cigarette, remember that you don't have to listen to that thought. It's just a thought and nothing more.",content,5
R_2qfu7ht5gDHoJ68,"Try to avoid seeing other people smoke. It might sound basic but brain see, brain want! If you can, make life easier and avoid the people you used to smoke with for some time where possible.",content,4
R_2qfu7ht5gDHoJ68,Take a deep breath and let it out slowly. Notice that you are completely OK for this one breath. Do it again.,content,5
R_2qfu7ht5gDHoJ68,"When a craving hits, keep your hands busy by doing the dishes or taking out the trash. Small chores will help pass the time during a craving.",content,5
R_2qfu7ht5gDHoJ68,"Some people find it helpful to give a name to their urge. If you're experiencing regular urges, give that feeling a name ('Olga the urge'?), and tell it that you won't give in to it. It may make it easier to live with (e.g. ""ok Olga, I need to be by myself now..."").",content,2
R_2D5GfkXQvKZhy7R,"To keep on track, small changes can really help. For example, keep a list of quit reasons where you used to keep cigarettes, rearrange your living space, or grab some extra pens to fiddle with to keep your hands busy.",content,3
R_2D5GfkXQvKZhy7R,Imagine that your urge is a backseat passenger trying to distract you from reaching your destination. See if you can choose to keep driving instead of allowing your urges to distract you from where you want to go.,content,3
R_3NJLRjV6sukDhjC,"Even though you are stressed, are you willing to sit with this urge until it passes if will help you break this habit?",content,4
R_3NJLRjV6sukDhjC,"The best way to deal with any urges from being around smokers is to get out of the situation briefly until it goes. Make an excuse, go to the toilet, go get some water, pretend you need to get some phone reception!",content,3
R_2qfu7ht5gDHoJ68,"Practice going 10 minutes without smoking. Think of it just as practice. When the urge passes, reward yourself with a break from work or dinner from your favorite restaurant!",content,4
R_3NJLRjV6sukDhjC,"Instead of lighting up a cigarette, light a scented candle or burn some incense.",content,4
R_2qfu7ht5gDHoJ68,Practice staying in this location without smoking. Just notice your urge. Practicing this will weaken this trigger with time. Just think of it as practice.,content,3
R_2qfu7ht5gDHoJ68,"Are you feeling down because you are thinking of smoking? It's really important to be kind to yourself, and to make sure you give yourself praise too!",content,5
R_2qfu7ht5gDHoJ68,See what it is like to let the urge pass. You can have an urge and choose not to smoke.,content,5
R_3NJLRjV6sukDhjC,"A funny thing about people is that we tend to believe what we tell ourselves. So make sure that whatever else happens today, tell yourself ""I can, and I will stick to not smoking!""",content,5
R_3NJLRjV6sukDhjC,"Think of your anxious mind like a toddler throwing a tantrum. The best way to respond is to quietly watch, but not give in.",content,4
R_3NJLRjV6sukDhjC,Take a deep breath and let it out slowly. Notice that you are completely OK for this one breath. Do it again.,content,3
R_3NJLRjV6sukDhjC,You might find that you have more time now that you're trying to cut some cigarettes. Some people find that going for a walk can help fill the gap. Or take a nap if you can!,content,4
R_3NJLRjV6sukDhjC,"Have confidence in knowing that you can have this urge, choose not to smoke, be okay, and choose to do things that matter most to you.",content,5
R_3NJLRjV6sukDhjC,"Are you willing to let this urge pass for the sake of living a good long time with the people who matter most to you? When you have an urge, think about the people most important to you.",content,5
R_3e8jljgMGHnAWTy,"Think about your hero, or someone you admire. What do you admire about them? Often our heroes are people who struggle and succeed in difficult circumstances. Now's the chance to be your own hero - by not smoking despite the challenges of stress and strong urges!",content,5
R_3e8jljgMGHnAWTy,"If you usually smoke while you talk on the phone, try taking the next call in a place where you can't smoke and focus on the conversation. The urge will pass.",content,4
R_3NJLRjV6sukDhjC,"Use self-talk to stay motivated and determined. Say, “I don't need a cigarette. I might WANT one, but I don’t NEED it.”",content,3
R_3e8jljgMGHnAWTy,"Try to avoid seeing other people smoke. It might sound basic but brain see, brain want! If you can, make life easier and avoid the people you used to smoke with for some time where possible.",content,4
R_3e8jljgMGHnAWTy,"Think about times in the past when you have let urges pass during a stressful moment, and notice what helped make that moment easier.",content,4
R_3e8jljgMGHnAWTy,"Some people find it helpful to give a name to their urge. If you're experiencing regular urges, give that feeling a name ('Olga the urge'?), and tell it that you won't give in to it. It may make it easier to live with (e.g. ""ok Olga, I need to be by myself now..."").",content,4
R_3e8jljgMGHnAWTy,"If you find yourself thinking: ""I can't do this"", ""I need a cig"", or ""I'll just have one"", make sure you tell yourself ""I absolutely CAN do this"", ""I'm in control"". Take control of your negative thoughts!",content,4
R_3e8jljgMGHnAWTy,No need to get rid of these feelings or control them with a smoke. They are not permanent.,content,4
R_3e8jljgMGHnAWTy,You might find that you have more time now that you're trying to cut some cigarettes. Some people find that going for a walk can help fill the gap. Or take a nap if you can!,content,4
R_3e8jljgMGHnAWTy,"If you get urges, remind yourself that cigarettes did that to you. If you go back to them, they will keep making you suffer. Now you are breaking free.",content,4
R_1NyBd9879uhiFyx,Notice how stress and anxiety may pull you and make you want to smoke. Just notice this. You can choose to just notice and not smoke.,content,2
R_3e8jljgMGHnAWTy,"Read this rule out loud (if you can): IF someone offers me a cigarette THEN I will say 'no thanks, I don't want one.' Reading out if/then rules has been shown to help people stick with their decisions.",content,4
R_1NyBd9879uhiFyx,"As smokers are usually with you in this location, it's really important that you're not with them when they smoke. Consider avoiding this place if possible until things settle down.",content,3
R_1NyBd9879uhiFyx,"Each time you let an urge pass without smoking, you break the old habit a bit more.",content,3
R_1NyBd9879uhiFyx,It's normal to have some doubts during a quit attempt. Keep your quit reasons on hand to remind yourself if ever you feel uncertain or undecided.,content,2
R_1NyBd9879uhiFyx,"This craving is just an event. A game. It will pass. The game gets easier the more you let your urge pass without smoking. But, it gets harder every time you give in to the urge and smoke.",content,3
R_1NyBd9879uhiFyx,"Are you feeling down because you are thinking of smoking? It's really important to be kind to yourself, and to make sure you give yourself praise too!",content,1
R_2qfu7ht5gDHoJ68,"If this situation becomes stressful for you, make an excuse to leave for a few minutes. If this doesn't help, it might be better to just leave early.",content,2
R_1NyBd9879uhiFyx,"Just because letting an urge pass isn't easy, doesn't mean that you can't do it. Try it, you might surprise yourself.",content,3
R_1NyBd9879uhiFyx,"Seeing other people smoke is a predictable and unavoidable trigger. Take 5 slow, deep breaths and remind yourself that the urge will pass and that you do not need to smoke.",content,3
R_1NyBd9879uhiFyx,"If this situation becomes stressful for you, make an excuse to leave for a few minutes. If this doesn't help, it might be better to just leave early.",content,3
R_2CCcdZctBtZISqw,"Some people find it helpful to give a name to their urge. If you're experiencing regular urges, give that feeling a name ('Olga the urge'?), and tell it that you won't give in to it. It may make it easier to live with (e.g. ""ok Olga, I need to be by myself now..."").",content,3
R_2CCcdZctBtZISqw,What inspires you most to quit smoking? Are you willing to let this urge pass without smoking for that reason?,content,4
R_2CCcdZctBtZISqw,"Add the phrase “I’m having the thought that…” in front of your unhelpful thoughts. For example, “I’m having the thought that I need a cigarette.” Your thoughts are not always true or helpful! They are just thoughts.",content,3
R_2CCcdZctBtZISqw,Try chewing gum if you have trouble resisting smoking when other people light up around you.,content,3
R_2CCcdZctBtZISqw,Keep picturing yourself getting home later today knowing that you've gained a smoke-free day. It's nearly a reality!,content,2
R_2CCcdZctBtZISqw,No need to get rid of these feelings or control them with a smoke. They are not permanent.,content,3
R_2CCcdZctBtZISqw,"Remind yourself that by staying quit, you'll be freeing yourself from the constant cycle of cigarette, nicotine withdrawal, feeling stressed as a result and wanting another cigarette. Keep going and this will be a thing of the past!",content,3
R_2CCcdZctBtZISqw,Urges are like annoying ads. You might see them but you don't have to buy what they're selling.,content,3
R_egP8p0fYmBRXwYx,"Feelings aren't permanent. They are always changing like the weather. Observe the storm that is coming, but don't fight it. Eventually the weather will change.",content,5
R_egP8p0fYmBRXwYx,"Are you willing to let this urge pass for the sake of living a good long time with the people who matter most to you? When you have an urge, think about the people most important to you.",content,5
R_egP8p0fYmBRXwYx,"When you notice yourself trapped in stressful thoughts or worry, say out loud, ""I'm noticing that I'm having some worrisome thoughts."" This helps unhook you from your thoughts so you don't stay caught in them.",content,4
R_2CCcdZctBtZISqw,"Try to avoid seeing other people smoke. It might sound basic but brain see, brain want! If you can, make life easier and avoid the people you used to smoke with for some time where possible.",content,4
R_2CCcdZctBtZISqw,"Life can get you really stressed out, but turning to cigs isn't the answer. Call or text family and friends instead. Ask them to help you stay on track.",content,4
R_egP8p0fYmBRXwYx,"If you find yourself with a few minutes to spare, it can be nice to read back over old messages. It's also a chance to reply to ones that you might have forgotten about!",content,4
R_egP8p0fYmBRXwYx,"The best way to deal with any urges from being around smokers is to get out of the situation briefly until it goes. Make an excuse, go to the toilet, go get some water, pretend you need to get some phone reception!",content,5
R_XtWSw8c5Mx7OJTX,"Keep your mind occupied if you get an urge. Do a mental puzzle, make your next shopping list, read a book, write a poem…you might be surprised how well occupying your mind can get rid of urges.",content,4
R_egP8p0fYmBRXwYx,"To help get through a 'risky situation', remind yourself of how far you've come and the effort that you've put in. Don't ruin your hard work - stay strong!",content,5
R_egP8p0fYmBRXwYx,"If you find yourself thinking: ""I can't do this"", ""I need a cig"", or ""I'll just have one"", make sure you tell yourself ""I absolutely CAN do this"", ""I'm in control"". Take control of your negative thoughts!",content,5
R_egP8p0fYmBRXwYx,"Imagine your urge is like a talk radio station going on about something you disagree with. Arguing with it doesn't change what they say. Instead, just let them talk while you focus on what's important to you.",content,4
R_egP8p0fYmBRXwYx,Stop! Breathe. What is going on around you? Inside you? Allow everything to be just as it is. Breathe again.,content,4
R_XtWSw8c5Mx7OJTX,Practice staying in this location without smoking. Just notice your urge. Practicing this will weaken this trigger with time. Just think of it as practice.,content,4
R_egP8p0fYmBRXwYx,"A funny thing about people is that we tend to believe what we tell ourselves. So make sure that whatever else happens today, tell yourself ""I can, and I will stick to not smoking!""",content,5
R_XtWSw8c5Mx7OJTX,You don’t need to get rid of or change your thoughts about smoking—just let them pass by like a cloud in the sky.,content,3
R_XtWSw8c5Mx7OJTX,"Think about your hero, or someone you admire. What do you admire about them? Often our heroes are people who struggle and succeed in difficult circumstances. Now's the chance to be your own hero - by not smoking despite the challenges of stress and strong urges!",content,3
R_XtWSw8c5Mx7OJTX,"Tell yourself, “I am going to quit smoking soon.” Say it out loud. Say to yourself, “I am too strong to continue smoking for the rest of my life.""",content,4
R_XtWSw8c5Mx7OJTX,What inspires you most to quit smoking? Are you willing to let this urge pass without smoking for that reason?,content,2
R_XtWSw8c5Mx7OJTX,"Ask yourself, ""What do I need right now? Is it really a smoke, or is there something else I need? How can I best take care of myself right now?""",content,4
R_XtWSw8c5Mx7OJTX,You cant always control when you will see other people smoking. But you can control how you respond to your urge when you do.,content,3
R_XtWSw8c5Mx7OJTX,"Picture the people or things you care deeply about. On a scale of 0-10, how willing are you to let this urge pass for those reasons?",content,3
R_1CHf8El9WmqE3l2,"It's quite common for people to try and give themselves reasons for having 'just one' when they start working on quitting smoking. If you have these thoughts, let them happen, then picture yourself putting them into a hot-air balloon and watch them float away.",content,3
R_XtWSw8c5Mx7OJTX,"Imagine your urge is like a talk radio station going on about something you disagree with. Arguing with it doesn't change what they say. Instead, just let them talk while you focus on what's important to you.",content,3
R_1CHf8El9WmqE3l2,"Imagine your 'you' from next year has come to visit, and guess what? You quit! How good is that?",content,3
R_1CHf8El9WmqE3l2,Imagine walking into a social situation in three months' time as a non-smoker. Now hold that picture and imagine you're that person now. Seeing yourself as a non-smoker now can make it much easier to resist!,content,5
R_1CHf8El9WmqE3l2,"You don't have to act on this feeling by smoking or doing anything about it. Give it some space, breathe, and see if it changes. Let the urge and feeling be there while you focus on doing something you care about.",content,3
R_1CHf8El9WmqE3l2,Stop and take 3 deep breaths. Then decide if you really want to smoke right now or not. Pausing for a few breaths can help lessen the habit.,content,2
R_1CHf8El9WmqE3l2,"When you begin to crave a cig, concentrate on your reasons for not smoking. Keep a list on your phone and look at it when you feel yourself beginning to falter.",content,4
R_1CHf8El9WmqE3l2,Take a deep breath and let it out slowly. Notice that you are completely OK for this one breath. Do it again.,content,2
R_1CHf8El9WmqE3l2,"The best way to deal with any urges from being around smokers is to get out of the situation briefly until it goes. Make an excuse, go to the toilet, go get some water, pretend you need to get some phone reception!",content,5
R_1CHf8El9WmqE3l2,How you would feel later on if you smoked during this social situation? Now think how good you'll feel for resisting!,content,4
R_1CHf8El9WmqE3l2,"Crumple a piece of paper into a ball and imagine it is your urge. Toss the ""urge"" into the garbage or against the wall. By doing this, you are letting go of your urges.",content,1
R_1K42Ti9DFVWU3di,"When smoking, it can feel like your hands are for holding a cigarette, your mouth is for smoking the cigarette, and your chest and lungs need to breathe in the smoke. Spend 3 minutes noticing how your hands feel, how your mouth feels, and how your chest feels. The more you practice noticing these things without smoking, the sooner your body will stop being a trigger for you.",content,4
R_1K42Ti9DFVWU3di,"As smokers are usually with you in this location, it's really important that you're not with them when they smoke. Consider avoiding this place if possible until things settle down.",content,2
R_1K42Ti9DFVWU3di,"Whenever you think about smoking, listen to your favorite song and sing it out loud!",content,5
R_1K42Ti9DFVWU3di,"Each time you let an urge pass without smoking, you break the old habit a bit more.",content,4
R_1K42Ti9DFVWU3di,"Crumple a piece of paper into a ball and imagine it is your urge. Toss the ""urge"" into the garbage or against the wall. By doing this, you are letting go of your urges.",content,4
R_1K42Ti9DFVWU3di,"You were often stressed in this location and this might trigger urges. What can you do to reduce your stress here? If you can avoid this place until things settle down, then do.",content,4
R_1K42Ti9DFVWU3di,"Instead of smoking, use the next two minutes to pay close attention to your senses. Notice what you see, hear, feel, taste, and smell. Urges are just one part of your experience.",content,5
R_1K42Ti9DFVWU3di,"When you notice yourself trapped in stressful thoughts or worry, say out loud, ""I'm noticing that I'm having some worrisome thoughts."" This helps unhook you from your thoughts so you don't stay caught in them.",content,4
R_1K42Ti9DFVWU3di,Take a minute to notice what the urge feels like in your body without smoking a cigarette. Notice what is going on. See what happens. Does the urge pass?,content,4
R_1K42Ti9DFVWU3di,"When you begin to crave a cig, concentrate on your reasons for not smoking. Keep a list on your phone and look at it when you feel yourself beginning to falter.",content,5
R_3ltdTCyEKIzUnHq,"Try to avoid seeing other people smoke. It might sound basic but brain see, brain want! If you can, make life easier and avoid the people you used to smoke with for some time where possible.",content,4
R_3ltdTCyEKIzUnHq,"Urges to smoke usually only last a few minutes. Distract yourself by NOT thinking about giraffes, or leave the situation until it passes.",content,3
R_3ltdTCyEKIzUnHq,"If you usually smoke while you talk on the phone, keep a pen and paper nearby to occupy your hands with doodling rather than smoking.",content,5
R_3ltdTCyEKIzUnHq,"To keep on track, small changes can really help. For example, keep a list of quit reasons where you used to keep cigarettes, rearrange your living space, or grab some extra pens to fiddle with to keep your hands busy.",content,4
R_3ltdTCyEKIzUnHq,"One way to combat any urges is to keep your mouth busy - some people find that chewing sugar free gum, mints, or even a pen can be a good alternative.",content,4
R_3ltdTCyEKIzUnHq,"Seeing other people smoke is a predictable and unavoidable trigger. Take 5 slow, deep breaths and remind yourself that the urge will pass and that you do not need to smoke.",content,4
R_3ltdTCyEKIzUnHq,"Keep your mind occupied if you get an urge. Do a mental puzzle, make your next shopping list, read a book, write a poem…you might be surprised how well occupying your mind can get rid of urges.",content,4
R_3ltdTCyEKIzUnHq,"Some places trigger powerful cravings, that is to be expected. Stop and notice where in your body you feel those cravings and remind yourself that cravings typically pass in 1 to 3 minutes",content,4
R_2f2nPA3eDsUQlKb,"Try to avoid seeing other people smoke. It might sound basic but brain see, brain want! If you can, make life easier and avoid the people you used to smoke with for some time where possible.",content,3
R_3ltdTCyEKIzUnHq,"Are you willing to let this urge pass for the sake of living a good long time with the people who matter most to you? When you have an urge, think about the people most important to you.",content,3
R_2f2nPA3eDsUQlKb,Maybe you could use these few minutes to work out whose birthday is next and what message you'll write in their card? Then when it comes you'll have something original and well thought-out to write!,content,3
R_2f2nPA3eDsUQlKb,"Think about times in the past when you have let urges pass during a stressful moment, and notice what helped make that moment easier.",content,5
R_2f2nPA3eDsUQlKb,Craving a cig? Plan a fun activity you can do when you get home as a reward for not smoking.,content,5
R_2f2nPA3eDsUQlKb,"You don't have to act on this feeling by smoking or doing anything about it. Give it some space, breathe, and see if it changes. Let the urge and feeling be there while you focus on doing something you care about.",content,5
R_2f2nPA3eDsUQlKb,What can you do right now to break the automatic habit of smoking when you are here? Pause. Close your eyes. And take 10 slow breaths.,content,4
R_3ltdTCyEKIzUnHq,"When you begin to crave a cig, concentrate on your reasons for not smoking. Keep a list on your phone and look at it when you feel yourself beginning to falter.",content,3
R_2f2nPA3eDsUQlKb,You cant always control when you will see other people smoking. But you can control how you respond to your urge when you do.,content,3
R_2f2nPA3eDsUQlKb,"Instead of lighting up a cigarette, light a scented candle or burn some incense.",content,4
R_2f2nPA3eDsUQlKb,What inspires you most to quit smoking? Are you willing to let this urge pass without smoking for that reason?,content,4
R_2f2nPA3eDsUQlKb,"Write down why you want to stop smoking to resist a craving. Remember, trying something to beat the urge is always better than doing nothing. Each time you resist a cig, you're one step closer to being tobacco-free.",content,4
R_2wGNF35bI9iFZIx,"One way to combat any urges is to keep your mouth busy - some people find that chewing sugar free gum, mints, or even a pen can be a good alternative.",content,5
R_2wGNF35bI9iFZIx,"Think about what is really important to you. Maybe it's spending time with family or a friend, exercising, doing something spiritual, or creating something. Whatever it is, take a step in that direction.",content,2
R_2wGNF35bI9iFZIx,"Tell yourself, “I am going to quit smoking soon.” Say it out loud. Say to yourself, “I am too strong to continue smoking for the rest of my life.""",content,1
R_2wGNF35bI9iFZIx,"Imagine your urge is like a talk radio station going on about something you disagree with. Arguing with it doesn't change what they say. Instead, just let them talk while you focus on what's important to you.",content,1
R_2wGNF35bI9iFZIx,You cant always control when you will see other people smoking. But you can control how you respond to your urge when you do.,content,3
R_2wGNF35bI9iFZIx,"It can be tricky to be around friends or colleagues who are still smoking. If you're finding it tough, try and think about the things that you are doing well.",content,1
R_2wGNF35bI9iFZIx,"Are you feeling down because you are thinking of smoking? It's really important to be kind to yourself, and to make sure you give yourself praise too!",content,1
R_ymcaGl7POG3cDdL,What can you do right now to break the automatic habit of smoking to help you feel better? Pause. Close your eyes. And take 10 slow breaths.,content,2
R_2wGNF35bI9iFZIx,Don't test yourself needlessly. If this social situation gets uncomfortable then leave briefly if you can. It really helps and it's fine to do it more than once!,content,3
R_ymcaGl7POG3cDdL,"Life can get you really stressed out, but turning to cigs isn't the answer. Call or text family and friends instead. Ask them to help you stay on track.",content,2
R_ymcaGl7POG3cDdL,"When smoking, it can feel like your hands are for holding a cigarette, your mouth is for smoking the cigarette, and your chest and lungs need to breathe in the smoke. Spend 3 minutes noticing how your hands feel, how your mouth feels, and how your chest feels. The more you practice noticing these things without smoking, the sooner your body will stop being a trigger for you.",content,3
R_ymcaGl7POG3cDdL,"You spent a long time training your brain to want a cig. Now you're retraining your brain, and it's natural that this might take time.",content,3
R_ymcaGl7POG3cDdL,"Ask yourself, ""What do I need right now? Is it really a smoke, or is there something else I need? How can I best take care of myself right now?""",content,2
R_2wGNF35bI9iFZIx,Think about a happy memory to ease the difficulty of your urge. Is there something you have been wanting to do for a while that you know you would enjoy? Reading? Walking? Calling a friend? Doing a puzzle? Do something that matters to you instead of smoking.,content,1
R_ymcaGl7POG3cDdL,"Think of urges as loud construction noises. Sometimes there's nothing you can do except agree that it's annoying. If you fight it, you feel more irritated, right? Let your urge be there until it passes on its own.",content,5
R_ymcaGl7POG3cDdL,"Take a slow, deep breath in. And let it out. Now, ask yourself, ""Am I willing to go one minute without smoking?"" When that minute is over, ask yourself this question again.",content,4
R_ymcaGl7POG3cDdL,"It's quite common for people to try and give themselves reasons for having 'just one' when they start working on quitting smoking. If you have these thoughts, let them happen, then picture yourself putting them into a hot-air balloon and watch them float away.",content,2
R_ymcaGl7POG3cDdL,"Some people find it helpful to give a name to their urge. If you're experiencing regular urges, give that feeling a name ('Olga the urge'?), and tell it that you won't give in to it. It may make it easier to live with (e.g. ""ok Olga, I need to be by myself now..."").",content,3
R_3RgXfJmoKNcXlYA,How you would feel later on if you smoked during this social situation? Now think how good you'll feel for resisting!,content,4
R_3RgXfJmoKNcXlYA,Pause. Notice what triggered you to smoke in the past. Now take one deep breath and remind yourself that you do not need to smoke.,content,3
R_3RgXfJmoKNcXlYA,"Instead of smoking, think of 3 things from today that you are grateful for. These can be anything, even small things! Now ask yourself, why are you grateful for these things?",content,4
R_3RgXfJmoKNcXlYA,Pause. Notice what triggered you to smoke in the past. Now take one deep breath and remind yourself that you do not need to smoke.,content,3
R_3RgXfJmoKNcXlYA,"When you notice yourself trapped in stressful thoughts or worry, say out loud, ""I'm noticing that I'm having some worrisome thoughts."" This helps unhook you from your thoughts so you don't stay caught in them.",content,3
R_3RgXfJmoKNcXlYA,Setting small goals when you feel unmotivated is best. Maybe a small goal for now is to breathe deeply for the next 3 minutes instead of smoking.,content,3
R_3RgXfJmoKNcXlYA,Imagine that your urge is a backseat passenger trying to distract you from reaching your destination. See if you can choose to keep driving instead of allowing your urges to distract you from where you want to go.,content,3
R_3RgXfJmoKNcXlYA,"Urges to smoke usually only last a few minutes. Distract yourself by NOT thinking about giraffes, or leave the situation until it passes.",content,3
R_3RgXfJmoKNcXlYA,"Add the phrase “I’m having the thought that…” in front of your unhelpful thoughts. For example, “I’m having the thought that I need a cigarette.” Your thoughts are not always true or helpful! They are just thoughts.",content,4
R_3RgXfJmoKNcXlYA,"Don't let anyone tell you how you should or shouldn't feel today. You feel how you feel and that's it. If you're happy and grateful then enjoy the moment, if you're angry and frustrated, know that this will pass.",content,4
R_3sB4F7dfT1MpVPK,"When running a marathon, the hardest part is often towards the end, but many runners stick with it, knowing that the pain will pass. Learning to quit smoking is like running a marathon - if it gets hard, you may be closer to succeeding than you realize!",content,5
R_3sB4F7dfT1MpVPK,Pause and take 5 slow breaths. Pausing just for a moment breaks the automatic habit of reaching for a smoke.,content,4
R_3RgXfJmoKNcXlYA,"You were often stressed in this location and this might trigger urges. What can you do to reduce your stress here? If you can avoid this place until things settle down, then do.",content,3
R_3sB4F7dfT1MpVPK,"Keep your mind occupied if you get an urge. Do a mental puzzle, make your next shopping list, read a book, write a poem…you might be surprised how well occupying your mind can get rid of urges.",content,5
R_3sB4F7dfT1MpVPK,"Think of urges as loud construction noises. Sometimes there's nothing you can do except agree that it's annoying. If you fight it, you feel more irritated, right? Let your urge be there until it passes on its own.",content,2
R_3sB4F7dfT1MpVPK,"Think of your anxious mind like a toddler throwing a tantrum. The best way to respond is to quietly watch, but not give in.",content,3
R_3sB4F7dfT1MpVPK,Notice how stress and anxiety may pull you and make you want to smoke. Just notice this. You can choose to just notice and not smoke.,content,2
R_3sB4F7dfT1MpVPK,"Imagine your 'you' from next year has come to visit, and guess what? You quit! How good is that?",content,1
R_3oMlHDYNS7qjrv0,"Each time you let an urge pass without smoking, you break the old habit a bit more.",content,5
R_3oMlHDYNS7qjrv0,Ways of dealing with urges: play a game or an online quiz.,content,3
R_3oMlHDYNS7qjrv0,"If you miss doing something with your hands, try turning a coin or pen over and over with your fingers.",content,2
R_3oMlHDYNS7qjrv0,"Instead of lighting up a cigarette, light a scented candle or burn some incense.",content,3
R_3oMlHDYNS7qjrv0,"If you get any urges tonight, why not confront them head on? Ask the urge - what's it going to give you? It's not going to make you richer, or better looking, and it's not going to leave you if you give in either!",content,4
R_3sB4F7dfT1MpVPK,Ways of dealing with urges: play a game or an online quiz.,content,5
R_3sB4F7dfT1MpVPK,"Use self-talk to stay motivated and determined. Say, “I don't need a cigarette. I might WANT one, but I don’t NEED it.”",content,5
R_3sB4F7dfT1MpVPK,"When you begin to crave a cig, concentrate on your reasons for not smoking. Keep a list on your phone and look at it when you feel yourself beginning to falter.",content,5
R_3oMlHDYNS7qjrv0,"You don't have to act on this feeling by smoking or doing anything about it. Give it some space, breathe, and see if it changes. Let the urge and feeling be there while you focus on doing something you care about.",content,4
R_3oMlHDYNS7qjrv0,"The best way to deal with any urges from being around smokers is to get out of the situation briefly until it goes. Make an excuse, go to the toilet, go get some water, pretend you need to get some phone reception!",content,5
R_31yAQ1GCGjcYECK,"Some places trigger powerful cravings, that is to be expected. Stop and notice where in your body you feel those cravings and remind yourself that cravings typically pass in 1 to 3 minutes",content,5
R_3oMlHDYNS7qjrv0,What inspires you most to quit smoking? Are you willing to let this urge pass without smoking for that reason?,content,4
R_3oMlHDYNS7qjrv0,Craving a cig? Plan a fun activity you can do when you get home as a reward for not smoking.,content,4
R_3oMlHDYNS7qjrv0,Now is a good time for BREAKS B=stop and Brake R=Read how your body feels E=Expand and take deep breaths A=Allow everything to be as it is K=Know what's important to you S=take 1 Step in a direction important to you,content,5
R_31yAQ1GCGjcYECK,"It's quite common for people to try and give themselves reasons for having 'just one' when they start working on quitting smoking. If you have these thoughts, let them happen, then picture yourself putting them into a hot-air balloon and watch them float away.",content,5
R_31yAQ1GCGjcYECK,"Add the phrase “I’m having the thought that…” in front of your unhelpful thoughts. For example, “I’m having the thought that I need a cigarette.” Your thoughts are not always true or helpful! They are just thoughts.",content,5
R_31yAQ1GCGjcYECK,"Urges can feel like stormy weather. But if you're the sky, you just let that storm come and go on it's own knowing that it won't last forever.",content,5
R_31yAQ1GCGjcYECK,Imagine walking into a social situation in three months' time as a non-smoker. Now hold that picture and imagine you're that person now. Seeing yourself as a non-smoker now can make it much easier to resist!,content,5
R_2wGNF35bI9iFZIx,You might find that you have more time now that you're trying to cut some cigarettes. Some people find that going for a walk can help fill the gap. Or take a nap if you can!,content,2
R_31yAQ1GCGjcYECK,"To keep on track, small changes can really help. For example, keep a list of quit reasons where you used to keep cigarettes, rearrange your living space, or grab some extra pens to fiddle with to keep your hands busy.",content,5
R_31yAQ1GCGjcYECK,"If you find yourself thinking: ""I can't do this"", ""I need a cig"", or ""I'll just have one"", make sure you tell yourself ""I absolutely CAN do this"", ""I'm in control"". Take control of your negative thoughts!",content,5
R_31yAQ1GCGjcYECK,"One way to combat any urges is to keep your mouth busy - some people find that chewing sugar free gum, mints, or even a pen can be a good alternative.",content,5
R_31yAQ1GCGjcYECK,"Think of your anxious mind like a toddler throwing a tantrum. The best way to respond is to quietly watch, but not give in.",content,5
R_31yAQ1GCGjcYECK,"You spent a long time training your brain to want a cig. Now you're retraining your brain, and it's natural that this might take time.",content,5
R_2xCWMKetnQTbHhS,"Spend 3 minutes noticing how your hands feel, how your mouth feels, and how your chest feels. The more you practice noticing these things without smoking, the sooner this place will stop being a trigger for you.",content,3
R_2xCWMKetnQTbHhS,"To keep on track, small changes can really help. For example, keep a list of quit reasons where you used to keep cigarettes, rearrange your living space, or grab some extra pens to fiddle with to keep your hands busy.",content,3
R_2xCWMKetnQTbHhS,"Recent research has found that people who use self-talk when they try not to smoke (e.g. telling yourself 'you can do it') are more successful than people who don't. It might seem a bit strange, but talking to yourself like this appears to really help.",content,3
R_2xCWMKetnQTbHhS,"Just because letting an urge pass isn't easy, doesn't mean that you can't do it. Try it, you might surprise yourself.",content,4
R_2xCWMKetnQTbHhS,Maybe you could use these few minutes to work out whose birthday is next and what message you'll write in their card? Then when it comes you'll have something original and well thought-out to write!,content,2
R_2xCWMKetnQTbHhS,"Stress is temporary. It comes and goes like passing clouds in the sky. When stress demands you to light up, remember you can let it pass by without smoking.",content,5
R_2xCWMKetnQTbHhS,"Have confidence in knowing that you can have this urge, choose not to smoke, be okay, and choose to do things that matter most to you.",content,4
R_2xCWMKetnQTbHhS,"If you're stuck at home and physical activity doesn't interest you, try gaming, needlework, drawing, or journaling.",content,4
R_3p3HtZSt7tVTDzF,"Ask yourself, ""What do I need right now? Is it really a smoke, or is there something else I need? How can I best take care of myself right now?""",content,5
R_3p3HtZSt7tVTDzF,"The best way to deal with any urges from being around smokers is to get out of the situation briefly until it goes. Make an excuse, go to the toilet, go get some water, pretend you need to get some phone reception!",content,3
R_3p3HtZSt7tVTDzF,"Just because other people are smoking, doesn't mean you have to. Practice allowing this urge to be present for 5 minutes. When it passes, give yourself credit.",content,2
R_3p3HtZSt7tVTDzF,Notice what it feels like to see other people smoke and choose not to smoke. Notice what thoughts or emotions come up. Allow them to come and go. They will pass and so will this urge.,content,4
R_2xCWMKetnQTbHhS,"Urges can feel like stormy weather. But if you're the sky, you just let that storm come and go on it's own knowing that it won't last forever.",content,5
R_3p3HtZSt7tVTDzF,"If you find yourself thinking: ""I can't do this"", ""I need a cig"", or ""I'll just have one"", make sure you tell yourself ""I absolutely CAN do this"", ""I'm in control"". Take control of your negative thoughts!",content,5
R_3p3HtZSt7tVTDzF,"Just because letting an urge pass isn't easy, doesn't mean that you can't do it. Try it, you might surprise yourself.",content,2
R_3p3HtZSt7tVTDzF,"Instead of lighting up a cigarette, light a scented candle or burn some incense.",content,3
R_3p3HtZSt7tVTDzF,"If this situation becomes stressful for you, make an excuse to leave for a few minutes. If this doesn't help, it might be better to just leave early.",content,2
R_3p3HtZSt7tVTDzF,"Life can get you really stressed out, but turning to cigs isn't the answer. Call or text family and friends instead. Ask them to help you stay on track.",content,2
R_3p3HtZSt7tVTDzF,Did you know that just seeing other people smoke activates a part of your brain that is connected with the action of you smoking? This can bring on strong urges to smoke. One simple solution is to avoid seeing others smoke.,content,5
R_2xCWMKetnQTbHhS,Think about a happy memory to ease the difficulty of your urge. Is there something you have been wanting to do for a while that you know you would enjoy? Reading? Walking? Calling a friend? Doing a puzzle? Do something that matters to you instead of smoking.,content,5
R_1P0oczpTJACNgTu,"To keep on track, small changes can really help. For example, keep a list of quit reasons where you used to keep cigarettes, rearrange your living space, or grab some extra pens to fiddle with to keep your hands busy.",design,3
R_1P0oczpTJACNgTu,"Instead of smoking, write a quick note to yourself explaining why ditching cigs is important to you. Carry it with you and read it when you feel like lighting up.",design,3
R_1P0oczpTJACNgTu,"Instead of smoking, keep your fingers busy by scrolling through your phone.",design,4
R_1P0oczpTJACNgTu,"Crumple a piece of paper into a ball and imagine it is your urge. Toss the ""urge"" into the garbage or against the wall. By doing this, you are letting go of your urges.",design,2
R_1P0oczpTJACNgTu,"If you get any urges tonight, why not confront them head on? Ask the urge - what's it going to give you? It's not going to make you richer, or better looking, and it's not going to leave you if you give in either!",design,1
R_1P0oczpTJACNgTu,Setting small goals when you feel unmotivated is best. Maybe a small goal for now is to breathe deeply for the next 3 minutes instead of smoking.,design,2
R_1P0oczpTJACNgTu,Pause. Notice the feelings you are having without judgement. Let them come and go. Being aware of your feelings means you can make a new choice about how you respond to your urges instead of smoking on autopilot.,design,3
R_2PBQT9n6oKAcXSA,Notice how stress and anxiety may pull you and make you want to smoke. Just notice this. You can choose to just notice and not smoke.,design,3
R_1P0oczpTJACNgTu,Pause. Notice the feelings you are having without judgement. Let them come and go. Being aware of your feelings means you can make a new choice about how you respond to your urges instead of smoking on autopilot.,design,2
R_1P0oczpTJACNgTu,No need to get rid of these feelings or control them with a smoke. They are not permanent.,design,3
R_2PBQT9n6oKAcXSA,"If you have trouble resisting a craving when other smokers are around, try carrying a water bottle and taking a sip every time you want to ask for a cig.",design,4
R_1P0oczpTJACNgTu,"When smoking, it can feel like your hands are for holding a cigarette, your mouth is for smoking the cigarette, and your chest and lungs need to breathe in the smoke. Spend 3 minutes noticing how your hands feel, how your mouth feels, and how your chest feels. The more you practice noticing these things without smoking, the sooner your body will stop being a trigger for you.",design,2
R_2PBQT9n6oKAcXSA,"Reduce your stress by using your next break to list four things that have gone well so far today. It might feel like a bit of effort, but doing this will help your mind to refocus, and help you to feel calmer.",design,3
R_1P0oczpTJACNgTu,"Tell yourself, “I am going to quit smoking soon.” Say it out loud. Say to yourself, “I am too strong to continue smoking for the rest of my life.""",design,3
R_2PBQT9n6oKAcXSA,"A funny thing about people is that we tend to believe what we tell ourselves. So make sure that whatever else happens today, tell yourself ""I can, and I will stick to not smoking!""",design,3
R_2PBQT9n6oKAcXSA,"If you get any urges tonight, why not confront them head on? Ask the urge - what's it going to give you? It's not going to make you richer, or better looking, and it's not going to leave you if you give in either!",design,4
R_2PBQT9n6oKAcXSA,"Urges to smoke usually only last a few minutes. Distract yourself by NOT thinking about giraffes, or leave the situation until it passes.",design,4
R_2PBQT9n6oKAcXSA,"If you're stuck at home and physical activity doesn't interest you, try gaming, needlework, drawing, or journaling.",design,3
R_2PBQT9n6oKAcXSA,Imagine that your urge is a backseat passenger trying to distract you from reaching your destination. See if you can choose to keep driving instead of allowing your urges to distract you from where you want to go.,design,3
R_2PBQT9n6oKAcXSA,Maybe you could use these few minutes to work out whose birthday is next and what message you'll write in their card? Then when it comes you'll have something original and well thought-out to write!,design,4
R_2PBQT9n6oKAcXSA,"If you miss doing something with your hands, try turning a coin or pen over and over with your fingers.",design,3
R_ThjMPFNDnRudi4F,"If you are tempted to smoke by being in this location, see if you can sit with that temptation for 1 minute. When the minute is over, do it again. Soon, it should pass.",design,5
R_ThjMPFNDnRudi4F,What can you do right now to break the automatic habit of smoking to help you feel better? Pause. Close your eyes. And take 10 slow breaths.,design,5
R_ThjMPFNDnRudi4F,"Read this rule out loud (if you can): IF someone offers me a cigarette THEN I will say 'no thanks, I don't want one.' Reading out if/then rules has been shown to help people stick with their decisions.",design,5
R_ThjMPFNDnRudi4F,"Seeing other people smoke is a predictable and unavoidable trigger. Take 5 slow, deep breaths and remind yourself that the urge will pass and that you do not need to smoke.",design,5
R_ThjMPFNDnRudi4F,"When a craving hits, keep your hands busy by doing the dishes or taking out the trash. Small chores will help pass the time during a craving.",design,5
R_ThjMPFNDnRudi4F,"Practice going 10 minutes without smoking. Think of it just as practice. When the urge passes, reward yourself with a break from work or dinner from your favorite restaurant!",design,5
R_ThjMPFNDnRudi4F,"Crumple a piece of paper into a ball and imagine it is your urge. Toss the ""urge"" into the garbage or against the wall. By doing this, you are letting go of your urges.",design,5
R_ThjMPFNDnRudi4F,"If you miss doing something with your hands, try turning a coin or pen over and over with your fingers.",design,5
R_3Matzl9c3RQUXt4,"Each time you let an urge pass without smoking, you break the old habit a bit more.",design,3
R_3Matzl9c3RQUXt4,"Think of your anxious mind like a toddler throwing a tantrum. The best way to respond is to quietly watch, but not give in.",design,4
R_3Matzl9c3RQUXt4,"If you have trouble resisting a craving when other smokers are around, try carrying a water bottle and taking a sip every time you want to ask for a cig.",design,5
R_3Matzl9c3RQUXt4,Keep picturing yourself getting home later today knowing that you've gained a smoke-free day. It's nearly a reality!,design,2
R_3Matzl9c3RQUXt4,"You don't have to act on this feeling by smoking or doing anything about it. Give it some space, breathe, and see if it changes. Let the urge and feeling be there while you focus on doing something you care about.",design,3
R_3Matzl9c3RQUXt4,Imagine walking into a social situation in three months' time as a non-smoker. Now hold that picture and imagine you're that person now. Seeing yourself as a non-smoker now can make it much easier to resist!,design,4
R_3Matzl9c3RQUXt4,"If you are tempted to smoke by being in this location, see if you can sit with that temptation for 1 minute. When the minute is over, do it again. Soon, it should pass.",design,4
R_3Matzl9c3RQUXt4,Take a deep breath. Focus on today and the things you have accomplished. How many urges have you let pass? Give yourself some credit!,design,3
R_3Matzl9c3RQUXt4,"Just because letting an urge pass isn't easy, doesn't mean that you can't do it. Try it, you might surprise yourself.",design,5
R_3Matzl9c3RQUXt4,"Some people find it helpful to give a name to their urge. If you're experiencing regular urges, give that feeling a name ('Olga the urge'?), and tell it that you won't give in to it. It may make it easier to live with (e.g. ""ok Olga, I need to be by myself now..."").",design,5
R_ThjMPFNDnRudi4F,"Picture the people or things you care deeply about. On a scale of 0-10, how willing are you to let this urge pass for those reasons?",design,5
R_ThjMPFNDnRudi4F,Don't test yourself needlessly. If this social situation gets uncomfortable then leave briefly if you can. It really helps and it's fine to do it more than once!,design,5
R_2hJAKbiGgSIIvux,Practice staying in this location without smoking. Just notice your urge. Practicing this will weaken this trigger with time. Just think of it as practice.,design,5
R_2hJAKbiGgSIIvux,Notice how stress and anxiety may pull you and make you want to smoke. Just notice this. You can choose to just notice and not smoke.,design,5
R_2hJAKbiGgSIIvux,"Ask yourself, ""What do I need right now? Is it really a smoke, or is there something else I need? How can I best take care of myself right now?""",design,4
R_2hJAKbiGgSIIvux,How you would feel later on if you smoked during this social situation? Now think how good you'll feel for resisting!,design,4
R_2hJAKbiGgSIIvux,"If you miss doing something with your hands, try turning a coin or pen over and over with your fingers.",design,4
R_2hJAKbiGgSIIvux,"If you have trouble resisting a craving when other smokers are around, try carrying a water bottle and taking a sip every time you want to ask for a cig.",design,5
R_2hJAKbiGgSIIvux,"This craving is just an event. A game. It will pass. The game gets easier the more you let your urge pass without smoking. But, it gets harder every time you give in to the urge and smoke.",design,5
R_2hJAKbiGgSIIvux,"One way to combat any urges is to keep your mouth busy - some people find that chewing sugar free gum, mints, or even a pen can be a good alternative.",design,4
R_2hJAKbiGgSIIvux,"Notice what is triggering your urge. Have understanding and kindness for yourself for feeling this urge. It isn't easy, but can you choose to let it be there without smoking?",design,3
R_sjRaT0GEpLySTwl,"Remind yourself that by staying quit, you'll be freeing yourself from the constant cycle of cigarette, nicotine withdrawal, feeling stressed as a result and wanting another cigarette. Keep going and this will be a thing of the past!",design,5
R_sjRaT0GEpLySTwl,Take a deep breath and let it out slowly. Notice that you are completely OK for this one breath. Do it again.,design,5
R_sjRaT0GEpLySTwl,"Read this rule out loud (if you can): IF someone offers me a cigarette THEN I will say 'no thanks, I don't want one.' Reading out if/then rules has been shown to help people stick with their decisions.",design,5
R_sjRaT0GEpLySTwl,"Sometimes an urge comes on like a wave. Imagine what it is like to ride the wave as it ebbs and flows. Instead of trying to swim against it, try riding it out until it disappears into the sea.",design,5
R_sjRaT0GEpLySTwl,Now is a good time for BREAKS B=stop and Brake R=Read how your body feels E=Expand and take deep breaths A=Allow everything to be as it is K=Know what's important to you S=take 1 Step in a direction important to you,design,5
R_2hJAKbiGgSIIvux,"You were often stressed in this location and this might trigger urges. What can you do to reduce your stress here? If you can avoid this place until things settle down, then do.",design,4
R_sjRaT0GEpLySTwl,Maybe you could use these few minutes to work out whose birthday is next and what message you'll write in their card? Then when it comes you'll have something original and well thought-out to write!,design,5
R_sjRaT0GEpLySTwl,Notice what it feels like to see other people smoke and choose not to smoke. Notice what thoughts or emotions come up. Allow them to come and go. They will pass and so will this urge.,design,5
R_sjRaT0GEpLySTwl,Imagine this urge as just another backseat passenger that hopped in after seeing other people smoke. You are the driver and you still get to call the shots.,design,5
R_sjRaT0GEpLySTwl,"Picture the people or things you care deeply about. On a scale of 0-10, how willing are you to let this urge pass for those reasons?",design,5
R_sjRaT0GEpLySTwl,"Tell yourself, “I am going to quit smoking soon.” Say it out loud. Say to yourself, “I am too strong to continue smoking for the rest of my life.""",design,5
R_1LG1SlUQdJOQXzg,"Step back from what is stressful by taking 10 slow breaths. Count them as you go and notice your breath. If you get distracted, keep starting over until you get to 10.",design,3
R_1LG1SlUQdJOQXzg,"Are you willing to let this urge pass for the sake of living a good long time with the people who matter most to you? When you have an urge, think about the people most important to you.",design,3
R_1LG1SlUQdJOQXzg,"When you are stressed, it is easy to focus on the things that are going wrong. Take a few moments to focus on 5 things that have gone well or that you are thankful for this week.",design,4
R_1LG1SlUQdJOQXzg,Now is a good time for BREAKS B=stop and Brake R=Read how your body feels E=Expand and take deep breaths A=Allow everything to be as it is K=Know what's important to you S=take 1 Step in a direction important to you,design,2
R_1LG1SlUQdJOQXzg,Imagine walking into a social situation in three months' time as a non-smoker. Now hold that picture and imagine you're that person now. Seeing yourself as a non-smoker now can make it much easier to resist!,design,5
R_1LG1SlUQdJOQXzg,"If you miss doing something with your hands, try turning a coin or pen over and over with your fingers.",design,5
R_1LG1SlUQdJOQXzg,Take a deep breath and let it out slowly. Notice that you are completely OK for this one breath. Do it again.,design,5
R_1LG1SlUQdJOQXzg,"As smokers are usually with you in this location, it's really important that you're not with them when they smoke. Consider avoiding this place if possible until things settle down.",design,4
R_1LG1SlUQdJOQXzg,"Imagine your 'you' from next year has come to visit, and guess what? You quit! How good is that?",design,5
R_2Sc0zN6ZtNhyqgq,Pause. Notice the feelings you are having without judgement. Let them come and go. Being aware of your feelings means you can make a new choice about how you respond to your urges instead of smoking on autopilot.,design,5
R_2Sc0zN6ZtNhyqgq,"As smokers are usually with you in this location, it's really important that you're not with them when they smoke. Consider avoiding this place if possible until things settle down.",design,5
R_2Sc0zN6ZtNhyqgq,"Even though you are stressed, are you willing to sit with this urge until it passes if will help you break this habit?",design,5
R_2Sc0zN6ZtNhyqgq,"A funny thing about people is that we tend to believe what we tell ourselves. So make sure that whatever else happens today, tell yourself ""I can, and I will stick to not smoking!""",design,5
R_2Sc0zN6ZtNhyqgq,Pause. Notice the feelings you are having without judgement. Let them come and go. Being aware of your feelings means you can make a new choice about how you respond to your urges instead of smoking on autopilot.,design,5
R_2Sc0zN6ZtNhyqgq,"When smoking, it can feel like your hands are for holding a cigarette, your mouth is for smoking the cigarette, and your chest and lungs need to breathe in the smoke. Spend 3 minutes noticing how your hands feel, how your mouth feels, and how your chest feels. The more you practice noticing these things without smoking, the sooner your body will stop being a trigger for you.",design,5
R_2Sc0zN6ZtNhyqgq,"Try to stop smoking by setting yourself a rule. For example, ""IF I am tempted, THEN I will chew on some mints"" - make your own rule that will work for you.",design,5
R_2Sc0zN6ZtNhyqgq,See what it is like to let the urge pass. You can have an urge and choose not to smoke.,design,5
R_2Sc0zN6ZtNhyqgq,Notice how stress and anxiety may pull you and make you want to smoke. Just notice this. You can choose to just notice and not smoke.,design,5
R_3j7Brs4OzZYgDDM,"When smoking, it can feel like your hands are for holding a cigarette, your mouth is for smoking the cigarette, and your chest and lungs need to breathe in the smoke. Spend 3 minutes noticing how your hands feel, how your mouth feels, and how your chest feels. The more you practice noticing these things without smoking, the sooner your body will stop being a trigger for you.",design,5
R_3j7Brs4OzZYgDDM,"If you find yourself with a few minutes to spare, it can be nice to read back over old messages. It's also a chance to reply to ones that you might have forgotten about!",design,5
R_2Sc0zN6ZtNhyqgq,Did you know that just seeing other people smoke activates a part of your brain that is connected with the action of you smoking? This can bring on strong urges to smoke. One simple solution is to avoid seeing others smoke.,design,5
R_3j7Brs4OzZYgDDM,"If you get urges, remind yourself that cigarettes did that to you. If you go back to them, they will keep making you suffer. Now you are breaking free.",design,5
R_3j7Brs4OzZYgDDM,"To keep on track, small changes can really help. For example, keep a list of quit reasons where you used to keep cigarettes, rearrange your living space, or grab some extra pens to fiddle with to keep your hands busy.",design,5
R_2Sc0zN6ZtNhyqgq,You cant always control when you will see other people smoking. But you can control how you respond to your urge when you do.,design,5
R_3j7Brs4OzZYgDDM,Setting small goals when you feel unmotivated is best. Maybe a small goal for now is to breathe deeply for the next 3 minutes instead of smoking.,design,5
R_3j7Brs4OzZYgDDM,"Think about your hero, or someone you admire. What do you admire about them? Often our heroes are people who struggle and succeed in difficult circumstances. Now's the chance to be your own hero - by not smoking despite the challenges of stress and strong urges!",design,5
R_3j7Brs4OzZYgDDM,"Feelings aren't permanent. They are always changing like the weather. Observe the storm that is coming, but don't fight it. Eventually the weather will change.",design,5
R_3j7Brs4OzZYgDDM,Take a deep breath. Focus on today and the things you have accomplished. How many urges have you let pass? Give yourself some credit!,design,4
R_OdINEEhkfMxwJB7,Take a deep breath. Focus on today and the things you have accomplished. How many urges have you let pass? Give yourself some credit!,design,5
R_3j7Brs4OzZYgDDM,"If you are tempted to smoke by being in this location, see if you can sit with that temptation for 1 minute. When the minute is over, do it again. Soon, it should pass.",design,5
R_OdINEEhkfMxwJB7,"Write down why you want to stop smoking to resist a craving. Remember, trying something to beat the urge is always better than doing nothing. Each time you resist a cig, you're one step closer to being tobacco-free.",design,5
R_3j7Brs4OzZYgDDM,"If leaving social situations to avoid smokers feels awkward, make sure you have something to do instead - take sugar free mints, lollipops or low fat snacks to chew, or use a stress ball.",design,5
R_OdINEEhkfMxwJB7,"Instead of smoking, take 10 deep, slow breaths and count them. Pay attention to what your breathing feels like. If you lose count, that's okay, just start over at 1 until you get to 10.",design,5
R_OdINEEhkfMxwJB7,"Step back from what is stressful by taking 10 slow breaths. Count them as you go and notice your breath. If you get distracted, keep starting over until you get to 10.",design,4
R_OdINEEhkfMxwJB7,Imagine walking into a social situation in three months' time as a non-smoker. Now hold that picture and imagine you're that person now. Seeing yourself as a non-smoker now can make it much easier to resist!,design,5
R_OdINEEhkfMxwJB7,"When you begin to crave a cig, concentrate on your reasons for not smoking. Keep a list on your phone and look at it when you feel yourself beginning to falter.",design,4
R_OdINEEhkfMxwJB7,"Try to avoid seeing other people smoke. It might sound basic but brain see, brain want! If you can, make life easier and avoid the people you used to smoke with for some time where possible.",design,5
R_OdINEEhkfMxwJB7,Did you know that just seeing other people smoke activates a part of your brain that is connected with the action of you smoking? This can bring on strong urges to smoke. One simple solution is to avoid seeing others smoke.,design,5
R_OdINEEhkfMxwJB7,"If you find yourself with a few minutes to spare, it can be nice to read back over old messages. It's also a chance to reply to ones that you might have forgotten about!",design,4
R_OdINEEhkfMxwJB7,"It's quite common for people to try and give themselves reasons for having 'just one' when they start working on quitting smoking. If you have these thoughts, let them happen, then picture yourself putting them into a hot-air balloon and watch them float away.",design,5
R_2qque2GwbtMO3RI,"Instead of smoking, think of 3 things from today that you are grateful for. These can be anything, even small things! Now ask yourself, why are you grateful for these things?",design,3
R_2qque2GwbtMO3RI,"Some places trigger powerful cravings, that is to be expected. Stop and notice where in your body you feel those cravings and remind yourself that cravings typically pass in 1 to 3 minutes",design,4
R_2qque2GwbtMO3RI,"A funny thing about people is that we tend to believe what we tell ourselves. So make sure that whatever else happens today, tell yourself ""I can, and I will stick to not smoking!""",design,4
R_2qque2GwbtMO3RI,Did you know that just seeing other people smoke activates a part of your brain that is connected with the action of you smoking? This can bring on strong urges to smoke. One simple solution is to avoid seeing others smoke.,design,4
R_2qque2GwbtMO3RI,"Think of urges as loud construction noises. Sometimes there's nothing you can do except agree that it's annoying. If you fight it, you feel more irritated, right? Let your urge be there until it passes on its own.",design,4
R_2qque2GwbtMO3RI,"Try to avoid seeing other people smoke. It might sound basic but brain see, brain want! If you can, make life easier and avoid the people you used to smoke with for some time where possible.",design,4
R_2qque2GwbtMO3RI,Pause. Notice the feelings you are having without judgement. Let them come and go. Being aware of your feelings means you can make a new choice about how you respond to your urges instead of smoking on autopilot.,design,4
R_2qque2GwbtMO3RI,What can you do right now to break the automatic habit of smoking to help you feel better? Pause. Close your eyes. And take 10 slow breaths.,design,4
R_2qque2GwbtMO3RI,Pause. Notice the feelings you are having without judgement. Let them come and go. Being aware of your feelings means you can make a new choice about how you respond to your urges instead of smoking on autopilot.,design,4
R_2qque2GwbtMO3RI,"Each time you choose to not smoke after seeing someone else light up, you lessen the habit a little more.",design,3
R_2qque2GwbtMO3RI,"The best way to deal with any urges from being around smokers is to get out of the situation briefly until it goes. Make an excuse, go to the toilet, go get some water, pretend you need to get some phone reception!",design,4
R_1mI4ds4xsqeSdci,Pause. Notice what triggered you to smoke in the past. Now take one deep breath and remind yourself that you do not need to smoke.,design,4
R_1mI4ds4xsqeSdci,Pause. Notice what triggered you to smoke in the past. Now take one deep breath and remind yourself that you do not need to smoke.,design,4
R_1mI4ds4xsqeSdci,"This craving is just an event. A game. It will pass. The game gets easier the more you let your urge pass without smoking. But, it gets harder every time you give in to the urge and smoke.",design,4
R_1mI4ds4xsqeSdci,"Some people find that having a simple mantra can really help, especially if things feel stressful. Try repeating something simple to yourself like: ""I can do it!"".",design,4
R_1mI4ds4xsqeSdci,"Instead of smoking, take 10 deep, slow breaths and count them. Pay attention to what your breathing feels like. If you lose count, that's okay, just start over at 1 until you get to 10.",design,4
R_1mI4ds4xsqeSdci,"When you begin to crave a cig, concentrate on your reasons for not smoking. Keep a list on your phone and look at it when you feel yourself beginning to falter.",design,4
R_1mI4ds4xsqeSdci,"The best way to deal with any urges from being around smokers is to get out of the situation briefly until it goes. Make an excuse, go to the toilet, go get some water, pretend you need to get some phone reception!",design,4
R_01DKDv1e2j40qE9,"Spend 3 minutes noticing how your hands feel, how your mouth feels, and how your chest feels. The more you practice noticing these things without smoking, the sooner this place will stop being a trigger for you.",design,4
R_1mI4ds4xsqeSdci,Take a deep breath and let it out slowly. Notice that you are completely OK for this one breath. Do it again.,design,4
R_01DKDv1e2j40qE9,Notice how stress and anxiety may pull you and make you want to smoke. Just notice this. You can choose to just notice and not smoke.,design,4
R_01DKDv1e2j40qE9,"Instead of smoking, use the next two minutes to pay close attention to your senses. Notice what you see, hear, feel, taste, and smell. Urges are just one part of your experience.",design,4
R_1mI4ds4xsqeSdci,Keep picturing yourself getting home later today knowing that you've gained a smoke-free day. It's nearly a reality!,design,4
R_1mI4ds4xsqeSdci,"Think about your hero, or someone you admire. What do you admire about them? Often our heroes are people who struggle and succeed in difficult circumstances. Now's the chance to be your own hero - by not smoking despite the challenges of stress and strong urges!",design,5
R_1mI4ds4xsqeSdci,"Think of urges as loud construction noises. Sometimes there's nothing you can do except agree that it's annoying. If you fight it, you feel more irritated, right? Let your urge be there until it passes on its own.",design,3
R_01DKDv1e2j40qE9,"Remind yourself that by staying quit, you'll be freeing yourself from the constant cycle of cigarette, nicotine withdrawal, feeling stressed as a result and wanting another cigarette. Keep going and this will be a thing of the past!",design,4
R_01DKDv1e2j40qE9,"Try to avoid seeing other people smoke. It might sound basic but brain see, brain want! If you can, make life easier and avoid the people you used to smoke with for some time where possible.",design,4
R_01DKDv1e2j40qE9,"It can be tricky to be around friends or colleagues who are still smoking. If you're finding it tough, try and think about the things that you are doing well.",design,4
R_01DKDv1e2j40qE9,Acknowledge your unhelpful thought by writing it down on a piece of paper. Then let it be on it's way by crumpling it up and tossing it in a trash can.,design,4
R_2Qs1DPL7HxlSFWT,"Even though you are stressed, are you willing to sit with this urge until it passes if will help you break this habit?",design,3
R_2Qs1DPL7HxlSFWT,"When smoking, it can feel like your hands are for holding a cigarette, your mouth is for smoking the cigarette, and your chest and lungs need to breathe in the smoke. Spend 3 minutes noticing how your hands feel, how your mouth feels, and how your chest feels. The more you practice noticing these things without smoking, the sooner your body will stop being a trigger for you.",design,5
R_01DKDv1e2j40qE9,"Think of your anxious mind like a toddler throwing a tantrum. The best way to respond is to quietly watch, but not give in.",design,5
R_2Qs1DPL7HxlSFWT,"Picture the people or things you care deeply about. On a scale of 0-10, how willing are you to let this urge pass for those reasons?",design,4
R_2Qs1DPL7HxlSFWT,"Instead of smoking, write a quick note to yourself explaining why ditching cigs is important to you. Carry it with you and read it when you feel like lighting up.",design,4
R_2Qs1DPL7HxlSFWT,"Ask yourself, ""From 0-10, how willing am I to let this urge pass without smoking?"" Let it pass to be closer to the things that matter most to you.",design,4
R_2Qs1DPL7HxlSFWT,"Read this rule out loud (if you can): IF someone offers me a cigarette THEN I will say 'no thanks, I don't want one.' Reading out if/then rules has been shown to help people stick with their decisions.",design,4
R_01DKDv1e2j40qE9,"Don't let anyone tell you how you should or shouldn't feel today. You feel how you feel and that's it. If you're happy and grateful then enjoy the moment, if you're angry and frustrated, know that this will pass.",design,5
R_2Qs1DPL7HxlSFWT,Ways of dealing with urges: play a game or an online quiz.,design,4
R_2Qs1DPL7HxlSFWT,What can you do right now to break the automatic habit of smoking when you are here? Pause. Close your eyes. And take 10 slow breaths.,design,4
R_2Qs1DPL7HxlSFWT,Urges are like annoying ads. You might see them but you don't have to buy what they're selling.,design,4
R_2Qs1DPL7HxlSFWT,How you would feel later on if you smoked during this social situation? Now think how good you'll feel for resisting!,design,4
R_cZPMSJQ0H2cCJA5,"Don't let anyone tell you how you should or shouldn't feel today. You feel how you feel and that's it. If you're happy and grateful then enjoy the moment, if you're angry and frustrated, know that this will pass.",design,5
R_cZPMSJQ0H2cCJA5,"If you miss doing something with your hands, try turning a coin or pen over and over with your fingers.",design,3
R_cZPMSJQ0H2cCJA5,"Instead of lighting up a cigarette, light a scented candle or burn some incense.",design,2
R_cZPMSJQ0H2cCJA5,"Remind yourself that by staying quit, you'll be freeing yourself from the constant cycle of cigarette, nicotine withdrawal, feeling stressed as a result and wanting another cigarette. Keep going and this will be a thing of the past!",design,3
R_cZPMSJQ0H2cCJA5,"When your mind tells you that you will be less stressed after smoking a cigarette, remember that you don't have to listen to that thought. It's just a thought and nothing more.",design,2
R_cZPMSJQ0H2cCJA5,What can you do right now to break the automatic habit of smoking when you are here? Pause. Close your eyes. And take 10 slow breaths.,design,3
R_cZPMSJQ0H2cCJA5,"You don't have to act on this feeling by smoking or doing anything about it. Give it some space, breathe, and see if it changes. Let the urge and feeling be there while you focus on doing something you care about.",design,4
R_cZPMSJQ0H2cCJA5,What can you do right now to break the automatic habit of smoking to help you feel better? Pause. Close your eyes. And take 10 slow breaths.,design,3
R_1eFc3o9lO4Xcg1L,"When your mind tells you that you will be less stressed after smoking a cigarette, remember that you don't have to listen to that thought. It's just a thought and nothing more.",design,5
R_1eFc3o9lO4Xcg1L,"Have confidence in knowing that you can have this urge, choose not to smoke, be okay, and choose to do things that matter most to you.",design,3
R_cZPMSJQ0H2cCJA5,"Notice what is triggering your urge. Have understanding and kindness for yourself for feeling this urge. It isn't easy, but can you choose to let it be there without smoking?",design,5
R_cZPMSJQ0H2cCJA5,"A funny thing about people is that we tend to believe what we tell ourselves. So make sure that whatever else happens today, tell yourself ""I can, and I will stick to not smoking!""",design,4
R_1eFc3o9lO4Xcg1L,"Think of your anxious mind like a toddler throwing a tantrum. The best way to respond is to quietly watch, but not give in.",design,1
R_1eFc3o9lO4Xcg1L,"Are you feeling down because you are thinking of smoking? It's really important to be kind to yourself, and to make sure you give yourself praise too!",design,1
R_1eFc3o9lO4Xcg1L,"Read this rule out loud (if you can): IF someone offers me a cigarette THEN I will say 'no thanks, I don't want one.' Reading out if/then rules has been shown to help people stick with their decisions.",design,5
R_1eFc3o9lO4Xcg1L,"You don't have to act on this feeling by smoking or doing anything about it. Give it some space, breathe, and see if it changes. Let the urge and feeling be there while you focus on doing something you care about.",design,5
R_1eFc3o9lO4Xcg1L,"Instead of smoking, think of 3 things from today that you are grateful for. These can be anything, even small things! Now ask yourself, why are you grateful for these things?",design,5
R_27pAyfbKynLvuPb,Pause. Notice the feelings you are having without judgement. Let them come and go. Being aware of your feelings means you can make a new choice about how you respond to your urges instead of smoking on autopilot.,design,3
R_1eFc3o9lO4Xcg1L,Pause and take 5 slow breaths. Pausing just for a moment breaks the automatic habit of reaching for a smoke.,design,1
R_1eFc3o9lO4Xcg1L,"Tell yourself, “I am going to quit smoking soon.” Say it out loud. Say to yourself, “I am too strong to continue smoking for the rest of my life.""",design,5
R_27pAyfbKynLvuPb,Take a deep breath. Focus on today and the things you have accomplished. How many urges have you let pass? Give yourself some credit!,design,5
R_27pAyfbKynLvuPb,Pause. Notice the feelings you are having without judgement. Let them come and go. Being aware of your feelings means you can make a new choice about how you respond to your urges instead of smoking on autopilot.,design,3
R_27pAyfbKynLvuPb,"Are you feeling down because you are thinking of smoking? It's really important to be kind to yourself, and to make sure you give yourself praise too!",design,4
R_27pAyfbKynLvuPb,"Think of your anxious mind like a toddler throwing a tantrum. The best way to respond is to quietly watch, but not give in.",design,5
R_27pAyfbKynLvuPb,"When a craving hits, keep your hands busy by doing the dishes or taking out the trash. Small chores will help pass the time during a craving.",design,5
R_27pAyfbKynLvuPb,"Urges to smoke usually only last a few minutes. Distract yourself by NOT thinking about giraffes, or leave the situation until it passes.",design,3
R_27pAyfbKynLvuPb,"If this situation becomes stressful for you, make an excuse to leave for a few minutes. If this doesn't help, it might be better to just leave early.",design,3
R_27pAyfbKynLvuPb,"Urges can feel like stormy weather. But if you're the sky, you just let that storm come and go on it's own knowing that it won't last forever.",design,5
R_27pAyfbKynLvuPb,"Feelings aren't permanent. They are always changing like the weather. Observe the storm that is coming, but don't fight it. Eventually the weather will change.",design,2
R_22oaTRQmQd44IFl,Take a deep breath and let it out slowly. Notice that you are completely OK for this one breath. Do it again.,design,4
R_27pAyfbKynLvuPb,"When you notice yourself trapped in stressful thoughts or worry, say out loud, ""I'm noticing that I'm having some worrisome thoughts."" This helps unhook you from your thoughts so you don't stay caught in them.",design,4
R_22oaTRQmQd44IFl,"Just because other people are smoking, doesn't mean you have to. Practice allowing this urge to be present for 5 minutes. When it passes, give yourself credit.",design,3
R_22oaTRQmQd44IFl,"Life can get you really stressed out, but turning to cigs isn't the answer. Call or text family and friends instead. Ask them to help you stay on track.",design,5
R_01DKDv1e2j40qE9,Don't test yourself needlessly. If this social situation gets uncomfortable then leave briefly if you can. It really helps and it's fine to do it more than once!,design,4
R_22oaTRQmQd44IFl,Don't test yourself needlessly. If this social situation gets uncomfortable then leave briefly if you can. It really helps and it's fine to do it more than once!,design,4
R_22oaTRQmQd44IFl,"Try to stop smoking by setting yourself a rule. For example, ""IF I am tempted, THEN I will chew on some mints"" - make your own rule that will work for you.",design,4
R_22oaTRQmQd44IFl,"One way to combat any urges is to keep your mouth busy - some people find that chewing sugar free gum, mints, or even a pen can be a good alternative.",design,4
R_2D5GfkXQvKZhy7R,"Add the phrase “I’m having the thought that…” in front of your unhelpful thoughts. For example, “I’m having the thought that I need a cigarette.” Your thoughts are not always true or helpful! They are just thoughts.",design,3
R_2D5GfkXQvKZhy7R,"Reduce your stress by using your next break to list four things that have gone well so far today. It might feel like a bit of effort, but doing this will help your mind to refocus, and help you to feel calmer.",design,3
R_22oaTRQmQd44IFl,"The best way to deal with any urges from being around smokers is to get out of the situation briefly until it goes. Make an excuse, go to the toilet, go get some water, pretend you need to get some phone reception!",design,5
R_2D5GfkXQvKZhy7R,"Spend 3 minutes noticing how your hands feel, how your mouth feels, and how your chest feels. The more you practice noticing these things without smoking, the sooner this place will stop being a trigger for you.",design,3
R_22oaTRQmQd44IFl,"If you usually smoke while you talk on the phone, keep a pen and paper nearby to occupy your hands with doodling rather than smoking.",design,3
R_22oaTRQmQd44IFl,"Just because letting an urge pass isn't easy, doesn't mean that you can't do it. Try it, you might surprise yourself.",design,3
R_2D5GfkXQvKZhy7R,"Sometimes an urge comes on like a wave. Imagine what it is like to ride the wave as it ebbs and flows. Instead of trying to swim against it, try riding it out until it disappears into the sea.",design,3
R_2D5GfkXQvKZhy7R,"To keep on track, small changes can really help. For example, keep a list of quit reasons where you used to keep cigarettes, rearrange your living space, or grab some extra pens to fiddle with to keep your hands busy.",design,3
R_2D5GfkXQvKZhy7R,Imagine that your urge is a backseat passenger trying to distract you from reaching your destination. See if you can choose to keep driving instead of allowing your urges to distract you from where you want to go.,design,3
R_2D5GfkXQvKZhy7R,Take a deep breath and let it out slowly. Notice that you are completely OK for this one breath. Do it again.,design,4
R_2D5GfkXQvKZhy7R,"If you have trouble resisting a craving when other smokers are around, try carrying a water bottle and taking a sip every time you want to ask for a cig.",design,4
R_2D5GfkXQvKZhy7R,"Crumple a piece of paper into a ball and imagine it is your urge. Toss the ""urge"" into the garbage or against the wall. By doing this, you are letting go of your urges.",design,3
R_2qfu7ht5gDHoJ68,"Try to avoid seeing other people smoke. It might sound basic but brain see, brain want! If you can, make life easier and avoid the people you used to smoke with for some time where possible.",design,4
R_2D5GfkXQvKZhy7R,"Recent research has found that people who use self-talk when they try not to smoke (e.g. telling yourself 'you can do it') are more successful than people who don't. It might seem a bit strange, but talking to yourself like this appears to really help.",design,4
R_2qfu7ht5gDHoJ68,"Are you feeling down because you are thinking of smoking? It's really important to be kind to yourself, and to make sure you give yourself praise too!",design,4
R_2qfu7ht5gDHoJ68,Take a deep breath and let it out slowly. Notice that you are completely OK for this one breath. Do it again.,design,4
R_2qfu7ht5gDHoJ68,"Some people find it helpful to give a name to their urge. If you're experiencing regular urges, give that feeling a name ('Olga the urge'?), and tell it that you won't give in to it. It may make it easier to live with (e.g. ""ok Olga, I need to be by myself now..."").",design,2
R_2qfu7ht5gDHoJ68,"When a craving hits, keep your hands busy by doing the dishes or taking out the trash. Small chores will help pass the time during a craving.",design,5
R_2qfu7ht5gDHoJ68,"When your mind tells you that you will be less stressed after smoking a cigarette, remember that you don't have to listen to that thought. It's just a thought and nothing more.",design,5
R_2qfu7ht5gDHoJ68,"If this situation becomes stressful for you, make an excuse to leave for a few minutes. If this doesn't help, it might be better to just leave early.",design,2
R_2qfu7ht5gDHoJ68,"Practice going 10 minutes without smoking. Think of it just as practice. When the urge passes, reward yourself with a break from work or dinner from your favorite restaurant!",design,4
R_2qfu7ht5gDHoJ68,See what it is like to let the urge pass. You can have an urge and choose not to smoke.,design,4
R_3NJLRjV6sukDhjC,"The best way to deal with any urges from being around smokers is to get out of the situation briefly until it goes. Make an excuse, go to the toilet, go get some water, pretend you need to get some phone reception!",design,3
R_3NJLRjV6sukDhjC,"Have confidence in knowing that you can have this urge, choose not to smoke, be okay, and choose to do things that matter most to you.",design,5
R_3NJLRjV6sukDhjC,Take a deep breath and let it out slowly. Notice that you are completely OK for this one breath. Do it again.,design,2
R_3NJLRjV6sukDhjC,"Instead of lighting up a cigarette, light a scented candle or burn some incense.",design,3
R_3NJLRjV6sukDhjC,"Think of your anxious mind like a toddler throwing a tantrum. The best way to respond is to quietly watch, but not give in.",design,4
R_3NJLRjV6sukDhjC,You might find that you have more time now that you're trying to cut some cigarettes. Some people find that going for a walk can help fill the gap. Or take a nap if you can!,design,4
R_3e8jljgMGHnAWTy,"Think about your hero, or someone you admire. What do you admire about them? Often our heroes are people who struggle and succeed in difficult circumstances. Now's the chance to be your own hero - by not smoking despite the challenges of stress and strong urges!",design,4
R_3NJLRjV6sukDhjC,"Use self-talk to stay motivated and determined. Say, “I don't need a cigarette. I might WANT one, but I don’t NEED it.”",design,3
R_3NJLRjV6sukDhjC,"Are you willing to let this urge pass for the sake of living a good long time with the people who matter most to you? When you have an urge, think about the people most important to you.",design,5
R_2qfu7ht5gDHoJ68,Practice staying in this location without smoking. Just notice your urge. Practicing this will weaken this trigger with time. Just think of it as practice.,design,3
R_3NJLRjV6sukDhjC,"A funny thing about people is that we tend to believe what we tell ourselves. So make sure that whatever else happens today, tell yourself ""I can, and I will stick to not smoking!""",design,5
R_3e8jljgMGHnAWTy,"Some people find it helpful to give a name to their urge. If you're experiencing regular urges, give that feeling a name ('Olga the urge'?), and tell it that you won't give in to it. It may make it easier to live with (e.g. ""ok Olga, I need to be by myself now..."").",design,4
R_3e8jljgMGHnAWTy,"Think about times in the past when you have let urges pass during a stressful moment, and notice what helped make that moment easier.",design,4
R_3e8jljgMGHnAWTy,"If you find yourself thinking: ""I can't do this"", ""I need a cig"", or ""I'll just have one"", make sure you tell yourself ""I absolutely CAN do this"", ""I'm in control"". Take control of your negative thoughts!",design,4
R_3e8jljgMGHnAWTy,"If you usually smoke while you talk on the phone, try taking the next call in a place where you can't smoke and focus on the conversation. The urge will pass.",design,4
R_3e8jljgMGHnAWTy,"If you get urges, remind yourself that cigarettes did that to you. If you go back to them, they will keep making you suffer. Now you are breaking free.",design,4
R_3e8jljgMGHnAWTy,"Read this rule out loud (if you can): IF someone offers me a cigarette THEN I will say 'no thanks, I don't want one.' Reading out if/then rules has been shown to help people stick with their decisions.",design,5
R_3e8jljgMGHnAWTy,You might find that you have more time now that you're trying to cut some cigarettes. Some people find that going for a walk can help fill the gap. Or take a nap if you can!,design,4
R_3e8jljgMGHnAWTy,No need to get rid of these feelings or control them with a smoke. They are not permanent.,design,4
R_1NyBd9879uhiFyx,"Seeing other people smoke is a predictable and unavoidable trigger. Take 5 slow, deep breaths and remind yourself that the urge will pass and that you do not need to smoke.",design,3
R_1NyBd9879uhiFyx,"As smokers are usually with you in this location, it's really important that you're not with them when they smoke. Consider avoiding this place if possible until things settle down.",design,3
R_1NyBd9879uhiFyx,Notice how stress and anxiety may pull you and make you want to smoke. Just notice this. You can choose to just notice and not smoke.,design,2
R_3e8jljgMGHnAWTy,"Try to avoid seeing other people smoke. It might sound basic but brain see, brain want! If you can, make life easier and avoid the people you used to smoke with for some time where possible.",design,5
R_1NyBd9879uhiFyx,It's normal to have some doubts during a quit attempt. Keep your quit reasons on hand to remind yourself if ever you feel uncertain or undecided.,design,2
R_1NyBd9879uhiFyx,"Just because letting an urge pass isn't easy, doesn't mean that you can't do it. Try it, you might surprise yourself.",design,3
R_1NyBd9879uhiFyx,"Are you feeling down because you are thinking of smoking? It's really important to be kind to yourself, and to make sure you give yourself praise too!",design,1
R_1NyBd9879uhiFyx,"Each time you let an urge pass without smoking, you break the old habit a bit more.",design,3
R_1NyBd9879uhiFyx,"If this situation becomes stressful for you, make an excuse to leave for a few minutes. If this doesn't help, it might be better to just leave early.",design,3
R_1NyBd9879uhiFyx,"This craving is just an event. A game. It will pass. The game gets easier the more you let your urge pass without smoking. But, it gets harder every time you give in to the urge and smoke.",design,3
R_3NJLRjV6sukDhjC,"Even though you are stressed, are you willing to sit with this urge until it passes if will help you break this habit?",design,3
R_2CCcdZctBtZISqw,"Some people find it helpful to give a name to their urge. If you're experiencing regular urges, give that feeling a name ('Olga the urge'?), and tell it that you won't give in to it. It may make it easier to live with (e.g. ""ok Olga, I need to be by myself now..."").",design,3
R_2CCcdZctBtZISqw,What inspires you most to quit smoking? Are you willing to let this urge pass without smoking for that reason?,design,3
R_2CCcdZctBtZISqw,"Add the phrase “I’m having the thought that…” in front of your unhelpful thoughts. For example, “I’m having the thought that I need a cigarette.” Your thoughts are not always true or helpful! They are just thoughts.",design,3
R_2CCcdZctBtZISqw,Keep picturing yourself getting home later today knowing that you've gained a smoke-free day. It's nearly a reality!,design,2
R_2CCcdZctBtZISqw,No need to get rid of these feelings or control them with a smoke. They are not permanent.,design,3
R_2CCcdZctBtZISqw,"Remind yourself that by staying quit, you'll be freeing yourself from the constant cycle of cigarette, nicotine withdrawal, feeling stressed as a result and wanting another cigarette. Keep going and this will be a thing of the past!",design,3
R_2CCcdZctBtZISqw,Urges are like annoying ads. You might see them but you don't have to buy what they're selling.,design,3
R_egP8p0fYmBRXwYx,"When you notice yourself trapped in stressful thoughts or worry, say out loud, ""I'm noticing that I'm having some worrisome thoughts."" This helps unhook you from your thoughts so you don't stay caught in them.",design,5
R_2CCcdZctBtZISqw,"Life can get you really stressed out, but turning to cigs isn't the answer. Call or text family and friends instead. Ask them to help you stay on track.",design,4
R_2CCcdZctBtZISqw,"Try to avoid seeing other people smoke. It might sound basic but brain see, brain want! If you can, make life easier and avoid the people you used to smoke with for some time where possible.",design,3
R_egP8p0fYmBRXwYx,"If you find yourself with a few minutes to spare, it can be nice to read back over old messages. It's also a chance to reply to ones that you might have forgotten about!",design,4
R_egP8p0fYmBRXwYx,"Are you willing to let this urge pass for the sake of living a good long time with the people who matter most to you? When you have an urge, think about the people most important to you.",design,5
R_egP8p0fYmBRXwYx,"Feelings aren't permanent. They are always changing like the weather. Observe the storm that is coming, but don't fight it. Eventually the weather will change.",design,5
R_egP8p0fYmBRXwYx,"The best way to deal with any urges from being around smokers is to get out of the situation briefly until it goes. Make an excuse, go to the toilet, go get some water, pretend you need to get some phone reception!",design,5
R_egP8p0fYmBRXwYx,Stop! Breathe. What is going on around you? Inside you? Allow everything to be just as it is. Breathe again.,design,4
R_egP8p0fYmBRXwYx,"To help get through a 'risky situation', remind yourself of how far you've come and the effort that you've put in. Don't ruin your hard work - stay strong!",design,4
R_2CCcdZctBtZISqw,Try chewing gum if you have trouble resisting smoking when other people light up around you.,design,3
R_egP8p0fYmBRXwYx,"If you find yourself thinking: ""I can't do this"", ""I need a cig"", or ""I'll just have one"", make sure you tell yourself ""I absolutely CAN do this"", ""I'm in control"". Take control of your negative thoughts!",design,5
R_egP8p0fYmBRXwYx,"A funny thing about people is that we tend to believe what we tell ourselves. So make sure that whatever else happens today, tell yourself ""I can, and I will stick to not smoking!""",design,5
R_XtWSw8c5Mx7OJTX,"Keep your mind occupied if you get an urge. Do a mental puzzle, make your next shopping list, read a book, write a poem…you might be surprised how well occupying your mind can get rid of urges.",design,4
R_XtWSw8c5Mx7OJTX,Practice staying in this location without smoking. Just notice your urge. Practicing this will weaken this trigger with time. Just think of it as practice.,design,4
R_XtWSw8c5Mx7OJTX,You cant always control when you will see other people smoking. But you can control how you respond to your urge when you do.,design,4
R_XtWSw8c5Mx7OJTX,You don’t need to get rid of or change your thoughts about smoking—just let them pass by like a cloud in the sky.,design,3
R_XtWSw8c5Mx7OJTX,What inspires you most to quit smoking? Are you willing to let this urge pass without smoking for that reason?,design,2
R_XtWSw8c5Mx7OJTX,"Think about your hero, or someone you admire. What do you admire about them? Often our heroes are people who struggle and succeed in difficult circumstances. Now's the chance to be your own hero - by not smoking despite the challenges of stress and strong urges!",design,3
R_XtWSw8c5Mx7OJTX,"Ask yourself, ""What do I need right now? Is it really a smoke, or is there something else I need? How can I best take care of myself right now?""",design,3
R_1CHf8El9WmqE3l2,"Imagine your 'you' from next year has come to visit, and guess what? You quit! How good is that?",design,2
R_XtWSw8c5Mx7OJTX,"Picture the people or things you care deeply about. On a scale of 0-10, how willing are you to let this urge pass for those reasons?",design,4
R_1CHf8El9WmqE3l2,"It's quite common for people to try and give themselves reasons for having 'just one' when they start working on quitting smoking. If you have these thoughts, let them happen, then picture yourself putting them into a hot-air balloon and watch them float away.",design,2
R_XtWSw8c5Mx7OJTX,"Tell yourself, “I am going to quit smoking soon.” Say it out loud. Say to yourself, “I am too strong to continue smoking for the rest of my life.""",design,4
R_egP8p0fYmBRXwYx,"Imagine your urge is like a talk radio station going on about something you disagree with. Arguing with it doesn't change what they say. Instead, just let them talk while you focus on what's important to you.",design,5
R_1CHf8El9WmqE3l2,Imagine walking into a social situation in three months' time as a non-smoker. Now hold that picture and imagine you're that person now. Seeing yourself as a non-smoker now can make it much easier to resist!,design,4
R_1CHf8El9WmqE3l2,"You don't have to act on this feeling by smoking or doing anything about it. Give it some space, breathe, and see if it changes. Let the urge and feeling be there while you focus on doing something you care about.",design,2
R_XtWSw8c5Mx7OJTX,"Imagine your urge is like a talk radio station going on about something you disagree with. Arguing with it doesn't change what they say. Instead, just let them talk while you focus on what's important to you.",design,4
R_1CHf8El9WmqE3l2,How you would feel later on if you smoked during this social situation? Now think how good you'll feel for resisting!,design,4
R_1CHf8El9WmqE3l2,"When you begin to crave a cig, concentrate on your reasons for not smoking. Keep a list on your phone and look at it when you feel yourself beginning to falter.",design,4
R_1CHf8El9WmqE3l2,Stop and take 3 deep breaths. Then decide if you really want to smoke right now or not. Pausing for a few breaths can help lessen the habit.,design,2
R_1CHf8El9WmqE3l2,"Crumple a piece of paper into a ball and imagine it is your urge. Toss the ""urge"" into the garbage or against the wall. By doing this, you are letting go of your urges.",design,2
R_1CHf8El9WmqE3l2,"The best way to deal with any urges from being around smokers is to get out of the situation briefly until it goes. Make an excuse, go to the toilet, go get some water, pretend you need to get some phone reception!",design,5
R_1K42Ti9DFVWU3di,"As smokers are usually with you in this location, it's really important that you're not with them when they smoke. Consider avoiding this place if possible until things settle down.",design,2
R_1K42Ti9DFVWU3di,"When smoking, it can feel like your hands are for holding a cigarette, your mouth is for smoking the cigarette, and your chest and lungs need to breathe in the smoke. Spend 3 minutes noticing how your hands feel, how your mouth feels, and how your chest feels. The more you practice noticing these things without smoking, the sooner your body will stop being a trigger for you.",design,4
R_1CHf8El9WmqE3l2,Take a deep breath and let it out slowly. Notice that you are completely OK for this one breath. Do it again.,design,2
R_1K42Ti9DFVWU3di,"Whenever you think about smoking, listen to your favorite song and sing it out loud!",design,5
R_1K42Ti9DFVWU3di,"You were often stressed in this location and this might trigger urges. What can you do to reduce your stress here? If you can avoid this place until things settle down, then do.",design,4
R_1K42Ti9DFVWU3di,"Crumple a piece of paper into a ball and imagine it is your urge. Toss the ""urge"" into the garbage or against the wall. By doing this, you are letting go of your urges.",design,2
R_1K42Ti9DFVWU3di,"Each time you let an urge pass without smoking, you break the old habit a bit more.",design,4
R_1K42Ti9DFVWU3di,"When you notice yourself trapped in stressful thoughts or worry, say out loud, ""I'm noticing that I'm having some worrisome thoughts."" This helps unhook you from your thoughts so you don't stay caught in them.",design,2
R_1K42Ti9DFVWU3di,Take a minute to notice what the urge feels like in your body without smoking a cigarette. Notice what is going on. See what happens. Does the urge pass?,design,3
R_1K42Ti9DFVWU3di,"When you begin to crave a cig, concentrate on your reasons for not smoking. Keep a list on your phone and look at it when you feel yourself beginning to falter.",design,4
R_3ltdTCyEKIzUnHq,"Try to avoid seeing other people smoke. It might sound basic but brain see, brain want! If you can, make life easier and avoid the people you used to smoke with for some time where possible.",design,3
R_3ltdTCyEKIzUnHq,"Urges to smoke usually only last a few minutes. Distract yourself by NOT thinking about giraffes, or leave the situation until it passes.",design,3
R_1K42Ti9DFVWU3di,"Instead of smoking, use the next two minutes to pay close attention to your senses. Notice what you see, hear, feel, taste, and smell. Urges are just one part of your experience.",design,5
R_3ltdTCyEKIzUnHq,"One way to combat any urges is to keep your mouth busy - some people find that chewing sugar free gum, mints, or even a pen can be a good alternative.",design,4
R_3ltdTCyEKIzUnHq,"To keep on track, small changes can really help. For example, keep a list of quit reasons where you used to keep cigarettes, rearrange your living space, or grab some extra pens to fiddle with to keep your hands busy.",design,4
R_3ltdTCyEKIzUnHq,"If you usually smoke while you talk on the phone, keep a pen and paper nearby to occupy your hands with doodling rather than smoking.",design,5
R_3ltdTCyEKIzUnHq,"Keep your mind occupied if you get an urge. Do a mental puzzle, make your next shopping list, read a book, write a poem…you might be surprised how well occupying your mind can get rid of urges.",design,3
R_3ltdTCyEKIzUnHq,"Are you willing to let this urge pass for the sake of living a good long time with the people who matter most to you? When you have an urge, think about the people most important to you.",design,2
R_3ltdTCyEKIzUnHq,"When you begin to crave a cig, concentrate on your reasons for not smoking. Keep a list on your phone and look at it when you feel yourself beginning to falter.",design,2
R_3ltdTCyEKIzUnHq,"Some places trigger powerful cravings, that is to be expected. Stop and notice where in your body you feel those cravings and remind yourself that cravings typically pass in 1 to 3 minutes",design,4
R_2f2nPA3eDsUQlKb,Maybe you could use these few minutes to work out whose birthday is next and what message you'll write in their card? Then when it comes you'll have something original and well thought-out to write!,design,3
R_3ltdTCyEKIzUnHq,"Seeing other people smoke is a predictable and unavoidable trigger. Take 5 slow, deep breaths and remind yourself that the urge will pass and that you do not need to smoke.",design,3
R_2f2nPA3eDsUQlKb,"Try to avoid seeing other people smoke. It might sound basic but brain see, brain want! If you can, make life easier and avoid the people you used to smoke with for some time where possible.",design,2
R_2f2nPA3eDsUQlKb,"Instead of lighting up a cigarette, light a scented candle or burn some incense.",design,5
R_2f2nPA3eDsUQlKb,"Think about times in the past when you have let urges pass during a stressful moment, and notice what helped make that moment easier.",design,4
R_2f2nPA3eDsUQlKb,What can you do right now to break the automatic habit of smoking when you are here? Pause. Close your eyes. And take 10 slow breaths.,design,4
R_2f2nPA3eDsUQlKb,"You don't have to act on this feeling by smoking or doing anything about it. Give it some space, breathe, and see if it changes. Let the urge and feeling be there while you focus on doing something you care about.",design,4
R_2f2nPA3eDsUQlKb,You cant always control when you will see other people smoking. But you can control how you respond to your urge when you do.,design,3
R_2f2nPA3eDsUQlKb,What inspires you most to quit smoking? Are you willing to let this urge pass without smoking for that reason?,design,4
R_2wGNF35bI9iFZIx,You might find that you have more time now that you're trying to cut some cigarettes. Some people find that going for a walk can help fill the gap. Or take a nap if you can!,design,2
R_2wGNF35bI9iFZIx,"One way to combat any urges is to keep your mouth busy - some people find that chewing sugar free gum, mints, or even a pen can be a good alternative.",design,5
R_2wGNF35bI9iFZIx,You cant always control when you will see other people smoking. But you can control how you respond to your urge when you do.,design,3
R_2wGNF35bI9iFZIx,"Think about what is really important to you. Maybe it's spending time with family or a friend, exercising, doing something spiritual, or creating something. Whatever it is, take a step in that direction.",design,2
R_2wGNF35bI9iFZIx,"Tell yourself, “I am going to quit smoking soon.” Say it out loud. Say to yourself, “I am too strong to continue smoking for the rest of my life.""",design,1
R_2f2nPA3eDsUQlKb,"Write down why you want to stop smoking to resist a craving. Remember, trying something to beat the urge is always better than doing nothing. Each time you resist a cig, you're one step closer to being tobacco-free.",design,4
R_2wGNF35bI9iFZIx,"Imagine your urge is like a talk radio station going on about something you disagree with. Arguing with it doesn't change what they say. Instead, just let them talk while you focus on what's important to you.",design,1
R_2wGNF35bI9iFZIx,Think about a happy memory to ease the difficulty of your urge. Is there something you have been wanting to do for a while that you know you would enjoy? Reading? Walking? Calling a friend? Doing a puzzle? Do something that matters to you instead of smoking.,design,1
R_2wGNF35bI9iFZIx,Don't test yourself needlessly. If this social situation gets uncomfortable then leave briefly if you can. It really helps and it's fine to do it more than once!,design,3
R_2wGNF35bI9iFZIx,"It can be tricky to be around friends or colleagues who are still smoking. If you're finding it tough, try and think about the things that you are doing well.",design,1
R_ymcaGl7POG3cDdL,"When smoking, it can feel like your hands are for holding a cigarette, your mouth is for smoking the cigarette, and your chest and lungs need to breathe in the smoke. Spend 3 minutes noticing how your hands feel, how your mouth feels, and how your chest feels. The more you practice noticing these things without smoking, the sooner your body will stop being a trigger for you.",design,3
R_ymcaGl7POG3cDdL,What can you do right now to break the automatic habit of smoking to help you feel better? Pause. Close your eyes. And take 10 slow breaths.,design,2
R_2f2nPA3eDsUQlKb,Craving a cig? Plan a fun activity you can do when you get home as a reward for not smoking.,design,4
R_2wGNF35bI9iFZIx,"Are you feeling down because you are thinking of smoking? It's really important to be kind to yourself, and to make sure you give yourself praise too!",design,1
R_ymcaGl7POG3cDdL,"Life can get you really stressed out, but turning to cigs isn't the answer. Call or text family and friends instead. Ask them to help you stay on track.",design,2
R_ymcaGl7POG3cDdL,"You spent a long time training your brain to want a cig. Now you're retraining your brain, and it's natural that this might take time.",design,3
R_ymcaGl7POG3cDdL,"Take a slow, deep breath in. And let it out. Now, ask yourself, ""Am I willing to go one minute without smoking?"" When that minute is over, ask yourself this question again.",design,2
R_ymcaGl7POG3cDdL,"Ask yourself, ""What do I need right now? Is it really a smoke, or is there something else I need? How can I best take care of myself right now?""",design,2
R_ymcaGl7POG3cDdL,"Think of urges as loud construction noises. Sometimes there's nothing you can do except agree that it's annoying. If you fight it, you feel more irritated, right? Let your urge be there until it passes on its own.",design,4
R_3RgXfJmoKNcXlYA,Pause. Notice what triggered you to smoke in the past. Now take one deep breath and remind yourself that you do not need to smoke.,design,3
R_ymcaGl7POG3cDdL,"Some people find it helpful to give a name to their urge. If you're experiencing regular urges, give that feeling a name ('Olga the urge'?), and tell it that you won't give in to it. It may make it easier to live with (e.g. ""ok Olga, I need to be by myself now..."").",design,3
R_3RgXfJmoKNcXlYA,How you would feel later on if you smoked during this social situation? Now think how good you'll feel for resisting!,design,4
R_ymcaGl7POG3cDdL,"It's quite common for people to try and give themselves reasons for having 'just one' when they start working on quitting smoking. If you have these thoughts, let them happen, then picture yourself putting them into a hot-air balloon and watch them float away.",design,2
R_3RgXfJmoKNcXlYA,Pause. Notice what triggered you to smoke in the past. Now take one deep breath and remind yourself that you do not need to smoke.,design,3
R_3RgXfJmoKNcXlYA,"Urges to smoke usually only last a few minutes. Distract yourself by NOT thinking about giraffes, or leave the situation until it passes.",design,3
R_3RgXfJmoKNcXlYA,"When you notice yourself trapped in stressful thoughts or worry, say out loud, ""I'm noticing that I'm having some worrisome thoughts."" This helps unhook you from your thoughts so you don't stay caught in them.",design,3
R_3RgXfJmoKNcXlYA,"Instead of smoking, think of 3 things from today that you are grateful for. These can be anything, even small things! Now ask yourself, why are you grateful for these things?",design,4
R_3RgXfJmoKNcXlYA,"Don't let anyone tell you how you should or shouldn't feel today. You feel how you feel and that's it. If you're happy and grateful then enjoy the moment, if you're angry and frustrated, know that this will pass.",design,4
R_3RgXfJmoKNcXlYA,Setting small goals when you feel unmotivated is best. Maybe a small goal for now is to breathe deeply for the next 3 minutes instead of smoking.,design,4
R_3RgXfJmoKNcXlYA,"Add the phrase “I’m having the thought that…” in front of your unhelpful thoughts. For example, “I’m having the thought that I need a cigarette.” Your thoughts are not always true or helpful! They are just thoughts.",design,3
R_3RgXfJmoKNcXlYA,Imagine that your urge is a backseat passenger trying to distract you from reaching your destination. See if you can choose to keep driving instead of allowing your urges to distract you from where you want to go.,design,4
R_3RgXfJmoKNcXlYA,"You were often stressed in this location and this might trigger urges. What can you do to reduce your stress here? If you can avoid this place until things settle down, then do.",design,3
R_3sB4F7dfT1MpVPK,"Think of urges as loud construction noises. Sometimes there's nothing you can do except agree that it's annoying. If you fight it, you feel more irritated, right? Let your urge be there until it passes on its own.",design,2
R_3sB4F7dfT1MpVPK,"Think of your anxious mind like a toddler throwing a tantrum. The best way to respond is to quietly watch, but not give in.",design,3
R_3sB4F7dfT1MpVPK,"When running a marathon, the hardest part is often towards the end, but many runners stick with it, knowing that the pain will pass. Learning to quit smoking is like running a marathon - if it gets hard, you may be closer to succeeding than you realize!",design,5
R_3sB4F7dfT1MpVPK,Notice how stress and anxiety may pull you and make you want to smoke. Just notice this. You can choose to just notice and not smoke.,design,2
R_3sB4F7dfT1MpVPK,"Keep your mind occupied if you get an urge. Do a mental puzzle, make your next shopping list, read a book, write a poem…you might be surprised how well occupying your mind can get rid of urges.",design,5
R_3sB4F7dfT1MpVPK,Pause and take 5 slow breaths. Pausing just for a moment breaks the automatic habit of reaching for a smoke.,design,4
R_3sB4F7dfT1MpVPK,"Use self-talk to stay motivated and determined. Say, “I don't need a cigarette. I might WANT one, but I don’t NEED it.”",design,5
R_3sB4F7dfT1MpVPK,"Imagine your 'you' from next year has come to visit, and guess what? You quit! How good is that?",design,2
R_3oMlHDYNS7qjrv0,"Instead of lighting up a cigarette, light a scented candle or burn some incense.",design,3
R_3sB4F7dfT1MpVPK,"When you begin to crave a cig, concentrate on your reasons for not smoking. Keep a list on your phone and look at it when you feel yourself beginning to falter.",design,5
R_3sB4F7dfT1MpVPK,Ways of dealing with urges: play a game or an online quiz.,design,5
R_3oMlHDYNS7qjrv0,"Each time you let an urge pass without smoking, you break the old habit a bit more.",design,5
R_3oMlHDYNS7qjrv0,"If you get any urges tonight, why not confront them head on? Ask the urge - what's it going to give you? It's not going to make you richer, or better looking, and it's not going to leave you if you give in either!",design,5
R_3oMlHDYNS7qjrv0,"If you miss doing something with your hands, try turning a coin or pen over and over with your fingers.",design,3
R_3oMlHDYNS7qjrv0,"The best way to deal with any urges from being around smokers is to get out of the situation briefly until it goes. Make an excuse, go to the toilet, go get some water, pretend you need to get some phone reception!",design,5
R_3oMlHDYNS7qjrv0,Ways of dealing with urges: play a game or an online quiz.,design,3
R_3oMlHDYNS7qjrv0,Craving a cig? Plan a fun activity you can do when you get home as a reward for not smoking.,design,4
R_3oMlHDYNS7qjrv0,What inspires you most to quit smoking? Are you willing to let this urge pass without smoking for that reason?,design,3
R_3oMlHDYNS7qjrv0,"You don't have to act on this feeling by smoking or doing anything about it. Give it some space, breathe, and see if it changes. Let the urge and feeling be there while you focus on doing something you care about.",design,4
R_31yAQ1GCGjcYECK,"It's quite common for people to try and give themselves reasons for having 'just one' when they start working on quitting smoking. If you have these thoughts, let them happen, then picture yourself putting them into a hot-air balloon and watch them float away.",design,4
R_31yAQ1GCGjcYECK,"Urges can feel like stormy weather. But if you're the sky, you just let that storm come and go on it's own knowing that it won't last forever.",design,4
R_31yAQ1GCGjcYECK,"To keep on track, small changes can really help. For example, keep a list of quit reasons where you used to keep cigarettes, rearrange your living space, or grab some extra pens to fiddle with to keep your hands busy.",design,4
R_31yAQ1GCGjcYECK,"Add the phrase “I’m having the thought that…” in front of your unhelpful thoughts. For example, “I’m having the thought that I need a cigarette.” Your thoughts are not always true or helpful! They are just thoughts.",design,4
R_31yAQ1GCGjcYECK,"One way to combat any urges is to keep your mouth busy - some people find that chewing sugar free gum, mints, or even a pen can be a good alternative.",design,4
R_31yAQ1GCGjcYECK,"You spent a long time training your brain to want a cig. Now you're retraining your brain, and it's natural that this might take time.",design,5
R_31yAQ1GCGjcYECK,"Some places trigger powerful cravings, that is to be expected. Stop and notice where in your body you feel those cravings and remind yourself that cravings typically pass in 1 to 3 minutes",design,4
R_3oMlHDYNS7qjrv0,Now is a good time for BREAKS B=stop and Brake R=Read how your body feels E=Expand and take deep breaths A=Allow everything to be as it is K=Know what's important to you S=take 1 Step in a direction important to you,design,4
R_31yAQ1GCGjcYECK,Imagine walking into a social situation in three months' time as a non-smoker. Now hold that picture and imagine you're that person now. Seeing yourself as a non-smoker now can make it much easier to resist!,design,4
R_31yAQ1GCGjcYECK,"Think of your anxious mind like a toddler throwing a tantrum. The best way to respond is to quietly watch, but not give in.",design,4
R_31yAQ1GCGjcYECK,"If you find yourself thinking: ""I can't do this"", ""I need a cig"", or ""I'll just have one"", make sure you tell yourself ""I absolutely CAN do this"", ""I'm in control"". Take control of your negative thoughts!",design,4
R_2xCWMKetnQTbHhS,"Recent research has found that people who use self-talk when they try not to smoke (e.g. telling yourself 'you can do it') are more successful than people who don't. It might seem a bit strange, but talking to yourself like this appears to really help.",design,3
R_2xCWMKetnQTbHhS,"Spend 3 minutes noticing how your hands feel, how your mouth feels, and how your chest feels. The more you practice noticing these things without smoking, the sooner this place will stop being a trigger for you.",design,4
R_2xCWMKetnQTbHhS,"If you're stuck at home and physical activity doesn't interest you, try gaming, needlework, drawing, or journaling.",design,3
R_2xCWMKetnQTbHhS,"To keep on track, small changes can really help. For example, keep a list of quit reasons where you used to keep cigarettes, rearrange your living space, or grab some extra pens to fiddle with to keep your hands busy.",design,4
R_2xCWMKetnQTbHhS,"Just because letting an urge pass isn't easy, doesn't mean that you can't do it. Try it, you might surprise yourself.",design,4
R_2xCWMKetnQTbHhS,"Have confidence in knowing that you can have this urge, choose not to smoke, be okay, and choose to do things that matter most to you.",design,4
R_2xCWMKetnQTbHhS,"Stress is temporary. It comes and goes like passing clouds in the sky. When stress demands you to light up, remember you can let it pass by without smoking.",design,5
R_2xCWMKetnQTbHhS,"Urges can feel like stormy weather. But if you're the sky, you just let that storm come and go on it's own knowing that it won't last forever.",design,5
R_2xCWMKetnQTbHhS,Maybe you could use these few minutes to work out whose birthday is next and what message you'll write in their card? Then when it comes you'll have something original and well thought-out to write!,design,2
R_3p3HtZSt7tVTDzF,"The best way to deal with any urges from being around smokers is to get out of the situation briefly until it goes. Make an excuse, go to the toilet, go get some water, pretend you need to get some phone reception!",design,3
R_2xCWMKetnQTbHhS,Think about a happy memory to ease the difficulty of your urge. Is there something you have been wanting to do for a while that you know you would enjoy? Reading? Walking? Calling a friend? Doing a puzzle? Do something that matters to you instead of smoking.,design,5
R_3p3HtZSt7tVTDzF,"Just because other people are smoking, doesn't mean you have to. Practice allowing this urge to be present for 5 minutes. When it passes, give yourself credit.",design,2
R_3p3HtZSt7tVTDzF,"Just because letting an urge pass isn't easy, doesn't mean that you can't do it. Try it, you might surprise yourself.",design,2
R_3p3HtZSt7tVTDzF,Notice what it feels like to see other people smoke and choose not to smoke. Notice what thoughts or emotions come up. Allow them to come and go. They will pass and so will this urge.,design,4
R_3p3HtZSt7tVTDzF,"If this situation becomes stressful for you, make an excuse to leave for a few minutes. If this doesn't help, it might be better to just leave early.",design,2
R_3p3HtZSt7tVTDzF,"Ask yourself, ""What do I need right now? Is it really a smoke, or is there something else I need? How can I best take care of myself right now?""",design,5
R_3p3HtZSt7tVTDzF,Did you know that just seeing other people smoke activates a part of your brain that is connected with the action of you smoking? This can bring on strong urges to smoke. One simple solution is to avoid seeing others smoke.,design,5
R_3p3HtZSt7tVTDzF,"Life can get you really stressed out, but turning to cigs isn't the answer. Call or text family and friends instead. Ask them to help you stay on track.",design,2
R_3p3HtZSt7tVTDzF,"Instead of lighting up a cigarette, light a scented candle or burn some incense.",design,3
R_3p3HtZSt7tVTDzF,"If you find yourself thinking: ""I can't do this"", ""I need a cig"", or ""I'll just have one"", make sure you tell yourself ""I absolutely CAN do this"", ""I'm in control"". Take control of your negative thoughts!",design,4
