participant_id,input_message,dimension,predicted
R_1CsBI6n0sickaMf,"Have confidence in knowing that you can have this urge, choose not to smoke, be okay, and choose to do things that matter most to you.",coping,4
R_3RdpC3AksevXjV3,Try chewing gum if you have trouble resisting smoking when other people light up around you.,coping,5
R_2TLhxI7m8vFOtSM,"Life can get you really stressed out, but turning to cigs isn't the answer. Call or text family and friends instead. Ask them to help you stay on track.",coping,5
R_3RdpC3AksevXjV3,Stop! Breathe. What is going on around you? Inside you? Allow everything to be just as it is. Breathe again.,coping,5
R_3iXqzrMBoirLzI3,"Each time you choose to not smoke after seeing someone else light up, you lessen the habit a little more.",coping,3
R_2TLhxI7m8vFOtSM,"Ask yourself, ""From 0-10, how willing am I to let this urge pass without smoking?"" Let it pass to be closer to the things that matter most to you.",coping,5
R_3RdpC3AksevXjV3,Craving a cig? Plan a fun activity you can do when you get home as a reward for not smoking.,coping,4
R_3iXqzrMBoirLzI3,Take a deep breath. Focus on today and the things you have accomplished. How many urges have you let pass? Give yourself some credit!,coping,4
R_1FIAY0n0YUhZ8qj,Stop! Breathe. What is going on around you? Inside you? Allow everything to be just as it is. Breathe again.,coping,3
R_1CsBI6n0sickaMf,"Try to avoid seeing other people smoke. It might sound basic but brain see, brain want! If you can, make life easier and avoid the people you used to smoke with for some time where possible.",coping,3
R_1FIAY0n0YUhZ8qj,"When your mind tells you that you will be less stressed after smoking a cigarette, remember that you don't have to listen to that thought. It's just a thought and nothing more.",coping,3
R_1jJ7gWFgCCJECio,You don’t need to get rid of or change your thoughts about smoking—just let them pass by like a cloud in the sky.,coping,5
R_1jJ7gWFgCCJECio,"Tell yourself, “I am going to quit smoking soon.” Say it out loud. Say to yourself, “I am too strong to continue smoking for the rest of my life.""",coping,5
R_1FIAY0n0YUhZ8qj,"Instead of smoking, keep your fingers busy by scrolling through your phone.",coping,3
R_3iXqzrMBoirLzI3,"Have confidence in knowing that you can have this urge, choose not to smoke, be okay, and choose to do things that matter most to you.",coping,5
R_1jJ7gWFgCCJECio,"Are you feeling down because you are thinking of smoking? It's really important to be kind to yourself, and to make sure you give yourself praise too!",coping,5
R_1NrGB4f0oxbF9dB,Pause and take 5 slow breaths. Pausing just for a moment breaks the automatic habit of reaching for a smoke.,coping,5
R_1NrGB4f0oxbF9dB,"Try to avoid seeing other people smoke. It might sound basic but brain see, brain want! If you can, make life easier and avoid the people you used to smoke with for some time where possible.",coping,5
R_1P0oczpTJACNgTu,"To keep on track, small changes can really help. For example, keep a list of quit reasons where you used to keep cigarettes, rearrange your living space, or grab some extra pens to fiddle with to keep your hands busy.",coping,1
R_1P0oczpTJACNgTu,"Instead of smoking, keep your fingers busy by scrolling through your phone.",coping,3
R_1P0oczpTJACNgTu,"Tell yourself, “I am going to quit smoking soon.” Say it out loud. Say to yourself, “I am too strong to continue smoking for the rest of my life.""",coping,5
R_1NrGB4f0oxbF9dB,What can you do right now to break the automatic habit of smoking to help you feel better? Pause. Close your eyes. And take 10 slow breaths.,coping,5
R_1IEhFJEEO3AovIB,You don’t need to get rid of or change your thoughts about smoking—just let them pass by like a cloud in the sky.,coping,1
R_Uzk0AyJkisH4VgJ,You don’t need to get rid of or change your thoughts about smoking—just let them pass by like a cloud in the sky.,coping,3
R_Uzk0AyJkisH4VgJ,"When your mind tells you that you will be less stressed after smoking a cigarette, remember that you don't have to listen to that thought. It's just a thought and nothing more.",coping,3
R_2slOAXD2vKd78bv,"Instead of smoking, keep your fingers busy by scrolling through your phone.",coping,5
R_2B3VWlCR2CLiZVA,"Stress is temporary. It comes and goes like passing clouds in the sky. When stress demands you to light up, remember you can let it pass by without smoking.",coping,1
R_1jJ7gWFgCCJECio,"To keep on track, small changes can really help. For example, keep a list of quit reasons where you used to keep cigarettes, rearrange your living space, or grab some extra pens to fiddle with to keep your hands busy.",coping,5
R_2B3VWlCR2CLiZVA,"When your mind tells you that you will be less stressed after smoking a cigarette, remember that you don't have to listen to that thought. It's just a thought and nothing more.",coping,5
R_2PBQT9n6oKAcXSA,"If you have trouble resisting a craving when other smokers are around, try carrying a water bottle and taking a sip every time you want to ask for a cig.",coping,4
R_2slOAXD2vKd78bv,"Think about times in the past when you have let urges pass during a stressful moment, and notice what helped make that moment easier.",coping,5
R_3O0Uk2yBlfPpJ8d,"Instead of smoking, keep your fingers busy by scrolling through your phone.",coping,5
R_ThjMPFNDnRudi4F,"Picture the people or things you care deeply about. On a scale of 0-10, how willing are you to let this urge pass for those reasons?",coping,5
R_1lrEGL7SbqIoxZL,"Tell yourself, “I am going to quit smoking soon.” Say it out loud. Say to yourself, “I am too strong to continue smoking for the rest of my life.""",coping,4
R_z1mUxVN8eA6R7Ut,Take a deep breath. Focus on today and the things you have accomplished. How many urges have you let pass? Give yourself some credit!,coping,3
R_ThjMPFNDnRudi4F,What can you do right now to break the automatic habit of smoking to help you feel better? Pause. Close your eyes. And take 10 slow breaths.,coping,5
R_3O0Uk2yBlfPpJ8d,Keep picturing yourself getting home later today knowing that you've gained a smoke-free day. It's nearly a reality!,coping,5
R_1rHeHtccIYUu1bq,Take a deep breath and let it out slowly. Notice that you are completely OK for this one breath. Do it again.,coping,1
R_1rHeHtccIYUu1bq,"Instead of smoking, keep your fingers busy by scrolling through your phone.",coping,1
R_1rHeHtccIYUu1bq,"Tell yourself, “I am going to quit smoking soon.” Say it out loud. Say to yourself, “I am too strong to continue smoking for the rest of my life.""",coping,3
R_1LheFLgdNhZk1kA,Keep picturing yourself getting home later today knowing that you've gained a smoke-free day. It's nearly a reality!,coping,4
R_udANxFQbhOMyrrr,"Picture the people or things you care deeply about. On a scale of 0-10, how willing are you to let this urge pass for those reasons?",coping,3
R_1LheFLgdNhZk1kA,"Instead of smoking, use the next two minutes to pay close attention to your senses. Notice what you see, hear, feel, taste, and smell. Urges are just one part of your experience.",coping,1
R_1LheFLgdNhZk1kA,Take a deep breath. Focus on today and the things you have accomplished. How many urges have you let pass? Give yourself some credit!,coping,4
R_3VibJ58gSES3NNn,Pause and take 5 slow breaths. Pausing just for a moment breaks the automatic habit of reaching for a smoke.,coping,5
R_2mLgm3ND8fQh2cV,"To help get through a 'risky situation', remind yourself of how far you've come and the effort that you've put in. Don't ruin your hard work - stay strong!",coping,3
R_3Matzl9c3RQUXt4,"If you have trouble resisting a craving when other smokers are around, try carrying a water bottle and taking a sip every time you want to ask for a cig.",coping,5
R_3Matzl9c3RQUXt4,Take a deep breath. Focus on today and the things you have accomplished. How many urges have you let pass? Give yourself some credit!,coping,3
R_3VibJ58gSES3NNn,"Instead of smoking, use the next two minutes to pay close attention to your senses. Notice what you see, hear, feel, taste, and smell. Urges are just one part of your experience.",coping,4
R_3Matzl9c3RQUXt4,"Just because letting an urge pass isn't easy, doesn't mean that you can't do it. Try it, you might surprise yourself.",coping,5
R_3Matzl9c3RQUXt4,"You don't have to act on this feeling by smoking or doing anything about it. Give it some space, breathe, and see if it changes. Let the urge and feeling be there while you focus on doing something you care about.",coping,3
R_ZrsDNbJydm2C4Jr,"You don't have to act on this feeling by smoking or doing anything about it. Give it some space, breathe, and see if it changes. Let the urge and feeling be there while you focus on doing something you care about.",coping,4
R_1Fbqbnf6dLMy4tn,"Try to avoid seeing other people smoke. It might sound basic but brain see, brain want! If you can, make life easier and avoid the people you used to smoke with for some time where possible.",coping,3
R_ZrsDNbJydm2C4Jr,"Instead of smoking, keep your fingers busy by scrolling through your phone.",coping,5
R_1Fbqbnf6dLMy4tn,"Are you feeling down because you are thinking of smoking? It's really important to be kind to yourself, and to make sure you give yourself praise too!",coping,4
R_1Fbqbnf6dLMy4tn,Pause and take 5 slow breaths. Pausing just for a moment breaks the automatic habit of reaching for a smoke.,coping,5
R_1Fbqbnf6dLMy4tn,"Instead of smoking, keep your fingers busy by scrolling through your phone.",coping,5
R_ddqI4krc2dw6wX7,Craving a cig? Plan a fun activity you can do when you get home as a reward for not smoking.,coping,3
R_2EtsWpbAEibZktI,What can you do right now to break the automatic habit of smoking to help you feel better? Pause. Close your eyes. And take 10 slow breaths.,coping,4
R_ddqI4krc2dw6wX7,"To help get through a 'risky situation', remind yourself of how far you've come and the effort that you've put in. Don't ruin your hard work - stay strong!",coping,4
R_ddqI4krc2dw6wX7,"To keep on track, small changes can really help. For example, keep a list of quit reasons where you used to keep cigarettes, rearrange your living space, or grab some extra pens to fiddle with to keep your hands busy.",coping,4
R_2EtsWpbAEibZktI,"When your mind tells you that you will be less stressed after smoking a cigarette, remember that you don't have to listen to that thought. It's just a thought and nothing more.",coping,5
R_1Fbqbnf6dLMy4tn,Try chewing gum if you have trouble resisting smoking when other people light up around you.,coping,3
R_ypzX7ic0obI1ZOp,"Tell yourself, “I am going to quit smoking soon.” Say it out loud. Say to yourself, “I am too strong to continue smoking for the rest of my life.""",coping,5
R_9QCagB11uqmXtMB,"Instead of smoking, use the next two minutes to pay close attention to your senses. Notice what you see, hear, feel, taste, and smell. Urges are just one part of your experience.",coping,5
R_9QCagB11uqmXtMB,"If you have trouble resisting a craving when other smokers are around, try carrying a water bottle and taking a sip every time you want to ask for a cig.",coping,4
R_9QCagB11uqmXtMB,"Picture the people or things you care deeply about. On a scale of 0-10, how willing are you to let this urge pass for those reasons?",coping,1
R_1LcUKccxzjxAb5y,Take a deep breath. Focus on today and the things you have accomplished. How many urges have you let pass? Give yourself some credit!,coping,3
R_9QCagB11uqmXtMB,"To keep on track, small changes can really help. For example, keep a list of quit reasons where you used to keep cigarettes, rearrange your living space, or grab some extra pens to fiddle with to keep your hands busy.",coping,4
R_1M01cLnmxZSOivi,"Each time you choose to not smoke after seeing someone else light up, you lessen the habit a little more.",coping,5
R_1LcUKccxzjxAb5y,"Instead of smoking, use the next two minutes to pay close attention to your senses. Notice what you see, hear, feel, taste, and smell. Urges are just one part of your experience.",coping,1
R_2aIvTcmiow4EtsN,"Have confidence in knowing that you can have this urge, choose not to smoke, be okay, and choose to do things that matter most to you.",coping,1
R_1MJS8JtYhdp36EW,"Try to avoid seeing other people smoke. It might sound basic but brain see, brain want! If you can, make life easier and avoid the people you used to smoke with for some time where possible.",coping,3
R_1LcUKccxzjxAb5y,"Have confidence in knowing that you can have this urge, choose not to smoke, be okay, and choose to do things that matter most to you.",coping,5
R_2aIvTcmiow4EtsN,"Instead of smoking, use the next two minutes to pay close attention to your senses. Notice what you see, hear, feel, taste, and smell. Urges are just one part of your experience.",coping,3
R_1MJS8JtYhdp36EW,Stop! Breathe. What is going on around you? Inside you? Allow everything to be just as it is. Breathe again.,coping,5
R_30l3R10aOCVGe5w,"Tell yourself, “I am going to quit smoking soon.” Say it out loud. Say to yourself, “I am too strong to continue smoking for the rest of my life.""",coping,5
R_30l3R10aOCVGe5w,"If you have trouble resisting a craving when other smokers are around, try carrying a water bottle and taking a sip every time you want to ask for a cig.",coping,5
R_30l3R10aOCVGe5w,"To keep on track, small changes can really help. For example, keep a list of quit reasons where you used to keep cigarettes, rearrange your living space, or grab some extra pens to fiddle with to keep your hands busy.",coping,5
R_2hJAKbiGgSIIvux,"If you have trouble resisting a craving when other smokers are around, try carrying a water bottle and taking a sip every time you want to ask for a cig.",coping,5
R_27DJFH0whD8lucv,"When your mind tells you that you will be less stressed after smoking a cigarette, remember that you don't have to listen to that thought. It's just a thought and nothing more.",coping,5
R_2hJAKbiGgSIIvux,"Notice what is triggering your urge. Have understanding and kindness for yourself for feeling this urge. It isn't easy, but can you choose to let it be there without smoking?",coping,5
R_27DJFH0whD8lucv,"Think about times in the past when you have let urges pass during a stressful moment, and notice what helped make that moment easier.",coping,5
R_A5SrtEB9WH4MqMp,Stop! Breathe. What is going on around you? Inside you? Allow everything to be just as it is. Breathe again.,coping,4
R_A5SrtEB9WH4MqMp,"Try to avoid seeing other people smoke. It might sound basic but brain see, brain want! If you can, make life easier and avoid the people you used to smoke with for some time where possible.",coping,4
R_2wn1SLP3ekGoOSw,"When you notice yourself trapped in stressful thoughts or worry, say out loud, ""I'm noticing that I'm having some worrisome thoughts."" This helps unhook you from your thoughts so you don't stay caught in them.",coping,5
R_A5SrtEB9WH4MqMp,Take a deep breath and let it out slowly. Notice that you are completely OK for this one breath. Do it again.,coping,3
R_A5SrtEB9WH4MqMp,"Have confidence in knowing that you can have this urge, choose not to smoke, be okay, and choose to do things that matter most to you.",coping,4
R_A5SrtEB9WH4MqMp,"When your mind tells you that you will be less stressed after smoking a cigarette, remember that you don't have to listen to that thought. It's just a thought and nothing more.",coping,5
R_sjRaT0GEpLySTwl,Take a deep breath and let it out slowly. Notice that you are completely OK for this one breath. Do it again.,coping,5
R_sjRaT0GEpLySTwl,"Tell yourself, “I am going to quit smoking soon.” Say it out loud. Say to yourself, “I am too strong to continue smoking for the rest of my life.""",coping,5
R_2QWcjBtboYh3Ak5,What can you do right now to break the automatic habit of smoking to help you feel better? Pause. Close your eyes. And take 10 slow breaths.,coping,4
R_sjRaT0GEpLySTwl,"Picture the people or things you care deeply about. On a scale of 0-10, how willing are you to let this urge pass for those reasons?",coping,5
R_2VQHk5jScvQlebK,What can you do right now to break the automatic habit of smoking to help you feel better? Pause. Close your eyes. And take 10 slow breaths.,coping,3
R_2VQHk5jScvQlebK,Pause and take 5 slow breaths. Pausing just for a moment breaks the automatic habit of reaching for a smoke.,coping,3
R_PHxxPmpTAyXYltn,"Just because letting an urge pass isn't easy, doesn't mean that you can't do it. Try it, you might surprise yourself.",coping,3
R_2q3n28BIAEykB1r,"Try to avoid seeing other people smoke. It might sound basic but brain see, brain want! If you can, make life easier and avoid the people you used to smoke with for some time where possible.",coping,5
R_2q3n28BIAEykB1r,"If you have trouble resisting a craving when other smokers are around, try carrying a water bottle and taking a sip every time you want to ask for a cig.",coping,5
R_2q3n28BIAEykB1r,Take a deep breath. Focus on today and the things you have accomplished. How many urges have you let pass? Give yourself some credit!,coping,5
R_2q3n28BIAEykB1r,What can you do right now to break the automatic habit of smoking to help you feel better? Pause. Close your eyes. And take 10 slow breaths.,coping,2
R_WD8Xnns8UZBfaSd,Pause and take 5 slow breaths. Pausing just for a moment breaks the automatic habit of reaching for a smoke.,coping,5
R_2xS1ZxFMCNBndN0,"Instead of smoking, use the next two minutes to pay close attention to your senses. Notice what you see, hear, feel, taste, and smell. Urges are just one part of your experience.",coping,5
R_WD8Xnns8UZBfaSd,"Each time you choose to not smoke after seeing someone else light up, you lessen the habit a little more.",coping,5
R_WD8Xnns8UZBfaSd,Try chewing gum if you have trouble resisting smoking when other people light up around you.,coping,5
R_2ANmmam6glhzevO,"To keep on track, small changes can really help. For example, keep a list of quit reasons where you used to keep cigarettes, rearrange your living space, or grab some extra pens to fiddle with to keep your hands busy.",coping,5
R_WD8Xnns8UZBfaSd,"Instead of smoking, keep your fingers busy by scrolling through your phone.",coping,5
R_3ExPCGeioFxwyAb,"If leaving social situations to avoid smokers feels awkward, make sure you have something to do instead - take sugar free mints, lollipops or low fat snacks to chew, or use a stress ball.",coping,5
R_2ANmmam6glhzevO,"Tell yourself, “I am going to quit smoking soon.” Say it out loud. Say to yourself, “I am too strong to continue smoking for the rest of my life.""",coping,5
R_6X4Tvyh6UHRAfyV,"Just because letting an urge pass isn't easy, doesn't mean that you can't do it. Try it, you might surprise yourself.",coping,5
R_6X4Tvyh6UHRAfyV,"To help get through a 'risky situation', remind yourself of how far you've come and the effort that you've put in. Don't ruin your hard work - stay strong!",coping,5
R_3ExPCGeioFxwyAb,"Instead of smoking, use the next two minutes to pay close attention to your senses. Notice what you see, hear, feel, taste, and smell. Urges are just one part of your experience.",coping,4
R_1lieuGdN9qSzQWj,"Each time you choose to not smoke after seeing someone else light up, you lessen the habit a little more.",coping,5
R_1lieuGdN9qSzQWj,"You don't have to act on this feeling by smoking or doing anything about it. Give it some space, breathe, and see if it changes. Let the urge and feeling be there while you focus on doing something you care about.",coping,5
R_1lieuGdN9qSzQWj,"Ask yourself, ""From 0-10, how willing am I to let this urge pass without smoking?"" Let it pass to be closer to the things that matter most to you.",coping,5
R_uz9k0k0tnfVxXnr,"When your mind tells you that you will be less stressed after smoking a cigarette, remember that you don't have to listen to that thought. It's just a thought and nothing more.",coping,5
R_1lieuGdN9qSzQWj,"Picture the people or things you care deeply about. On a scale of 0-10, how willing are you to let this urge pass for those reasons?",coping,5
R_2ANmmam6glhzevO,"If leaving social situations to avoid smokers feels awkward, make sure you have something to do instead - take sugar free mints, lollipops or low fat snacks to chew, or use a stress ball.",coping,5
R_3Old3ne64pjZMhR,"If you have trouble resisting a craving when other smokers are around, try carrying a water bottle and taking a sip every time you want to ask for a cig.",coping,5
R_uz9k0k0tnfVxXnr,"If leaving social situations to avoid smokers feels awkward, make sure you have something to do instead - take sugar free mints, lollipops or low fat snacks to chew, or use a stress ball.",coping,5
R_WD8Xnns8UZBfaSd,Craving a cig? Plan a fun activity you can do when you get home as a reward for not smoking.,coping,5
R_2t4J3K6lDaCCRTU,What can you do right now to break the automatic habit of smoking to help you feel better? Pause. Close your eyes. And take 10 slow breaths.,coping,5
R_3Old3ne64pjZMhR,What can you do right now to break the automatic habit of smoking to help you feel better? Pause. Close your eyes. And take 10 slow breaths.,coping,3
R_2t4J3K6lDaCCRTU,"Have confidence in knowing that you can have this urge, choose not to smoke, be okay, and choose to do things that matter most to you.",coping,5
R_2t4J3K6lDaCCRTU,"If leaving social situations to avoid smokers feels awkward, make sure you have something to do instead - take sugar free mints, lollipops or low fat snacks to chew, or use a stress ball.",coping,5
R_2t4J3K6lDaCCRTU,"When you notice yourself trapped in stressful thoughts or worry, say out loud, ""I'm noticing that I'm having some worrisome thoughts."" This helps unhook you from your thoughts so you don't stay caught in them.",coping,4
R_2t4J3K6lDaCCRTU,Pause and take 5 slow breaths. Pausing just for a moment breaks the automatic habit of reaching for a smoke.,coping,5
R_3PRLOS6qU0lddMs,Keep picturing yourself getting home later today knowing that you've gained a smoke-free day. It's nearly a reality!,coping,4
R_3PRLOS6qU0lddMs,"To keep on track, small changes can really help. For example, keep a list of quit reasons where you used to keep cigarettes, rearrange your living space, or grab some extra pens to fiddle with to keep your hands busy.",coping,5
R_3PRLOS6qU0lddMs,You don’t need to get rid of or change your thoughts about smoking—just let them pass by like a cloud in the sky.,coping,4
R_3PRLOS6qU0lddMs,"Instead of smoking, keep your fingers busy by scrolling through your phone.",coping,5
R_2zMeTFlURNN8JIW,"Life can get you really stressed out, but turning to cigs isn't the answer. Call or text family and friends instead. Ask them to help you stay on track.",coping,4
R_BXS3k87bIDHXMOJ,Keep picturing yourself getting home later today knowing that you've gained a smoke-free day. It's nearly a reality!,coping,5
R_2zMeTFlURNN8JIW,"Ask yourself, ""From 0-10, how willing am I to let this urge pass without smoking?"" Let it pass to be closer to the things that matter most to you.",coping,5
R_2zMeTFlURNN8JIW,Craving a cig? Plan a fun activity you can do when you get home as a reward for not smoking.,coping,5
R_8Gm4PIZJeorKjwR,Take a deep breath. Focus on today and the things you have accomplished. How many urges have you let pass? Give yourself some credit!,coping,5
R_8Gm4PIZJeorKjwR,"Life can get you really stressed out, but turning to cigs isn't the answer. Call or text family and friends instead. Ask them to help you stay on track.",coping,4
R_8Gm4PIZJeorKjwR,"Each time you choose to not smoke after seeing someone else light up, you lessen the habit a little more.",coping,4
R_1i5xawGdcYZxTq1,"Just because letting an urge pass isn't easy, doesn't mean that you can't do it. Try it, you might surprise yourself.",coping,5
R_1i5xawGdcYZxTq1,What can you do right now to break the automatic habit of smoking to help you feel better? Pause. Close your eyes. And take 10 slow breaths.,coping,4
R_8Gm4PIZJeorKjwR,Keep picturing yourself getting home later today knowing that you've gained a smoke-free day. It's nearly a reality!,coping,4
R_1i5xawGdcYZxTq1,"Try to avoid seeing other people smoke. It might sound basic but brain see, brain want! If you can, make life easier and avoid the people you used to smoke with for some time where possible.",coping,5
R_20M5OkxYYP8lBbX,Pause and take 5 slow breaths. Pausing just for a moment breaks the automatic habit of reaching for a smoke.,coping,5
R_AGqE7z6Gj26NxUl,"Each time you choose to not smoke after seeing someone else light up, you lessen the habit a little more.",coping,1
R_20M5OkxYYP8lBbX,"When your mind tells you that you will be less stressed after smoking a cigarette, remember that you don't have to listen to that thought. It's just a thought and nothing more.",coping,5
R_AGqE7z6Gj26NxUl,"If leaving social situations to avoid smokers feels awkward, make sure you have something to do instead - take sugar free mints, lollipops or low fat snacks to chew, or use a stress ball.",coping,5
R_20M5OkxYYP8lBbX,What can you do right now to break the automatic habit of smoking to help you feel better? Pause. Close your eyes. And take 10 slow breaths.,coping,3
R_1q9Rim7BuByZwyO,"Stress is temporary. It comes and goes like passing clouds in the sky. When stress demands you to light up, remember you can let it pass by without smoking.",coping,5
R_1q9Rim7BuByZwyO,"If leaving social situations to avoid smokers feels awkward, make sure you have something to do instead - take sugar free mints, lollipops or low fat snacks to chew, or use a stress ball.",coping,5
R_12goR3q8H29V9wo,"Are you feeling down because you are thinking of smoking? It's really important to be kind to yourself, and to make sure you give yourself praise too!",coping,5
R_32QljfPmjp0y9oP,"Instead of smoking, keep your fingers busy by scrolling through your phone.",coping,5
R_20M5OkxYYP8lBbX,"Instead of smoking, use the next two minutes to pay close attention to your senses. Notice what you see, hear, feel, taste, and smell. Urges are just one part of your experience.",coping,5
R_1LG1SlUQdJOQXzg,Take a deep breath and let it out slowly. Notice that you are completely OK for this one breath. Do it again.,coping,5
R_1obFr0yWctWXGZp,"Tell yourself, “I am going to quit smoking soon.” Say it out loud. Say to yourself, “I am too strong to continue smoking for the rest of my life.""",coping,4
R_1obFr0yWctWXGZp,"If leaving social situations to avoid smokers feels awkward, make sure you have something to do instead - take sugar free mints, lollipops or low fat snacks to chew, or use a stress ball.",coping,3
R_3Matzl9c3RQUXt4,Keep picturing yourself getting home later today knowing that you've gained a smoke-free day. It's nearly a reality!,coping,4
R_R4sQnvoUm005mEx,"Each time you choose to not smoke after seeing someone else light up, you lessen the habit a little more.",coping,5
R_2akLi8f3ekB0W5A,"Stress is temporary. It comes and goes like passing clouds in the sky. When stress demands you to light up, remember you can let it pass by without smoking.",coping,3
R_2akLi8f3ekB0W5A,"Picture the people or things you care deeply about. On a scale of 0-10, how willing are you to let this urge pass for those reasons?",coping,5
R_R4sQnvoUm005mEx,Take a deep breath. Focus on today and the things you have accomplished. How many urges have you let pass? Give yourself some credit!,coping,4
R_2akLi8f3ekB0W5A,"Tell yourself, “I am going to quit smoking soon.” Say it out loud. Say to yourself, “I am too strong to continue smoking for the rest of my life.""",coping,3
R_UfNqx4ZNtpLPjGh,You don’t need to get rid of or change your thoughts about smoking—just let them pass by like a cloud in the sky.,coping,1
R_2s1GiahIIuFLBws,"Each time you choose to not smoke after seeing someone else light up, you lessen the habit a little more.",coping,5
R_2s1GiahIIuFLBws,What can you do right now to break the automatic habit of smoking to help you feel better? Pause. Close your eyes. And take 10 slow breaths.,coping,5
R_2s1GiahIIuFLBws,"Picture the people or things you care deeply about. On a scale of 0-10, how willing are you to let this urge pass for those reasons?",coping,5
R_2wLEOVbebzghPyp,"If you have trouble resisting a craving when other smokers are around, try carrying a water bottle and taking a sip every time you want to ask for a cig.",coping,2
R_2YbN5gubGXzJndw,Stop! Breathe. What is going on around you? Inside you? Allow everything to be just as it is. Breathe again.,coping,4
R_1PXijlEZI444JKq,"If leaving social situations to avoid smokers feels awkward, make sure you have something to do instead - take sugar free mints, lollipops or low fat snacks to chew, or use a stress ball.",coping,4
R_2wLEOVbebzghPyp,Keep picturing yourself getting home later today knowing that you've gained a smoke-free day. It's nearly a reality!,coping,5
R_1PTVOhQexSxePFM,"Picture the people or things you care deeply about. On a scale of 0-10, how willing are you to let this urge pass for those reasons?",coping,3
R_1PTVOhQexSxePFM,"Think about times in the past when you have let urges pass during a stressful moment, and notice what helped make that moment easier.",coping,3
R_1PTVOhQexSxePFM,"Just because letting an urge pass isn't easy, doesn't mean that you can't do it. Try it, you might surprise yourself.",coping,3
R_1PTVOhQexSxePFM,"If you have trouble resisting a craving when other smokers are around, try carrying a water bottle and taking a sip every time you want to ask for a cig.",coping,3
R_UfNqx4ZNtpLPjGh,"Instead of smoking, use the next two minutes to pay close attention to your senses. Notice what you see, hear, feel, taste, and smell. Urges are just one part of your experience.",coping,5
R_2f2t38YdAmanMyj,"You don't have to act on this feeling by smoking or doing anything about it. Give it some space, breathe, and see if it changes. Let the urge and feeling be there while you focus on doing something you care about.",coping,4
R_2f2t38YdAmanMyj,"If leaving social situations to avoid smokers feels awkward, make sure you have something to do instead - take sugar free mints, lollipops or low fat snacks to chew, or use a stress ball.",coping,5
R_3j7Brs4OzZYgDDM,"To keep on track, small changes can really help. For example, keep a list of quit reasons where you used to keep cigarettes, rearrange your living space, or grab some extra pens to fiddle with to keep your hands busy.",coping,5
R_3j7Brs4OzZYgDDM,Take a deep breath. Focus on today and the things you have accomplished. How many urges have you let pass? Give yourself some credit!,coping,4
R_2f2t38YdAmanMyj,Take a deep breath and let it out slowly. Notice that you are completely OK for this one breath. Do it again.,coping,4
R_3j7Brs4OzZYgDDM,"If leaving social situations to avoid smokers feels awkward, make sure you have something to do instead - take sugar free mints, lollipops or low fat snacks to chew, or use a stress ball.",coping,5
R_2SB2beGSkKtkj8R,"Tell yourself, “I am going to quit smoking soon.” Say it out loud. Say to yourself, “I am too strong to continue smoking for the rest of my life.""",coping,5
R_1BS2nuFOswlOC2l,"When your mind tells you that you will be less stressed after smoking a cigarette, remember that you don't have to listen to that thought. It's just a thought and nothing more.",coping,5
R_2scgCkZ5nT43GPc,"Are you feeling down because you are thinking of smoking? It's really important to be kind to yourself, and to make sure you give yourself praise too!",coping,5
R_2SB2beGSkKtkj8R,"Picture the people or things you care deeply about. On a scale of 0-10, how willing are you to let this urge pass for those reasons?",coping,5
R_2SB2beGSkKtkj8R,Try chewing gum if you have trouble resisting smoking when other people light up around you.,coping,4
R_2SB2beGSkKtkj8R,You don’t need to get rid of or change your thoughts about smoking—just let them pass by like a cloud in the sky.,coping,5
R_2wi55Y8Szv3A64a,What can you do right now to break the automatic habit of smoking to help you feel better? Pause. Close your eyes. And take 10 slow breaths.,coping,5
R_2wi55Y8Szv3A64a,"Notice what is triggering your urge. Have understanding and kindness for yourself for feeling this urge. It isn't easy, but can you choose to let it be there without smoking?",coping,5
R_2wi55Y8Szv3A64a,"Instead of smoking, use the next two minutes to pay close attention to your senses. Notice what you see, hear, feel, taste, and smell. Urges are just one part of your experience.",coping,5
R_2wi55Y8Szv3A64a,Take a deep breath and let it out slowly. Notice that you are completely OK for this one breath. Do it again.,coping,5
R_2wi55Y8Szv3A64a,"Think about times in the past when you have let urges pass during a stressful moment, and notice what helped make that moment easier.",coping,5
R_3gMhVykTKg9svb2,"Life can get you really stressed out, but turning to cigs isn't the answer. Call or text family and friends instead. Ask them to help you stay on track.",coping,4
R_OdINEEhkfMxwJB7,"Try to avoid seeing other people smoke. It might sound basic but brain see, brain want! If you can, make life easier and avoid the people you used to smoke with for some time where possible.",coping,5
R_3gMhVykTKg9svb2,"Tell yourself, “I am going to quit smoking soon.” Say it out loud. Say to yourself, “I am too strong to continue smoking for the rest of my life.""",coping,5
R_OdINEEhkfMxwJB7,Take a deep breath. Focus on today and the things you have accomplished. How many urges have you let pass? Give yourself some credit!,coping,5
R_3k6czszJzgX8ywq,You don’t need to get rid of or change your thoughts about smoking—just let them pass by like a cloud in the sky.,coping,3
R_3k6czszJzgX8ywq,"Each time you choose to not smoke after seeing someone else light up, you lessen the habit a little more.",coping,4
R_3k6czszJzgX8ywq,"Notice what is triggering your urge. Have understanding and kindness for yourself for feeling this urge. It isn't easy, but can you choose to let it be there without smoking?",coping,4
R_DuiFYpo4a2NWuat,"Notice what is triggering your urge. Have understanding and kindness for yourself for feeling this urge. It isn't easy, but can you choose to let it be there without smoking?",coping,5
R_2ccIViRetpYIQaJ,What can you do right now to break the automatic habit of smoking to help you feel better? Pause. Close your eyes. And take 10 slow breaths.,coping,5
R_DuiFYpo4a2NWuat,What can you do right now to break the automatic habit of smoking to help you feel better? Pause. Close your eyes. And take 10 slow breaths.,coping,5
R_2ccIViRetpYIQaJ,Craving a cig? Plan a fun activity you can do when you get home as a reward for not smoking.,coping,4
R_2ccIViRetpYIQaJ,Take a deep breath. Focus on today and the things you have accomplished. How many urges have you let pass? Give yourself some credit!,coping,4
R_2ccIViRetpYIQaJ,"Instead of smoking, use the next two minutes to pay close attention to your senses. Notice what you see, hear, feel, taste, and smell. Urges are just one part of your experience.",coping,5
R_2ONru3vWAs5R1nH,Take a deep breath. Focus on today and the things you have accomplished. How many urges have you let pass? Give yourself some credit!,coping,5
R_2rvIwe0LPS53Pkx,Try chewing gum if you have trouble resisting smoking when other people light up around you.,coping,5
R_33BGkOxFCUVUO7H,Take a deep breath. Focus on today and the things you have accomplished. How many urges have you let pass? Give yourself some credit!,coping,5
R_33BGkOxFCUVUO7H,"When your mind tells you that you will be less stressed after smoking a cigarette, remember that you don't have to listen to that thought. It's just a thought and nothing more.",coping,5
R_2ONru3vWAs5R1nH,"Notice what is triggering your urge. Have understanding and kindness for yourself for feeling this urge. It isn't easy, but can you choose to let it be there without smoking?",coping,5
R_332LhRE8iquoyX1,"Stress is temporary. It comes and goes like passing clouds in the sky. When stress demands you to light up, remember you can let it pass by without smoking.",coping,4
R_2THwUIEkbN0Bm9k,Take a deep breath. Focus on today and the things you have accomplished. How many urges have you let pass? Give yourself some credit!,coping,5
R_2rvIwe0LPS53Pkx,"When your mind tells you that you will be less stressed after smoking a cigarette, remember that you don't have to listen to that thought. It's just a thought and nothing more.",coping,4
R_1eLjd8J9bWKz0ta,"To help get through a 'risky situation', remind yourself of how far you've come and the effort that you've put in. Don't ruin your hard work - stay strong!",coping,5
R_1mI4ds4xsqeSdci,Keep picturing yourself getting home later today knowing that you've gained a smoke-free day. It's nearly a reality!,coping,4
R_2qque2GwbtMO3RI,What can you do right now to break the automatic habit of smoking to help you feel better? Pause. Close your eyes. And take 10 slow breaths.,coping,4
R_1mI4ds4xsqeSdci,Take a deep breath and let it out slowly. Notice that you are completely OK for this one breath. Do it again.,coping,4
R_2qque2GwbtMO3RI,"Each time you choose to not smoke after seeing someone else light up, you lessen the habit a little more.",coping,4
R_2qque2GwbtMO3RI,"Try to avoid seeing other people smoke. It might sound basic but brain see, brain want! If you can, make life easier and avoid the people you used to smoke with for some time where possible.",coping,4
R_2dyJA4Wh1yB3AGi,What can you do right now to break the automatic habit of smoking to help you feel better? Pause. Close your eyes. And take 10 slow breaths.,coping,5
R_1nZUIBgFJ15OHJ7,Stop! Breathe. What is going on around you? Inside you? Allow everything to be just as it is. Breathe again.,coping,4
R_3hnIiXUxh2NqHHz,"You don't have to act on this feeling by smoking or doing anything about it. Give it some space, breathe, and see if it changes. Let the urge and feeling be there while you focus on doing something you care about.",coping,3
R_3hnIiXUxh2NqHHz,Try chewing gum if you have trouble resisting smoking when other people light up around you.,coping,5
R_2dyJA4Wh1yB3AGi,"Life can get you really stressed out, but turning to cigs isn't the answer. Call or text family and friends instead. Ask them to help you stay on track.",coping,5
R_31ZYFOPdKtbGhMI,"Instead of smoking, use the next two minutes to pay close attention to your senses. Notice what you see, hear, feel, taste, and smell. Urges are just one part of your experience.",coping,4
R_2dyJA4Wh1yB3AGi,"Instead of smoking, keep your fingers busy by scrolling through your phone.",coping,5
R_31ZYFOPdKtbGhMI,"Tell yourself, “I am going to quit smoking soon.” Say it out loud. Say to yourself, “I am too strong to continue smoking for the rest of my life.""",coping,5
R_31ZYFOPdKtbGhMI,"Instead of smoking, keep your fingers busy by scrolling through your phone.",coping,5
R_2dyJA4Wh1yB3AGi,"Try to avoid seeing other people smoke. It might sound basic but brain see, brain want! If you can, make life easier and avoid the people you used to smoke with for some time where possible.",coping,5
R_2xXVFkkOBY0yIlg,"If you have trouble resisting a craving when other smokers are around, try carrying a water bottle and taking a sip every time you want to ask for a cig.",coping,5
R_2fcy9U0QpwQPKDh,"Try to avoid seeing other people smoke. It might sound basic but brain see, brain want! If you can, make life easier and avoid the people you used to smoke with for some time where possible.",coping,5
R_2fcy9U0QpwQPKDh,"When your mind tells you that you will be less stressed after smoking a cigarette, remember that you don't have to listen to that thought. It's just a thought and nothing more.",coping,5
R_2fcy9U0QpwQPKDh,"Picture the people or things you care deeply about. On a scale of 0-10, how willing are you to let this urge pass for those reasons?",coping,5
R_3nxFDwBbpI5MYNb,Craving a cig? Plan a fun activity you can do when you get home as a reward for not smoking.,coping,5
R_3nxFDwBbpI5MYNb,"You don't have to act on this feeling by smoking or doing anything about it. Give it some space, breathe, and see if it changes. Let the urge and feeling be there while you focus on doing something you care about.",coping,3
R_01DKDv1e2j40qE9,"Instead of smoking, use the next two minutes to pay close attention to your senses. Notice what you see, hear, feel, taste, and smell. Urges are just one part of your experience.",coping,5
R_U9qxn3gJ6pk3Dk5,"Ask yourself, ""From 0-10, how willing am I to let this urge pass without smoking?"" Let it pass to be closer to the things that matter most to you.",coping,5
R_U9qxn3gJ6pk3Dk5,"Notice what is triggering your urge. Have understanding and kindness for yourself for feeling this urge. It isn't easy, but can you choose to let it be there without smoking?",coping,5
R_U9qxn3gJ6pk3Dk5,"Instead of smoking, keep your fingers busy by scrolling through your phone.",coping,5
R_01DKDv1e2j40qE9,"Try to avoid seeing other people smoke. It might sound basic but brain see, brain want! If you can, make life easier and avoid the people you used to smoke with for some time where possible.",coping,5
R_22XjWwgWUKHPliH,"To keep on track, small changes can really help. For example, keep a list of quit reasons where you used to keep cigarettes, rearrange your living space, or grab some extra pens to fiddle with to keep your hands busy.",coping,5
R_2SCsyhhlzSuIKDq,"If you have trouble resisting a craving when other smokers are around, try carrying a water bottle and taking a sip every time you want to ask for a cig.",coping,5
R_22XjWwgWUKHPliH,"Just because letting an urge pass isn't easy, doesn't mean that you can't do it. Try it, you might surprise yourself.",coping,3
R_DMZKu2d7cs3fqGR,Craving a cig? Plan a fun activity you can do when you get home as a reward for not smoking.,coping,5
R_DMZKu2d7cs3fqGR,Pause and take 5 slow breaths. Pausing just for a moment breaks the automatic habit of reaching for a smoke.,coping,3
R_2SCsyhhlzSuIKDq,"Picture the people or things you care deeply about. On a scale of 0-10, how willing are you to let this urge pass for those reasons?",coping,3
R_DMZKu2d7cs3fqGR,"To keep on track, small changes can really help. For example, keep a list of quit reasons where you used to keep cigarettes, rearrange your living space, or grab some extra pens to fiddle with to keep your hands busy.",coping,5
R_2SCsyhhlzSuIKDq,"Are you feeling down because you are thinking of smoking? It's really important to be kind to yourself, and to make sure you give yourself praise too!",coping,3
R_DMZKu2d7cs3fqGR,You don’t need to get rid of or change your thoughts about smoking—just let them pass by like a cloud in the sky.,coping,1
R_3luJtR1KDLtcfvc,"Try to avoid seeing other people smoke. It might sound basic but brain see, brain want! If you can, make life easier and avoid the people you used to smoke with for some time where possible.",coping,5
R_3luJtR1KDLtcfvc,"If you have trouble resisting a craving when other smokers are around, try carrying a water bottle and taking a sip every time you want to ask for a cig.",coping,5
R_3luJtR1KDLtcfvc,"When your mind tells you that you will be less stressed after smoking a cigarette, remember that you don't have to listen to that thought. It's just a thought and nothing more.",coping,4
R_d1460dHCavzgFzj,"When your mind tells you that you will be less stressed after smoking a cigarette, remember that you don't have to listen to that thought. It's just a thought and nothing more.",coping,3
R_2t8LCdJNRE1BhG2,"Instead of smoking, use the next two minutes to pay close attention to your senses. Notice what you see, hear, feel, taste, and smell. Urges are just one part of your experience.",coping,5
R_2t8LCdJNRE1BhG2,Try chewing gum if you have trouble resisting smoking when other people light up around you.,coping,5
R_d1460dHCavzgFzj,"Just because letting an urge pass isn't easy, doesn't mean that you can't do it. Try it, you might surprise yourself.",coping,4
R_2t8LCdJNRE1BhG2,Take a deep breath. Focus on today and the things you have accomplished. How many urges have you let pass? Give yourself some credit!,coping,5
R_vHs2EcdK5PGxSWB,"If leaving social situations to avoid smokers feels awkward, make sure you have something to do instead - take sugar free mints, lollipops or low fat snacks to chew, or use a stress ball.",coping,5
R_vHs2EcdK5PGxSWB,"When you notice yourself trapped in stressful thoughts or worry, say out loud, ""I'm noticing that I'm having some worrisome thoughts."" This helps unhook you from your thoughts so you don't stay caught in them.",coping,5
R_1n7SXwc1XwuIERT,"Have confidence in knowing that you can have this urge, choose not to smoke, be okay, and choose to do things that matter most to you.",coping,3
R_1OocvpnKdfKUf3b,"Life can get you really stressed out, but turning to cigs isn't the answer. Call or text family and friends instead. Ask them to help you stay on track.",coping,3
R_1OocvpnKdfKUf3b,"You don't have to act on this feeling by smoking or doing anything about it. Give it some space, breathe, and see if it changes. Let the urge and feeling be there while you focus on doing something you care about.",coping,5
R_1n7SXwc1XwuIERT,"Are you feeling down because you are thinking of smoking? It's really important to be kind to yourself, and to make sure you give yourself praise too!",coping,4
R_vHs2EcdK5PGxSWB,Take a deep breath and let it out slowly. Notice that you are completely OK for this one breath. Do it again.,coping,5
R_1OocvpnKdfKUf3b,"Stress is temporary. It comes and goes like passing clouds in the sky. When stress demands you to light up, remember you can let it pass by without smoking.",coping,5
R_vHs2EcdK5PGxSWB,Try chewing gum if you have trouble resisting smoking when other people light up around you.,coping,4
R_vHs2EcdK5PGxSWB,"You don't have to act on this feeling by smoking or doing anything about it. Give it some space, breathe, and see if it changes. Let the urge and feeling be there while you focus on doing something you care about.",coping,4
R_1C9jAHOirFAm72N,"Stress is temporary. It comes and goes like passing clouds in the sky. When stress demands you to light up, remember you can let it pass by without smoking.",coping,5
R_2e5qlB5kQj1XJWn,"When your mind tells you that you will be less stressed after smoking a cigarette, remember that you don't have to listen to that thought. It's just a thought and nothing more.",coping,4
R_2e5qlB5kQj1XJWn,"When you notice yourself trapped in stressful thoughts or worry, say out loud, ""I'm noticing that I'm having some worrisome thoughts."" This helps unhook you from your thoughts so you don't stay caught in them.",coping,3
R_1C9jAHOirFAm72N,"If you have trouble resisting a craving when other smokers are around, try carrying a water bottle and taking a sip every time you want to ask for a cig.",coping,3
R_1ifWmpBENew4BWi,Stop! Breathe. What is going on around you? Inside you? Allow everything to be just as it is. Breathe again.,coping,5
R_1ifWmpBENew4BWi,"You don't have to act on this feeling by smoking or doing anything about it. Give it some space, breathe, and see if it changes. Let the urge and feeling be there while you focus on doing something you care about.",coping,5
R_1ifWmpBENew4BWi,"Just because letting an urge pass isn't easy, doesn't mean that you can't do it. Try it, you might surprise yourself.",coping,5
R_1C9jAHOirFAm72N,Try chewing gum if you have trouble resisting smoking when other people light up around you.,coping,3
R_2Qs1DPL7HxlSFWT,"Picture the people or things you care deeply about. On a scale of 0-10, how willing are you to let this urge pass for those reasons?",coping,5
R_1ifWmpBENew4BWi,"Picture the people or things you care deeply about. On a scale of 0-10, how willing are you to let this urge pass for those reasons?",coping,5
R_2Qs1DPL7HxlSFWT,"Ask yourself, ""From 0-10, how willing am I to let this urge pass without smoking?"" Let it pass to be closer to the things that matter most to you.",coping,5
R_cZPMSJQ0H2cCJA5,"Notice what is triggering your urge. Have understanding and kindness for yourself for feeling this urge. It isn't easy, but can you choose to let it be there without smoking?",coping,5
R_cZPMSJQ0H2cCJA5,"You don't have to act on this feeling by smoking or doing anything about it. Give it some space, breathe, and see if it changes. Let the urge and feeling be there while you focus on doing something you care about.",coping,3
R_1IWrjtFa8vDJfpk,Stop! Breathe. What is going on around you? Inside you? Allow everything to be just as it is. Breathe again.,coping,4
R_cZPMSJQ0H2cCJA5,"When your mind tells you that you will be less stressed after smoking a cigarette, remember that you don't have to listen to that thought. It's just a thought and nothing more.",coping,3
R_1IWrjtFa8vDJfpk,"To help get through a 'risky situation', remind yourself of how far you've come and the effort that you've put in. Don't ruin your hard work - stay strong!",coping,5
R_spc4ss1J4cslrJn,"Tell yourself, “I am going to quit smoking soon.” Say it out loud. Say to yourself, “I am too strong to continue smoking for the rest of my life.""",coping,5
R_1IWrjtFa8vDJfpk,Keep picturing yourself getting home later today knowing that you've gained a smoke-free day. It's nearly a reality!,coping,5
R_cZPMSJQ0H2cCJA5,What can you do right now to break the automatic habit of smoking to help you feel better? Pause. Close your eyes. And take 10 slow breaths.,coping,3
R_spc4ss1J4cslrJn,Pause and take 5 slow breaths. Pausing just for a moment breaks the automatic habit of reaching for a smoke.,coping,5
R_1IWrjtFa8vDJfpk,"Just because letting an urge pass isn't easy, doesn't mean that you can't do it. Try it, you might surprise yourself.",coping,5
R_3HzwS0g8RrVjx2x,"When your mind tells you that you will be less stressed after smoking a cigarette, remember that you don't have to listen to that thought. It's just a thought and nothing more.",coping,5
R_3HzwS0g8RrVjx2x,"Notice what is triggering your urge. Have understanding and kindness for yourself for feeling this urge. It isn't easy, but can you choose to let it be there without smoking?",coping,5
R_3HzwS0g8RrVjx2x,"Try to avoid seeing other people smoke. It might sound basic but brain see, brain want! If you can, make life easier and avoid the people you used to smoke with for some time where possible.",coping,4
R_WpaOO7bA1Obhmx3,Keep picturing yourself getting home later today knowing that you've gained a smoke-free day. It's nearly a reality!,coping,5
R_DOldzndi0ud9173,What can you do right now to break the automatic habit of smoking to help you feel better? Pause. Close your eyes. And take 10 slow breaths.,coping,5
R_DOldzndi0ud9173,"Picture the people or things you care deeply about. On a scale of 0-10, how willing are you to let this urge pass for those reasons?",coping,5
R_WpaOO7bA1Obhmx3,"Life can get you really stressed out, but turning to cigs isn't the answer. Call or text family and friends instead. Ask them to help you stay on track.",coping,4
R_WpaOO7bA1Obhmx3,"Picture the people or things you care deeply about. On a scale of 0-10, how willing are you to let this urge pass for those reasons?",coping,5
R_DOldzndi0ud9173,"To help get through a 'risky situation', remind yourself of how far you've come and the effort that you've put in. Don't ruin your hard work - stay strong!",coping,4
R_DOldzndi0ud9173,Try chewing gum if you have trouble resisting smoking when other people light up around you.,coping,5
R_3ktQ5GWFgXS9Juk,Keep picturing yourself getting home later today knowing that you've gained a smoke-free day. It's nearly a reality!,coping,5
R_3ktQ5GWFgXS9Juk,"Think about times in the past when you have let urges pass during a stressful moment, and notice what helped make that moment easier.",coping,5
R_3ktQ5GWFgXS9Juk,Take a deep breath. Focus on today and the things you have accomplished. How many urges have you let pass? Give yourself some credit!,coping,5
R_DOldzndi0ud9173,"Just because letting an urge pass isn't easy, doesn't mean that you can't do it. Try it, you might surprise yourself.",coping,5
R_PTFFeCfq2vHstaN,Take a deep breath. Focus on today and the things you have accomplished. How many urges have you let pass? Give yourself some credit!,coping,5
R_1eFc3o9lO4Xcg1L,"When your mind tells you that you will be less stressed after smoking a cigarette, remember that you don't have to listen to that thought. It's just a thought and nothing more.",coping,5
R_PTFFeCfq2vHstaN,Pause and take 5 slow breaths. Pausing just for a moment breaks the automatic habit of reaching for a smoke.,coping,5
R_1eFc3o9lO4Xcg1L,"Are you feeling down because you are thinking of smoking? It's really important to be kind to yourself, and to make sure you give yourself praise too!",coping,1
R_1eFc3o9lO4Xcg1L,"You don't have to act on this feeling by smoking or doing anything about it. Give it some space, breathe, and see if it changes. Let the urge and feeling be there while you focus on doing something you care about.",coping,5
R_3hcqIT5vkQbdIyE,"Tell yourself, “I am going to quit smoking soon.” Say it out loud. Say to yourself, “I am too strong to continue smoking for the rest of my life.""",coping,1
R_1eFc3o9lO4Xcg1L,"Have confidence in knowing that you can have this urge, choose not to smoke, be okay, and choose to do things that matter most to you.",coping,3
R_1eFc3o9lO4Xcg1L,Pause and take 5 slow breaths. Pausing just for a moment breaks the automatic habit of reaching for a smoke.,coping,1
R_3hcqIT5vkQbdIyE,"Think about times in the past when you have let urges pass during a stressful moment, and notice what helped make that moment easier.",coping,1
R_1oALjJEmuRRwJwQ,"Tell yourself, “I am going to quit smoking soon.” Say it out loud. Say to yourself, “I am too strong to continue smoking for the rest of my life.""",coping,5
R_1eFc3o9lO4Xcg1L,"Tell yourself, “I am going to quit smoking soon.” Say it out loud. Say to yourself, “I am too strong to continue smoking for the rest of my life.""",coping,5
R_OvdnYwfFYxHtVyV,"When you notice yourself trapped in stressful thoughts or worry, say out loud, ""I'm noticing that I'm having some worrisome thoughts."" This helps unhook you from your thoughts so you don't stay caught in them.",coping,5
R_1oALjJEmuRRwJwQ,"Life can get you really stressed out, but turning to cigs isn't the answer. Call or text family and friends instead. Ask them to help you stay on track.",coping,4
R_2CTUZMFsPrfz0fU,"Stress is temporary. It comes and goes like passing clouds in the sky. When stress demands you to light up, remember you can let it pass by without smoking.",coping,5
R_2CTUZMFsPrfz0fU,"When your mind tells you that you will be less stressed after smoking a cigarette, remember that you don't have to listen to that thought. It's just a thought and nothing more.",coping,5
R_OvdnYwfFYxHtVyV,"Stress is temporary. It comes and goes like passing clouds in the sky. When stress demands you to light up, remember you can let it pass by without smoking.",coping,5
R_OvdnYwfFYxHtVyV,"If you have trouble resisting a craving when other smokers are around, try carrying a water bottle and taking a sip every time you want to ask for a cig.",coping,4
R_2CTUZMFsPrfz0fU,"Think about times in the past when you have let urges pass during a stressful moment, and notice what helped make that moment easier.",coping,3
R_OvdnYwfFYxHtVyV,What can you do right now to break the automatic habit of smoking to help you feel better? Pause. Close your eyes. And take 10 slow breaths.,coping,4
R_37WD4Tk0gT211Ch,"Just because letting an urge pass isn't easy, doesn't mean that you can't do it. Try it, you might surprise yourself.",coping,3
R_OqbDrNn3mOe62cx,"Stress is temporary. It comes and goes like passing clouds in the sky. When stress demands you to light up, remember you can let it pass by without smoking.",coping,4
R_5mX0y5OjLa3HGJr,Try chewing gum if you have trouble resisting smoking when other people light up around you.,coping,4
R_yvImsfpnidvdn9f,Pause and take 5 slow breaths. Pausing just for a moment breaks the automatic habit of reaching for a smoke.,coping,3
R_37WD4Tk0gT211Ch,"Have confidence in knowing that you can have this urge, choose not to smoke, be okay, and choose to do things that matter most to you.",coping,3
R_324wIUNGqZHiJU8,"Think about times in the past when you have let urges pass during a stressful moment, and notice what helped make that moment easier.",coping,3
R_2CN9do64xa7SBVO,"Ask yourself, ""From 0-10, how willing am I to let this urge pass without smoking?"" Let it pass to be closer to the things that matter most to you.",coping,5
R_2CN9do64xa7SBVO,"Are you feeling down because you are thinking of smoking? It's really important to be kind to yourself, and to make sure you give yourself praise too!",coping,4
R_27pAyfbKynLvuPb,"When you notice yourself trapped in stressful thoughts or worry, say out loud, ""I'm noticing that I'm having some worrisome thoughts."" This helps unhook you from your thoughts so you don't stay caught in them.",coping,5
R_27pAyfbKynLvuPb,Take a deep breath. Focus on today and the things you have accomplished. How many urges have you let pass? Give yourself some credit!,coping,3
R_2CN9do64xa7SBVO,Try chewing gum if you have trouble resisting smoking when other people light up around you.,coping,5
R_27pAyfbKynLvuPb,"Are you feeling down because you are thinking of smoking? It's really important to be kind to yourself, and to make sure you give yourself praise too!",coping,3
R_phoakqRZVCOzOjn,"Each time you choose to not smoke after seeing someone else light up, you lessen the habit a little more.",coping,5
R_PTFFeCfq2vHstaN,Try chewing gum if you have trouble resisting smoking when other people light up around you.,coping,5
R_phoakqRZVCOzOjn,"Picture the people or things you care deeply about. On a scale of 0-10, how willing are you to let this urge pass for those reasons?",coping,5
R_phoakqRZVCOzOjn,Take a deep breath. Focus on today and the things you have accomplished. How many urges have you let pass? Give yourself some credit!,coping,4
R_22oaTRQmQd44IFl,"Life can get you really stressed out, but turning to cigs isn't the answer. Call or text family and friends instead. Ask them to help you stay on track.",coping,4
R_31BnQYKmCqYgAeX,"You don't have to act on this feeling by smoking or doing anything about it. Give it some space, breathe, and see if it changes. Let the urge and feeling be there while you focus on doing something you care about.",coping,4
R_22oaTRQmQd44IFl,Take a deep breath and let it out slowly. Notice that you are completely OK for this one breath. Do it again.,coping,3
R_22oaTRQmQd44IFl,"Just because letting an urge pass isn't easy, doesn't mean that you can't do it. Try it, you might surprise yourself.",coping,4
R_31BnQYKmCqYgAeX,"To help get through a 'risky situation', remind yourself of how far you've come and the effort that you've put in. Don't ruin your hard work - stay strong!",coping,5
R_1CkfsApsWiEMs27,Craving a cig? Plan a fun activity you can do when you get home as a reward for not smoking.,coping,4
R_31BnQYKmCqYgAeX,"Instead of smoking, keep your fingers busy by scrolling through your phone.",coping,1
R_2Cf9smO3s7AfjAX,"When your mind tells you that you will be less stressed after smoking a cigarette, remember that you don't have to listen to that thought. It's just a thought and nothing more.",coping,5
R_1GUrB0irVlc74QJ,"Have confidence in knowing that you can have this urge, choose not to smoke, be okay, and choose to do things that matter most to you.",coping,3
R_1GUrB0irVlc74QJ,"Instead of smoking, keep your fingers busy by scrolling through your phone.",coping,5
R_2Cf9smO3s7AfjAX,"Notice what is triggering your urge. Have understanding and kindness for yourself for feeling this urge. It isn't easy, but can you choose to let it be there without smoking?",coping,4
R_3PuSTNLM9GLlWcY,"When you notice yourself trapped in stressful thoughts or worry, say out loud, ""I'm noticing that I'm having some worrisome thoughts."" This helps unhook you from your thoughts so you don't stay caught in them.",coping,3
R_1GUrB0irVlc74QJ,"Life can get you really stressed out, but turning to cigs isn't the answer. Call or text family and friends instead. Ask them to help you stay on track.",coping,3
R_3PuSTNLM9GLlWcY,"When your mind tells you that you will be less stressed after smoking a cigarette, remember that you don't have to listen to that thought. It's just a thought and nothing more.",coping,1
R_3PuSTNLM9GLlWcY,"Stress is temporary. It comes and goes like passing clouds in the sky. When stress demands you to light up, remember you can let it pass by without smoking.",coping,3
R_3PuSTNLM9GLlWcY,"Tell yourself, “I am going to quit smoking soon.” Say it out loud. Say to yourself, “I am too strong to continue smoking for the rest of my life.""",coping,3
R_3PuSTNLM9GLlWcY,"Picture the people or things you care deeply about. On a scale of 0-10, how willing are you to let this urge pass for those reasons?",coping,1
R_3PuSTNLM9GLlWcY,"Notice what is triggering your urge. Have understanding and kindness for yourself for feeling this urge. It isn't easy, but can you choose to let it be there without smoking?",coping,4
R_12LPH7GTH14aPlV,"To keep on track, small changes can really help. For example, keep a list of quit reasons where you used to keep cigarettes, rearrange your living space, or grab some extra pens to fiddle with to keep your hands busy.",coping,5
R_2zu3tGxubSjZX5Z,"Notice what is triggering your urge. Have understanding and kindness for yourself for feeling this urge. It isn't easy, but can you choose to let it be there without smoking?",coping,5
R_3PuSTNLM9GLlWcY,"Instead of smoking, keep your fingers busy by scrolling through your phone.",coping,3
R_2zu3tGxubSjZX5Z,Stop! Breathe. What is going on around you? Inside you? Allow everything to be just as it is. Breathe again.,coping,3
R_2zu3tGxubSjZX5Z,"Think about times in the past when you have let urges pass during a stressful moment, and notice what helped make that moment easier.",coping,1
R_12LPH7GTH14aPlV,"To help get through a 'risky situation', remind yourself of how far you've come and the effort that you've put in. Don't ruin your hard work - stay strong!",coping,5
R_2fkxlU74PbYfTb5,What can you do right now to break the automatic habit of smoking to help you feel better? Pause. Close your eyes. And take 10 slow breaths.,coping,4
R_2fkxlU74PbYfTb5,"To help get through a 'risky situation', remind yourself of how far you've come and the effort that you've put in. Don't ruin your hard work - stay strong!",coping,5
R_1r31XVArejuHyCu,"Life can get you really stressed out, but turning to cigs isn't the answer. Call or text family and friends instead. Ask them to help you stay on track.",coping,2
R_1r31XVArejuHyCu,"Just because letting an urge pass isn't easy, doesn't mean that you can't do it. Try it, you might surprise yourself.",coping,5
R_2fkxlU74PbYfTb5,"Tell yourself, “I am going to quit smoking soon.” Say it out loud. Say to yourself, “I am too strong to continue smoking for the rest of my life.""",coping,5
R_1r31XVArejuHyCu,"If you have trouble resisting a craving when other smokers are around, try carrying a water bottle and taking a sip every time you want to ask for a cig.",coping,3
R_8tYqU6qBiZJTnYB,"Ask yourself, ""From 0-10, how willing am I to let this urge pass without smoking?"" Let it pass to be closer to the things that matter most to you.",coping,5
R_8tYqU6qBiZJTnYB,"If leaving social situations to avoid smokers feels awkward, make sure you have something to do instead - take sugar free mints, lollipops or low fat snacks to chew, or use a stress ball.",coping,4
R_1r31XVArejuHyCu,You don’t need to get rid of or change your thoughts about smoking—just let them pass by like a cloud in the sky.,coping,3
R_8tYqU6qBiZJTnYB,"Instead of smoking, use the next two minutes to pay close attention to your senses. Notice what you see, hear, feel, taste, and smell. Urges are just one part of your experience.",coping,5
R_cJ5P14fHuWBlTGh,"If leaving social situations to avoid smokers feels awkward, make sure you have something to do instead - take sugar free mints, lollipops or low fat snacks to chew, or use a stress ball.",coping,3
R_1jYSNhH8TKlGXBn,"Stress is temporary. It comes and goes like passing clouds in the sky. When stress demands you to light up, remember you can let it pass by without smoking.",coping,5
R_cJ5P14fHuWBlTGh,Take a deep breath. Focus on today and the things you have accomplished. How many urges have you let pass? Give yourself some credit!,coping,5
R_1gNlwQajvqtmFFC,"Notice what is triggering your urge. Have understanding and kindness for yourself for feeling this urge. It isn't easy, but can you choose to let it be there without smoking?",coping,4
R_1gNlwQajvqtmFFC,"When your mind tells you that you will be less stressed after smoking a cigarette, remember that you don't have to listen to that thought. It's just a thought and nothing more.",coping,3
R_cJ5P14fHuWBlTGh,"If you have trouble resisting a craving when other smokers are around, try carrying a water bottle and taking a sip every time you want to ask for a cig.",coping,3
R_1dtsmb4QLy6R9yU,"When your mind tells you that you will be less stressed after smoking a cigarette, remember that you don't have to listen to that thought. It's just a thought and nothing more.",coping,1
R_1gNlwQajvqtmFFC,"Life can get you really stressed out, but turning to cigs isn't the answer. Call or text family and friends instead. Ask them to help you stay on track.",coping,1
R_1gNlwQajvqtmFFC,Take a deep breath and let it out slowly. Notice that you are completely OK for this one breath. Do it again.,coping,3
R_1dtsmb4QLy6R9yU,Stop! Breathe. What is going on around you? Inside you? Allow everything to be just as it is. Breathe again.,coping,1
R_1C10qfFg7sq8PnZ,"Life can get you really stressed out, but turning to cigs isn't the answer. Call or text family and friends instead. Ask them to help you stay on track.",coping,5
R_1C10qfFg7sq8PnZ,"When you notice yourself trapped in stressful thoughts or worry, say out loud, ""I'm noticing that I'm having some worrisome thoughts."" This helps unhook you from your thoughts so you don't stay caught in them.",coping,5
R_sL886btNB2lJFip,"When your mind tells you that you will be less stressed after smoking a cigarette, remember that you don't have to listen to that thought. It's just a thought and nothing more.",coping,3
R_sL886btNB2lJFip,"Stress is temporary. It comes and goes like passing clouds in the sky. When stress demands you to light up, remember you can let it pass by without smoking.",coping,4
R_vdccq3M3JYMA01z,"If you have trouble resisting a craving when other smokers are around, try carrying a water bottle and taking a sip every time you want to ask for a cig.",coping,5
R_vdccq3M3JYMA01z,"To keep on track, small changes can really help. For example, keep a list of quit reasons where you used to keep cigarettes, rearrange your living space, or grab some extra pens to fiddle with to keep your hands busy.",coping,1
R_2D5GfkXQvKZhy7R,"If you have trouble resisting a craving when other smokers are around, try carrying a water bottle and taking a sip every time you want to ask for a cig.",coping,5
R_2D5GfkXQvKZhy7R,"To keep on track, small changes can really help. For example, keep a list of quit reasons where you used to keep cigarettes, rearrange your living space, or grab some extra pens to fiddle with to keep your hands busy.",coping,3
R_vdccq3M3JYMA01z,"Think about times in the past when you have let urges pass during a stressful moment, and notice what helped make that moment easier.",coping,4
R_33pfHRhyVX98OfK,"Picture the people or things you care deeply about. On a scale of 0-10, how willing are you to let this urge pass for those reasons?",coping,3
R_33pfHRhyVX98OfK,What can you do right now to break the automatic habit of smoking to help you feel better? Pause. Close your eyes. And take 10 slow breaths.,coping,3
R_33pfHRhyVX98OfK,Keep picturing yourself getting home later today knowing that you've gained a smoke-free day. It's nearly a reality!,coping,4
R_2D5GfkXQvKZhy7R,Take a deep breath and let it out slowly. Notice that you are completely OK for this one breath. Do it again.,coping,5
R_33pfHRhyVX98OfK,Take a deep breath and let it out slowly. Notice that you are completely OK for this one breath. Do it again.,coping,3
R_33pfHRhyVX98OfK,"If you have trouble resisting a craving when other smokers are around, try carrying a water bottle and taking a sip every time you want to ask for a cig.",coping,5
R_YbHOcU9YdROT161,"Think about times in the past when you have let urges pass during a stressful moment, and notice what helped make that moment easier.",coping,3
R_1JEZlmL8mqBFu3R,Keep picturing yourself getting home later today knowing that you've gained a smoke-free day. It's nearly a reality!,coping,2
R_1JEZlmL8mqBFu3R,"Each time you choose to not smoke after seeing someone else light up, you lessen the habit a little more.",coping,5
R_2bTejjl5u0LExen,"Instead of smoking, use the next two minutes to pay close attention to your senses. Notice what you see, hear, feel, taste, and smell. Urges are just one part of your experience.",coping,5
R_2bTejjl5u0LExen,Pause and take 5 slow breaths. Pausing just for a moment breaks the automatic habit of reaching for a smoke.,coping,3
R_2qfu7ht5gDHoJ68,"Try to avoid seeing other people smoke. It might sound basic but brain see, brain want! If you can, make life easier and avoid the people you used to smoke with for some time where possible.",coping,3
R_2qfu7ht5gDHoJ68,"When your mind tells you that you will be less stressed after smoking a cigarette, remember that you don't have to listen to that thought. It's just a thought and nothing more.",coping,5
R_2qfu7ht5gDHoJ68,"Are you feeling down because you are thinking of smoking? It's really important to be kind to yourself, and to make sure you give yourself praise too!",coping,5
R_2V8dStdHXS0wj0c,"Just because letting an urge pass isn't easy, doesn't mean that you can't do it. Try it, you might surprise yourself.",coping,5
R_2V8dStdHXS0wj0c,"Are you feeling down because you are thinking of smoking? It's really important to be kind to yourself, and to make sure you give yourself praise too!",coping,1
R_1CpabloI0nh2LY9,Keep picturing yourself getting home later today knowing that you've gained a smoke-free day. It's nearly a reality!,coping,4
R_06bvVqddFPEe0xj,"Try to avoid seeing other people smoke. It might sound basic but brain see, brain want! If you can, make life easier and avoid the people you used to smoke with for some time where possible.",coping,5
R_1CpabloI0nh2LY9,"Life can get you really stressed out, but turning to cigs isn't the answer. Call or text family and friends instead. Ask them to help you stay on track.",coping,1
R_06bvVqddFPEe0xj,Take a deep breath and let it out slowly. Notice that you are completely OK for this one breath. Do it again.,coping,3
R_06bvVqddFPEe0xj,Craving a cig? Plan a fun activity you can do when you get home as a reward for not smoking.,coping,3
R_1CpabloI0nh2LY9,You don’t need to get rid of or change your thoughts about smoking—just let them pass by like a cloud in the sky.,coping,1
R_12LPH7GTH14aPlV,"When your mind tells you that you will be less stressed after smoking a cigarette, remember that you don't have to listen to that thought. It's just a thought and nothing more.",coping,5
R_06bvVqddFPEe0xj,What can you do right now to break the automatic habit of smoking to help you feel better? Pause. Close your eyes. And take 10 slow breaths.,coping,3
R_5581mqJDqDHHTK9,Take a deep breath and let it out slowly. Notice that you are completely OK for this one breath. Do it again.,coping,4
R_29cx1PWbEL77woj,"Have confidence in knowing that you can have this urge, choose not to smoke, be okay, and choose to do things that matter most to you.",coping,3
R_2di4TZhO3O4jH9N,"To keep on track, small changes can really help. For example, keep a list of quit reasons where you used to keep cigarettes, rearrange your living space, or grab some extra pens to fiddle with to keep your hands busy.",coping,1
R_2X5TsjxMUoHZwYx,"Think about times in the past when you have let urges pass during a stressful moment, and notice what helped make that moment easier.",coping,4
R_29cx1PWbEL77woj,"Life can get you really stressed out, but turning to cigs isn't the answer. Call or text family and friends instead. Ask them to help you stay on track.",coping,1
R_2di4TZhO3O4jH9N,"Instead of smoking, keep your fingers busy by scrolling through your phone.",coping,1
R_2X5TsjxMUoHZwYx,"To help get through a 'risky situation', remind yourself of how far you've come and the effort that you've put in. Don't ruin your hard work - stay strong!",coping,5
R_1IPZxQCxUMfpeJi,"Have confidence in knowing that you can have this urge, choose not to smoke, be okay, and choose to do things that matter most to you.",coping,3
R_1IPZxQCxUMfpeJi,"Instead of smoking, keep your fingers busy by scrolling through your phone.",coping,5
R_1IPZxQCxUMfpeJi,Take a deep breath. Focus on today and the things you have accomplished. How many urges have you let pass? Give yourself some credit!,coping,5
R_2QmoWsUORX5qZ5t,"Life can get you really stressed out, but turning to cigs isn't the answer. Call or text family and friends instead. Ask them to help you stay on track.",coping,5
R_1KlteoBwFzRAW7d,"If you have trouble resisting a craving when other smokers are around, try carrying a water bottle and taking a sip every time you want to ask for a cig.",coping,5
R_3NJLRjV6sukDhjC,Take a deep breath and let it out slowly. Notice that you are completely OK for this one breath. Do it again.,coping,3
R_3NJLRjV6sukDhjC,"Have confidence in knowing that you can have this urge, choose not to smoke, be okay, and choose to do things that matter most to you.",coping,5
R_2QmoWsUORX5qZ5t,You don’t need to get rid of or change your thoughts about smoking—just let them pass by like a cloud in the sky.,coping,5
R_1dtsmb4QLy6R9yU,"Think about times in the past when you have let urges pass during a stressful moment, and notice what helped make that moment easier.",coping,3
R_2ydSXZ4KTN86Vxz,"Notice what is triggering your urge. Have understanding and kindness for yourself for feeling this urge. It isn't easy, but can you choose to let it be there without smoking?",coping,5
R_3NwafBF6nuik1KI,"If you have trouble resisting a craving when other smokers are around, try carrying a water bottle and taking a sip every time you want to ask for a cig.",coping,3
R_2ydSXZ4KTN86Vxz,"Instead of smoking, use the next two minutes to pay close attention to your senses. Notice what you see, hear, feel, taste, and smell. Urges are just one part of your experience.",coping,4
R_ron7qNN08EfD1MB,"If you have trouble resisting a craving when other smokers are around, try carrying a water bottle and taking a sip every time you want to ask for a cig.",coping,1
R_2ydSXZ4KTN86Vxz,"If you have trouble resisting a craving when other smokers are around, try carrying a water bottle and taking a sip every time you want to ask for a cig.",coping,3
R_ron7qNN08EfD1MB,"Instead of smoking, keep your fingers busy by scrolling through your phone.",coping,1
R_1LwozRPwgjauHo0,"You don't have to act on this feeling by smoking or doing anything about it. Give it some space, breathe, and see if it changes. Let the urge and feeling be there while you focus on doing something you care about.",coping,4
R_3e8jljgMGHnAWTy,"Think about times in the past when you have let urges pass during a stressful moment, and notice what helped make that moment easier.",coping,5
R_3e8jljgMGHnAWTy,"Try to avoid seeing other people smoke. It might sound basic but brain see, brain want! If you can, make life easier and avoid the people you used to smoke with for some time where possible.",coping,5
R_1obbBTKOWsvBFTD,"Are you feeling down because you are thinking of smoking? It's really important to be kind to yourself, and to make sure you give yourself praise too!",coping,3
R_1LwozRPwgjauHo0,"Picture the people or things you care deeply about. On a scale of 0-10, how willing are you to let this urge pass for those reasons?",coping,5
R_1obbBTKOWsvBFTD,"If you have trouble resisting a craving when other smokers are around, try carrying a water bottle and taking a sip every time you want to ask for a cig.",coping,2
R_1obbBTKOWsvBFTD,Try chewing gum if you have trouble resisting smoking when other people light up around you.,coping,5
R_1obbBTKOWsvBFTD,"Have confidence in knowing that you can have this urge, choose not to smoke, be okay, and choose to do things that matter most to you.",coping,4
R_2qa5UXjIiCSXwpU,Keep picturing yourself getting home later today knowing that you've gained a smoke-free day. It's nearly a reality!,coping,5
R_325v3XtZe1kiMAD,Take a deep breath and let it out slowly. Notice that you are completely OK for this one breath. Do it again.,coping,5
R_2qa5UXjIiCSXwpU,"Instead of smoking, keep your fingers busy by scrolling through your phone.",coping,5
R_0cDQjWb7D2enSal,"You don't have to act on this feeling by smoking or doing anything about it. Give it some space, breathe, and see if it changes. Let the urge and feeling be there while you focus on doing something you care about.",coping,3
R_1ozCPfdkIIVAtNL,Try chewing gum if you have trouble resisting smoking when other people light up around you.,coping,3
R_1ozCPfdkIIVAtNL,"Tell yourself, “I am going to quit smoking soon.” Say it out loud. Say to yourself, “I am too strong to continue smoking for the rest of my life.""",coping,1
R_3IcswPzQGdQJXBO,Take a deep breath. Focus on today and the things you have accomplished. How many urges have you let pass? Give yourself some credit!,coping,5
R_2Cdp8NLSajs0mGd,"Stress is temporary. It comes and goes like passing clouds in the sky. When stress demands you to light up, remember you can let it pass by without smoking.",coping,4
R_3IcswPzQGdQJXBO,"To help get through a 'risky situation', remind yourself of how far you've come and the effort that you've put in. Don't ruin your hard work - stay strong!",coping,5
R_2Cdp8NLSajs0mGd,"Tell yourself, “I am going to quit smoking soon.” Say it out loud. Say to yourself, “I am too strong to continue smoking for the rest of my life.""",coping,5
R_5vBc98CV7uM1Hi1,Stop! Breathe. What is going on around you? Inside you? Allow everything to be just as it is. Breathe again.,coping,4
R_1ozCPfdkIIVAtNL,"Are you feeling down because you are thinking of smoking? It's really important to be kind to yourself, and to make sure you give yourself praise too!",coping,3
R_31sCaKffv6oSRPR,"If you have trouble resisting a craving when other smokers are around, try carrying a water bottle and taking a sip every time you want to ask for a cig.",coping,5
R_3qX1qtZP29pwbZU,Pause and take 5 slow breaths. Pausing just for a moment breaks the automatic habit of reaching for a smoke.,coping,5
R_2EHv0kcjcqhMnVs,"You don't have to act on this feeling by smoking or doing anything about it. Give it some space, breathe, and see if it changes. Let the urge and feeling be there while you focus on doing something you care about.",coping,4
R_3qX1qtZP29pwbZU,"Try to avoid seeing other people smoke. It might sound basic but brain see, brain want! If you can, make life easier and avoid the people you used to smoke with for some time where possible.",coping,4
R_2EHv0kcjcqhMnVs,"Try to avoid seeing other people smoke. It might sound basic but brain see, brain want! If you can, make life easier and avoid the people you used to smoke with for some time where possible.",coping,4
R_2qfu7ht5gDHoJ68,Take a deep breath and let it out slowly. Notice that you are completely OK for this one breath. Do it again.,coping,5
R_2EHv0kcjcqhMnVs,"Think about times in the past when you have let urges pass during a stressful moment, and notice what helped make that moment easier.",coping,5
R_2sdUZoZn7JczJ3L,"Think about times in the past when you have let urges pass during a stressful moment, and notice what helped make that moment easier.",coping,5
R_2EHv0kcjcqhMnVs,"To keep on track, small changes can really help. For example, keep a list of quit reasons where you used to keep cigarettes, rearrange your living space, or grab some extra pens to fiddle with to keep your hands busy.",coping,4
R_2dGYkvoPWfbZ5mW,"Just because letting an urge pass isn't easy, doesn't mean that you can't do it. Try it, you might surprise yourself.",coping,5
R_2sdUZoZn7JczJ3L,"If you have trouble resisting a craving when other smokers are around, try carrying a water bottle and taking a sip every time you want to ask for a cig.",coping,4
R_2sdUZoZn7JczJ3L,Keep picturing yourself getting home later today knowing that you've gained a smoke-free day. It's nearly a reality!,coping,4
R_2dGYkvoPWfbZ5mW,Take a deep breath and let it out slowly. Notice that you are completely OK for this one breath. Do it again.,coping,5
R_2EHv0kcjcqhMnVs,"Stress is temporary. It comes and goes like passing clouds in the sky. When stress demands you to light up, remember you can let it pass by without smoking.",coping,3
R_2sdUZoZn7JczJ3L,What can you do right now to break the automatic habit of smoking to help you feel better? Pause. Close your eyes. And take 10 slow breaths.,coping,5
R_2aaHToN1j0MnNZS,"Think about times in the past when you have let urges pass during a stressful moment, and notice what helped make that moment easier.",coping,3
R_2w6stFpiFcI2p5B,"When you notice yourself trapped in stressful thoughts or worry, say out loud, ""I'm noticing that I'm having some worrisome thoughts."" This helps unhook you from your thoughts so you don't stay caught in them.",coping,5
R_2w6stFpiFcI2p5B,"Think about times in the past when you have let urges pass during a stressful moment, and notice what helped make that moment easier.",coping,5
R_ufyczALtFUdvzCF,"Just because letting an urge pass isn't easy, doesn't mean that you can't do it. Try it, you might surprise yourself.",coping,3
R_2w6stFpiFcI2p5B,Take a deep breath. Focus on today and the things you have accomplished. How many urges have you let pass? Give yourself some credit!,coping,5
R_ufyczALtFUdvzCF,"Each time you choose to not smoke after seeing someone else light up, you lessen the habit a little more.",coping,4
R_xuddpHh0ap4e7pD,"Picture the people or things you care deeply about. On a scale of 0-10, how willing are you to let this urge pass for those reasons?",coping,1
R_xuddpHh0ap4e7pD,"Instead of smoking, use the next two minutes to pay close attention to your senses. Notice what you see, hear, feel, taste, and smell. Urges are just one part of your experience.",coping,1
R_1NyBd9879uhiFyx,"Are you feeling down because you are thinking of smoking? It's really important to be kind to yourself, and to make sure you give yourself praise too!",coping,1
R_xuddpHh0ap4e7pD,"If leaving social situations to avoid smokers feels awkward, make sure you have something to do instead - take sugar free mints, lollipops or low fat snacks to chew, or use a stress ball.",coping,3
R_1NyBd9879uhiFyx,"Just because letting an urge pass isn't easy, doesn't mean that you can't do it. Try it, you might surprise yourself.",coping,3
R_1ds5LKcvfdjTshC,Take a deep breath and let it out slowly. Notice that you are completely OK for this one breath. Do it again.,coping,3
R_3lS0u7Fds4dvaHE,"Have confidence in knowing that you can have this urge, choose not to smoke, be okay, and choose to do things that matter most to you.",coping,4
R_u4EivuT6QzFNA9r,Try chewing gum if you have trouble resisting smoking when other people light up around you.,coping,3
R_u4EivuT6QzFNA9r,Stop! Breathe. What is going on around you? Inside you? Allow everything to be just as it is. Breathe again.,coping,1
R_sZgOwiAHEVTra1z,"If you have trouble resisting a craving when other smokers are around, try carrying a water bottle and taking a sip every time you want to ask for a cig.",coping,5
R_sZgOwiAHEVTra1z,What can you do right now to break the automatic habit of smoking to help you feel better? Pause. Close your eyes. And take 10 slow breaths.,coping,5
R_sZgOwiAHEVTra1z,Stop! Breathe. What is going on around you? Inside you? Allow everything to be just as it is. Breathe again.,coping,4
R_sZgOwiAHEVTra1z,"Instead of smoking, use the next two minutes to pay close attention to your senses. Notice what you see, hear, feel, taste, and smell. Urges are just one part of your experience.",coping,1
R_2qDxOq8iUGTDZa0,"Notice what is triggering your urge. Have understanding and kindness for yourself for feeling this urge. It isn't easy, but can you choose to let it be there without smoking?",coping,4
R_2qDxOq8iUGTDZa0,"To keep on track, small changes can really help. For example, keep a list of quit reasons where you used to keep cigarettes, rearrange your living space, or grab some extra pens to fiddle with to keep your hands busy.",coping,3
R_2CCcdZctBtZISqw,Try chewing gum if you have trouble resisting smoking when other people light up around you.,coping,3
R_2CCcdZctBtZISqw,"Life can get you really stressed out, but turning to cigs isn't the answer. Call or text family and friends instead. Ask them to help you stay on track.",coping,3
R_2CCcdZctBtZISqw,Keep picturing yourself getting home later today knowing that you've gained a smoke-free day. It's nearly a reality!,coping,3
R_2CCcdZctBtZISqw,"Try to avoid seeing other people smoke. It might sound basic but brain see, brain want! If you can, make life easier and avoid the people you used to smoke with for some time where possible.",coping,4
R_1ds5LKcvfdjTshC,What can you do right now to break the automatic habit of smoking to help you feel better? Pause. Close your eyes. And take 10 slow breaths.,coping,3
R_AbSAO54dJQqYqBz,"Ask yourself, ""From 0-10, how willing am I to let this urge pass without smoking?"" Let it pass to be closer to the things that matter most to you.",coping,1
R_AbSAO54dJQqYqBz,"If leaving social situations to avoid smokers feels awkward, make sure you have something to do instead - take sugar free mints, lollipops or low fat snacks to chew, or use a stress ball.",coping,3
R_AbSAO54dJQqYqBz,"Try to avoid seeing other people smoke. It might sound basic but brain see, brain want! If you can, make life easier and avoid the people you used to smoke with for some time where possible.",coping,3
R_31Z5qWarXAdC3n8,"Ask yourself, ""From 0-10, how willing am I to let this urge pass without smoking?"" Let it pass to be closer to the things that matter most to you.",coping,5
R_31Z5qWarXAdC3n8,Try chewing gum if you have trouble resisting smoking when other people light up around you.,coping,5
R_31Z5qWarXAdC3n8,"Think about times in the past when you have let urges pass during a stressful moment, and notice what helped make that moment easier.",coping,3
R_2tb59F08SGoKIol,"When your mind tells you that you will be less stressed after smoking a cigarette, remember that you don't have to listen to that thought. It's just a thought and nothing more.",coping,5
R_2tb59F08SGoKIol,Keep picturing yourself getting home later today knowing that you've gained a smoke-free day. It's nearly a reality!,coping,5
R_2tb59F08SGoKIol,Take a deep breath and let it out slowly. Notice that you are completely OK for this one breath. Do it again.,coping,4
R_1ds5LKcvfdjTshC,"Ask yourself, ""From 0-10, how willing am I to let this urge pass without smoking?"" Let it pass to be closer to the things that matter most to you.",coping,4
R_2XniPJa9AUwPfVI,"To help get through a 'risky situation', remind yourself of how far you've come and the effort that you've put in. Don't ruin your hard work - stay strong!",coping,5
R_2XniPJa9AUwPfVI,"Try to avoid seeing other people smoke. It might sound basic but brain see, brain want! If you can, make life easier and avoid the people you used to smoke with for some time where possible.",coping,5
R_2XniPJa9AUwPfVI,"Tell yourself, “I am going to quit smoking soon.” Say it out loud. Say to yourself, “I am too strong to continue smoking for the rest of my life.""",coping,5
R_1ds5LKcvfdjTshC,"Instead of smoking, use the next two minutes to pay close attention to your senses. Notice what you see, hear, feel, taste, and smell. Urges are just one part of your experience.",coping,5
R_egP8p0fYmBRXwYx,Stop! Breathe. What is going on around you? Inside you? Allow everything to be just as it is. Breathe again.,coping,4
R_egP8p0fYmBRXwYx,"To help get through a 'risky situation', remind yourself of how far you've come and the effort that you've put in. Don't ruin your hard work - stay strong!",coping,5
R_2XniPJa9AUwPfVI,"If leaving social situations to avoid smokers feels awkward, make sure you have something to do instead - take sugar free mints, lollipops or low fat snacks to chew, or use a stress ball.",coping,5
R_egP8p0fYmBRXwYx,"When you notice yourself trapped in stressful thoughts or worry, say out loud, ""I'm noticing that I'm having some worrisome thoughts."" This helps unhook you from your thoughts so you don't stay caught in them.",coping,5
R_3M0aldiZ8uqHWMY,"When your mind tells you that you will be less stressed after smoking a cigarette, remember that you don't have to listen to that thought. It's just a thought and nothing more.",coping,3
R_3M0aldiZ8uqHWMY,"Have confidence in knowing that you can have this urge, choose not to smoke, be okay, and choose to do things that matter most to you.",coping,4
R_XtWSw8c5Mx7OJTX,You don’t need to get rid of or change your thoughts about smoking—just let them pass by like a cloud in the sky.,coping,5
R_XtWSw8c5Mx7OJTX,"Picture the people or things you care deeply about. On a scale of 0-10, how willing are you to let this urge pass for those reasons?",coping,5
R_XtWSw8c5Mx7OJTX,"Tell yourself, “I am going to quit smoking soon.” Say it out loud. Say to yourself, “I am too strong to continue smoking for the rest of my life.""",coping,5
R_1CHf8El9WmqE3l2,Take a deep breath and let it out slowly. Notice that you are completely OK for this one breath. Do it again.,coping,1
R_1CHf8El9WmqE3l2,"You don't have to act on this feeling by smoking or doing anything about it. Give it some space, breathe, and see if it changes. Let the urge and feeling be there while you focus on doing something you care about.",coping,2
R_1hGdyupzAvVpcYn,"To keep on track, small changes can really help. For example, keep a list of quit reasons where you used to keep cigarettes, rearrange your living space, or grab some extra pens to fiddle with to keep your hands busy.",coping,5
R_1hGdyupzAvVpcYn,"If you have trouble resisting a craving when other smokers are around, try carrying a water bottle and taking a sip every time you want to ask for a cig.",coping,5
R_1hGdyupzAvVpcYn,Keep picturing yourself getting home later today knowing that you've gained a smoke-free day. It's nearly a reality!,coping,4
R_1hGdyupzAvVpcYn,What can you do right now to break the automatic habit of smoking to help you feel better? Pause. Close your eyes. And take 10 slow breaths.,coping,5
R_10UkJMK4Op6BJmj,"When you notice yourself trapped in stressful thoughts or worry, say out loud, ""I'm noticing that I'm having some worrisome thoughts."" This helps unhook you from your thoughts so you don't stay caught in them.",coping,1
R_31FOaXvTdYgAuoh,"To keep on track, small changes can really help. For example, keep a list of quit reasons where you used to keep cigarettes, rearrange your living space, or grab some extra pens to fiddle with to keep your hands busy.",coping,4
R_31FOaXvTdYgAuoh,"Stress is temporary. It comes and goes like passing clouds in the sky. When stress demands you to light up, remember you can let it pass by without smoking.",coping,4
R_31FOaXvTdYgAuoh,You don’t need to get rid of or change your thoughts about smoking—just let them pass by like a cloud in the sky.,coping,3
R_1K42Ti9DFVWU3di,"When you notice yourself trapped in stressful thoughts or worry, say out loud, ""I'm noticing that I'm having some worrisome thoughts."" This helps unhook you from your thoughts so you don't stay caught in them.",coping,3
R_3ltdTCyEKIzUnHq,"Try to avoid seeing other people smoke. It might sound basic but brain see, brain want! If you can, make life easier and avoid the people you used to smoke with for some time where possible.",coping,4
R_1rNXF2yItjOwGZ3,"Notice what is triggering your urge. Have understanding and kindness for yourself for feeling this urge. It isn't easy, but can you choose to let it be there without smoking?",coping,4
R_2VqdeoAw1Hb3FNk,Craving a cig? Plan a fun activity you can do when you get home as a reward for not smoking.,coping,5
R_1K42Ti9DFVWU3di,"Instead of smoking, use the next two minutes to pay close attention to your senses. Notice what you see, hear, feel, taste, and smell. Urges are just one part of your experience.",coping,5
R_3ltdTCyEKIzUnHq,"To keep on track, small changes can really help. For example, keep a list of quit reasons where you used to keep cigarettes, rearrange your living space, or grab some extra pens to fiddle with to keep your hands busy.",coping,5
R_2VqdeoAw1Hb3FNk,Try chewing gum if you have trouble resisting smoking when other people light up around you.,coping,3
R_12rPPrdKuJ9sdXW,"Just because letting an urge pass isn't easy, doesn't mean that you can't do it. Try it, you might surprise yourself.",coping,3
R_12rPPrdKuJ9sdXW,You don’t need to get rid of or change your thoughts about smoking—just let them pass by like a cloud in the sky.,coping,2
R_12rPPrdKuJ9sdXW,Take a deep breath and let it out slowly. Notice that you are completely OK for this one breath. Do it again.,coping,3
R_2VqdeoAw1Hb3FNk,"Stress is temporary. It comes and goes like passing clouds in the sky. When stress demands you to light up, remember you can let it pass by without smoking.",coping,3
R_12rPPrdKuJ9sdXW,"If leaving social situations to avoid smokers feels awkward, make sure you have something to do instead - take sugar free mints, lollipops or low fat snacks to chew, or use a stress ball.",coping,3
R_12rPPrdKuJ9sdXW,"Have confidence in knowing that you can have this urge, choose not to smoke, be okay, and choose to do things that matter most to you.",coping,4
R_82ClRmKpQdZDe3n,"Tell yourself, “I am going to quit smoking soon.” Say it out loud. Say to yourself, “I am too strong to continue smoking for the rest of my life.""",coping,5
R_1esMtHY09tTvIAq,"If you have trouble resisting a craving when other smokers are around, try carrying a water bottle and taking a sip every time you want to ask for a cig.",coping,5
R_1esMtHY09tTvIAq,Pause and take 5 slow breaths. Pausing just for a moment breaks the automatic habit of reaching for a smoke.,coping,4
R_82ClRmKpQdZDe3n,"Each time you choose to not smoke after seeing someone else light up, you lessen the habit a little more.",coping,4
R_sUxSt3ehJsAth2F,"Tell yourself, “I am going to quit smoking soon.” Say it out loud. Say to yourself, “I am too strong to continue smoking for the rest of my life.""",coping,3
R_82ClRmKpQdZDe3n,Pause and take 5 slow breaths. Pausing just for a moment breaks the automatic habit of reaching for a smoke.,coping,5
R_1esMtHY09tTvIAq,Take a deep breath and let it out slowly. Notice that you are completely OK for this one breath. Do it again.,coping,3
R_2f2nPA3eDsUQlKb,Craving a cig? Plan a fun activity you can do when you get home as a reward for not smoking.,coping,5
R_1esMtHY09tTvIAq,"Life can get you really stressed out, but turning to cigs isn't the answer. Call or text family and friends instead. Ask them to help you stay on track.",coping,4
R_2f2nPA3eDsUQlKb,"Think about times in the past when you have let urges pass during a stressful moment, and notice what helped make that moment easier.",coping,5
R_2f2nPA3eDsUQlKb,"Try to avoid seeing other people smoke. It might sound basic but brain see, brain want! If you can, make life easier and avoid the people you used to smoke with for some time where possible.",coping,3
R_2f2nPA3eDsUQlKb,"You don't have to act on this feeling by smoking or doing anything about it. Give it some space, breathe, and see if it changes. Let the urge and feeling be there while you focus on doing something you care about.",coping,5
R_T6CQ6JPAYZK3IzL,"Instead of smoking, use the next two minutes to pay close attention to your senses. Notice what you see, hear, feel, taste, and smell. Urges are just one part of your experience.",coping,3
R_cZOk0g6CWiEvwSB,Stop! Breathe. What is going on around you? Inside you? Allow everything to be just as it is. Breathe again.,coping,4
R_T6CQ6JPAYZK3IzL,What can you do right now to break the automatic habit of smoking to help you feel better? Pause. Close your eyes. And take 10 slow breaths.,coping,5
R_T6CQ6JPAYZK3IzL,"Tell yourself, “I am going to quit smoking soon.” Say it out loud. Say to yourself, “I am too strong to continue smoking for the rest of my life.""",coping,5
R_cZOk0g6CWiEvwSB,Take a deep breath and let it out slowly. Notice that you are completely OK for this one breath. Do it again.,coping,3
R_cZOk0g6CWiEvwSB,"Tell yourself, “I am going to quit smoking soon.” Say it out loud. Say to yourself, “I am too strong to continue smoking for the rest of my life.""",coping,1
R_T6CQ6JPAYZK3IzL,"Think about times in the past when you have let urges pass during a stressful moment, and notice what helped make that moment easier.",coping,3
R_cZOk0g6CWiEvwSB,"Are you feeling down because you are thinking of smoking? It's really important to be kind to yourself, and to make sure you give yourself praise too!",coping,3
R_cZOk0g6CWiEvwSB,"Ask yourself, ""From 0-10, how willing am I to let this urge pass without smoking?"" Let it pass to be closer to the things that matter most to you.",coping,1
R_zS8b1z8J3S5YeT7,"If you have trouble resisting a craving when other smokers are around, try carrying a water bottle and taking a sip every time you want to ask for a cig.",coping,4
R_SGHOnkO1bWVTwK5,"Just because letting an urge pass isn't easy, doesn't mean that you can't do it. Try it, you might surprise yourself.",coping,4
R_zS8b1z8J3S5YeT7,"Just because letting an urge pass isn't easy, doesn't mean that you can't do it. Try it, you might surprise yourself.",coping,1
R_SGHOnkO1bWVTwK5,Try chewing gum if you have trouble resisting smoking when other people light up around you.,coping,4
R_zS8b1z8J3S5YeT7,"To help get through a 'risky situation', remind yourself of how far you've come and the effort that you've put in. Don't ruin your hard work - stay strong!",coping,4
R_yvzD1ua3vtIv4xb,"If you have trouble resisting a craving when other smokers are around, try carrying a water bottle and taking a sip every time you want to ask for a cig.",coping,2
R_yvzD1ua3vtIv4xb,"Each time you choose to not smoke after seeing someone else light up, you lessen the habit a little more.",coping,1
R_2fiytMMvH1ACnEs,"Tell yourself, “I am going to quit smoking soon.” Say it out loud. Say to yourself, “I am too strong to continue smoking for the rest of my life.""",coping,3
R_2fiytMMvH1ACnEs,"Have confidence in knowing that you can have this urge, choose not to smoke, be okay, and choose to do things that matter most to you.",coping,4
R_9BIWYw553BOZ5U5,"To help get through a 'risky situation', remind yourself of how far you've come and the effort that you've put in. Don't ruin your hard work - stay strong!",coping,3
R_C8pYdLeRXuxGO65,"Try to avoid seeing other people smoke. It might sound basic but brain see, brain want! If you can, make life easier and avoid the people you used to smoke with for some time where possible.",coping,5
R_C8pYdLeRXuxGO65,"You don't have to act on this feeling by smoking or doing anything about it. Give it some space, breathe, and see if it changes. Let the urge and feeling be there while you focus on doing something you care about.",coping,5
R_elhRWkV8yJfLqjD,"To keep on track, small changes can really help. For example, keep a list of quit reasons where you used to keep cigarettes, rearrange your living space, or grab some extra pens to fiddle with to keep your hands busy.",coping,4
R_C8pYdLeRXuxGO65,"Have confidence in knowing that you can have this urge, choose not to smoke, be okay, and choose to do things that matter most to you.",coping,5
R_C8pYdLeRXuxGO65,"Instead of smoking, use the next two minutes to pay close attention to your senses. Notice what you see, hear, feel, taste, and smell. Urges are just one part of your experience.",coping,5
R_elhRWkV8yJfLqjD,"Just because letting an urge pass isn't easy, doesn't mean that you can't do it. Try it, you might surprise yourself.",coping,5
R_elhRWkV8yJfLqjD,Take a deep breath. Focus on today and the things you have accomplished. How many urges have you let pass? Give yourself some credit!,coping,5
R_ezZGx0ILza2umwV,You don’t need to get rid of or change your thoughts about smoking—just let them pass by like a cloud in the sky.,coping,3
R_ezZGx0ILza2umwV,"Life can get you really stressed out, but turning to cigs isn't the answer. Call or text family and friends instead. Ask them to help you stay on track.",coping,3
R_AzogNvRUe1115sZ,"Life can get you really stressed out, but turning to cigs isn't the answer. Call or text family and friends instead. Ask them to help you stay on track.",coping,5
R_ezZGx0ILza2umwV,"Instead of smoking, keep your fingers busy by scrolling through your phone.",coping,2
R_6eVLls0XtmmyGeB,Take a deep breath and let it out slowly. Notice that you are completely OK for this one breath. Do it again.,coping,5
R_ezZGx0ILza2umwV,"Tell yourself, “I am going to quit smoking soon.” Say it out loud. Say to yourself, “I am too strong to continue smoking for the rest of my life.""",coping,4
R_2wGNF35bI9iFZIx,"Tell yourself, “I am going to quit smoking soon.” Say it out loud. Say to yourself, “I am too strong to continue smoking for the rest of my life.""",coping,1
R_1oi0yOHxlfJ9NrC,Stop! Breathe. What is going on around you? Inside you? Allow everything to be just as it is. Breathe again.,coping,1
R_2wGNF35bI9iFZIx,"Are you feeling down because you are thinking of smoking? It's really important to be kind to yourself, and to make sure you give yourself praise too!",coping,1
R_ymcaGl7POG3cDdL,What can you do right now to break the automatic habit of smoking to help you feel better? Pause. Close your eyes. And take 10 slow breaths.,coping,1
R_6eVLls0XtmmyGeB,Try chewing gum if you have trouble resisting smoking when other people light up around you.,coping,5
R_ymcaGl7POG3cDdL,"Life can get you really stressed out, but turning to cigs isn't the answer. Call or text family and friends instead. Ask them to help you stay on track.",coping,2
R_3h3FfjsJGVluXdM,"When you notice yourself trapped in stressful thoughts or worry, say out loud, ""I'm noticing that I'm having some worrisome thoughts."" This helps unhook you from your thoughts so you don't stay caught in them.",coping,3
R_3h3FfjsJGVluXdM,Craving a cig? Plan a fun activity you can do when you get home as a reward for not smoking.,coping,2
R_3h3FfjsJGVluXdM,What can you do right now to break the automatic habit of smoking to help you feel better? Pause. Close your eyes. And take 10 slow breaths.,coping,1
R_3iX1Rd8mpJcVEqL,Pause and take 5 slow breaths. Pausing just for a moment breaks the automatic habit of reaching for a smoke.,coping,4
R_3h3FfjsJGVluXdM,"Each time you choose to not smoke after seeing someone else light up, you lessen the habit a little more.",coping,3
R_1QmcgaFY0Bk8vz2,"Instead of smoking, keep your fingers busy by scrolling through your phone.",coping,3
R_1QmcgaFY0Bk8vz2,"Think about times in the past when you have let urges pass during a stressful moment, and notice what helped make that moment easier.",coping,5
R_1hYlNpwgs7jBnfG,You don’t need to get rid of or change your thoughts about smoking—just let them pass by like a cloud in the sky.,coping,5
R_1QmcgaFY0Bk8vz2,"Notice what is triggering your urge. Have understanding and kindness for yourself for feeling this urge. It isn't easy, but can you choose to let it be there without smoking?",coping,3
R_1dElxzh4oksIAE7,"To help get through a 'risky situation', remind yourself of how far you've come and the effort that you've put in. Don't ruin your hard work - stay strong!",coping,5
R_2uUOTtjLJuW79MA,"Picture the people or things you care deeply about. On a scale of 0-10, how willing are you to let this urge pass for those reasons?",coping,5
R_3DAxhMwsbbHPLhL,"Instead of smoking, use the next two minutes to pay close attention to your senses. Notice what you see, hear, feel, taste, and smell. Urges are just one part of your experience.",coping,4
R_2uUOTtjLJuW79MA,Try chewing gum if you have trouble resisting smoking when other people light up around you.,coping,5
R_1dElxzh4oksIAE7,Pause and take 5 slow breaths. Pausing just for a moment breaks the automatic habit of reaching for a smoke.,coping,5
R_1FLMFlfSs0QU2xJ,Craving a cig? Plan a fun activity you can do when you get home as a reward for not smoking.,coping,5
R_1FLMFlfSs0QU2xJ,"Each time you choose to not smoke after seeing someone else light up, you lessen the habit a little more.",coping,5
R_1FLMFlfSs0QU2xJ,"Have confidence in knowing that you can have this urge, choose not to smoke, be okay, and choose to do things that matter most to you.",coping,5
R_1dB5HW7R2HG2880,"Have confidence in knowing that you can have this urge, choose not to smoke, be okay, and choose to do things that matter most to you.",coping,4
R_1FLMFlfSs0QU2xJ,"Think about times in the past when you have let urges pass during a stressful moment, and notice what helped make that moment easier.",coping,4
R_3KvguqEakrMcnY3,"Try to avoid seeing other people smoke. It might sound basic but brain see, brain want! If you can, make life easier and avoid the people you used to smoke with for some time where possible.",coping,3
R_1dB5HW7R2HG2880,Pause and take 5 slow breaths. Pausing just for a moment breaks the automatic habit of reaching for a smoke.,coping,2
R_1dB5HW7R2HG2880,"When you notice yourself trapped in stressful thoughts or worry, say out loud, ""I'm noticing that I'm having some worrisome thoughts."" This helps unhook you from your thoughts so you don't stay caught in them.",coping,5
R_1dB5HW7R2HG2880,"Are you feeling down because you are thinking of smoking? It's really important to be kind to yourself, and to make sure you give yourself praise too!",coping,5
R_3KvguqEakrMcnY3,"If leaving social situations to avoid smokers feels awkward, make sure you have something to do instead - take sugar free mints, lollipops or low fat snacks to chew, or use a stress ball.",coping,3
R_2uUOTtjLJuW79MA,"Ask yourself, ""From 0-10, how willing am I to let this urge pass without smoking?"" Let it pass to be closer to the things that matter most to you.",coping,5
R_33Ds3kTSgABzwcn,"To keep on track, small changes can really help. For example, keep a list of quit reasons where you used to keep cigarettes, rearrange your living space, or grab some extra pens to fiddle with to keep your hands busy.",coping,5
R_3RgXfJmoKNcXlYA,"When you notice yourself trapped in stressful thoughts or worry, say out loud, ""I'm noticing that I'm having some worrisome thoughts."" This helps unhook you from your thoughts so you don't stay caught in them.",coping,3
R_DwKx5csKPfJ7qUh,"To keep on track, small changes can really help. For example, keep a list of quit reasons where you used to keep cigarettes, rearrange your living space, or grab some extra pens to fiddle with to keep your hands busy.",coping,5
R_3LZSl6PaL6s21ta,"Are you feeling down because you are thinking of smoking? It's really important to be kind to yourself, and to make sure you give yourself praise too!",coping,5
R_3LZSl6PaL6s21ta,Take a deep breath. Focus on today and the things you have accomplished. How many urges have you let pass? Give yourself some credit!,coping,5
R_DwKx5csKPfJ7qUh,"Think about times in the past when you have let urges pass during a stressful moment, and notice what helped make that moment easier.",coping,5
R_3LZSl6PaL6s21ta,Keep picturing yourself getting home later today knowing that you've gained a smoke-free day. It's nearly a reality!,coping,5
R_YSqVRffx3jVGTHr,Stop! Breathe. What is going on around you? Inside you? Allow everything to be just as it is. Breathe again.,coping,3
R_3LZSl6PaL6s21ta,Try chewing gum if you have trouble resisting smoking when other people light up around you.,coping,5
R_1P0JC5vXBXu7qsw,"Instead of smoking, keep your fingers busy by scrolling through your phone.",coping,5
R_YSqVRffx3jVGTHr,"Picture the people or things you care deeply about. On a scale of 0-10, how willing are you to let this urge pass for those reasons?",coping,4
R_1P0JC5vXBXu7qsw,Keep picturing yourself getting home later today knowing that you've gained a smoke-free day. It's nearly a reality!,coping,5
R_1P0JC5vXBXu7qsw,"Stress is temporary. It comes and goes like passing clouds in the sky. When stress demands you to light up, remember you can let it pass by without smoking.",coping,5
R_2RRpmlLMjgGXowQ,You don’t need to get rid of or change your thoughts about smoking—just let them pass by like a cloud in the sky.,coping,5
R_3sB4F7dfT1MpVPK,Pause and take 5 slow breaths. Pausing just for a moment breaks the automatic habit of reaching for a smoke.,coping,5
R_2RRpmlLMjgGXowQ,"If you have trouble resisting a craving when other smokers are around, try carrying a water bottle and taking a sip every time you want to ask for a cig.",coping,4
R_sC0QUFDMAWehkS5,"To help get through a 'risky situation', remind yourself of how far you've come and the effort that you've put in. Don't ruin your hard work - stay strong!",coping,4
R_sC0QUFDMAWehkS5,Take a deep breath. Focus on today and the things you have accomplished. How many urges have you let pass? Give yourself some credit!,coping,5
R_sC0QUFDMAWehkS5,Pause and take 5 slow breaths. Pausing just for a moment breaks the automatic habit of reaching for a smoke.,coping,3
R_2CKhUP7XjrnmiCb,Take a deep breath and let it out slowly. Notice that you are completely OK for this one breath. Do it again.,coping,3
R_2TAkxIhQQ1K2kKb,"Notice what is triggering your urge. Have understanding and kindness for yourself for feeling this urge. It isn't easy, but can you choose to let it be there without smoking?",coping,5
R_2CKhUP7XjrnmiCb,"To help get through a 'risky situation', remind yourself of how far you've come and the effort that you've put in. Don't ruin your hard work - stay strong!",coping,3
R_2TAkxIhQQ1K2kKb,"Think about times in the past when you have let urges pass during a stressful moment, and notice what helped make that moment easier.",coping,4
R_2TAkxIhQQ1K2kKb,"Tell yourself, “I am going to quit smoking soon.” Say it out loud. Say to yourself, “I am too strong to continue smoking for the rest of my life.""",coping,5
R_2TAkxIhQQ1K2kKb,You don’t need to get rid of or change your thoughts about smoking—just let them pass by like a cloud in the sky.,coping,1
R_2TAkxIhQQ1K2kKb,"Instead of smoking, keep your fingers busy by scrolling through your phone.",coping,5
R_9nRwImVX1vIl1Lz,"Think about times in the past when you have let urges pass during a stressful moment, and notice what helped make that moment easier.",coping,3
R_3oMlHDYNS7qjrv0,"You don't have to act on this feeling by smoking or doing anything about it. Give it some space, breathe, and see if it changes. Let the urge and feeling be there while you focus on doing something you care about.",coping,5
R_9nRwImVX1vIl1Lz,"Instead of smoking, keep your fingers busy by scrolling through your phone.",coping,5
R_ZIxAlCoJeIjNicF,What can you do right now to break the automatic habit of smoking to help you feel better? Pause. Close your eyes. And take 10 slow breaths.,coping,5
R_ZIxAlCoJeIjNicF,"Are you feeling down because you are thinking of smoking? It's really important to be kind to yourself, and to make sure you give yourself praise too!",coping,5
R_1r6T6TGhL5Skoum,"Just because letting an urge pass isn't easy, doesn't mean that you can't do it. Try it, you might surprise yourself.",coping,3
R_1r6T6TGhL5Skoum,"When you notice yourself trapped in stressful thoughts or worry, say out loud, ""I'm noticing that I'm having some worrisome thoughts."" This helps unhook you from your thoughts so you don't stay caught in them.",coping,3
R_2TAkxIhQQ1K2kKb,"Picture the people or things you care deeply about. On a scale of 0-10, how willing are you to let this urge pass for those reasons?",coping,4
R_2dKLJ1c0ag7Kj74,Take a deep breath and let it out slowly. Notice that you are completely OK for this one breath. Do it again.,coping,1
R_2dKLJ1c0ag7Kj74,Take a deep breath. Focus on today and the things you have accomplished. How many urges have you let pass? Give yourself some credit!,coping,4
R_3KCJ41qoCrzI4Cw,"Life can get you really stressed out, but turning to cigs isn't the answer. Call or text family and friends instead. Ask them to help you stay on track.",coping,5
R_31yAQ1GCGjcYECK,"To keep on track, small changes can really help. For example, keep a list of quit reasons where you used to keep cigarettes, rearrange your living space, or grab some extra pens to fiddle with to keep your hands busy.",coping,5
R_214xgyW6yDCmLVE,"Notice what is triggering your urge. Have understanding and kindness for yourself for feeling this urge. It isn't easy, but can you choose to let it be there without smoking?",coping,3
R_214xgyW6yDCmLVE,"To help get through a 'risky situation', remind yourself of how far you've come and the effort that you've put in. Don't ruin your hard work - stay strong!",coping,4
R_3KCJ41qoCrzI4Cw,"When you notice yourself trapped in stressful thoughts or worry, say out loud, ""I'm noticing that I'm having some worrisome thoughts."" This helps unhook you from your thoughts so you don't stay caught in them.",coping,5
R_3KpigFoEHllOztA,Try chewing gum if you have trouble resisting smoking when other people light up around you.,coping,5
R_3KpigFoEHllOztA,"When you notice yourself trapped in stressful thoughts or worry, say out loud, ""I'm noticing that I'm having some worrisome thoughts."" This helps unhook you from your thoughts so you don't stay caught in them.",coping,5
R_eeoRDsfUd94L8Ln,"When you notice yourself trapped in stressful thoughts or worry, say out loud, ""I'm noticing that I'm having some worrisome thoughts."" This helps unhook you from your thoughts so you don't stay caught in them.",coping,4
R_1OGJQJib5PQag6L,"When you notice yourself trapped in stressful thoughts or worry, say out loud, ""I'm noticing that I'm having some worrisome thoughts."" This helps unhook you from your thoughts so you don't stay caught in them.",coping,5
R_eeoRDsfUd94L8Ln,"You don't have to act on this feeling by smoking or doing anything about it. Give it some space, breathe, and see if it changes. Let the urge and feeling be there while you focus on doing something you care about.",coping,3
R_eeoRDsfUd94L8Ln,Craving a cig? Plan a fun activity you can do when you get home as a reward for not smoking.,coping,2
R_1OGJQJib5PQag6L,"Think about times in the past when you have let urges pass during a stressful moment, and notice what helped make that moment easier.",coping,4
R_2xCWMKetnQTbHhS,"To keep on track, small changes can really help. For example, keep a list of quit reasons where you used to keep cigarettes, rearrange your living space, or grab some extra pens to fiddle with to keep your hands busy.",coping,4
R_2xCWMKetnQTbHhS,"Have confidence in knowing that you can have this urge, choose not to smoke, be okay, and choose to do things that matter most to you.",coping,4
R_2xCWMKetnQTbHhS,"Just because letting an urge pass isn't easy, doesn't mean that you can't do it. Try it, you might surprise yourself.",coping,3
R_2D5eAUdJrz9ljRo,"Try to avoid seeing other people smoke. It might sound basic but brain see, brain want! If you can, make life easier and avoid the people you used to smoke with for some time where possible.",coping,5
R_2xCWMKetnQTbHhS,"Stress is temporary. It comes and goes like passing clouds in the sky. When stress demands you to light up, remember you can let it pass by without smoking.",coping,5
R_2D5eAUdJrz9ljRo,"Picture the people or things you care deeply about. On a scale of 0-10, how willing are you to let this urge pass for those reasons?",coping,3
R_2D5eAUdJrz9ljRo,Stop! Breathe. What is going on around you? Inside you? Allow everything to be just as it is. Breathe again.,coping,3
R_3p5tv5AOzLSkjxE,You don’t need to get rid of or change your thoughts about smoking—just let them pass by like a cloud in the sky.,coping,1
R_1DO5uW1wPiGe750,"Have confidence in knowing that you can have this urge, choose not to smoke, be okay, and choose to do things that matter most to you.",coping,1
R_3p5tv5AOzLSkjxE,"If you have trouble resisting a craving when other smokers are around, try carrying a water bottle and taking a sip every time you want to ask for a cig.",coping,3
R_3p5tv5AOzLSkjxE,"When your mind tells you that you will be less stressed after smoking a cigarette, remember that you don't have to listen to that thought. It's just a thought and nothing more.",coping,3
R_3p5tv5AOzLSkjxE,"Just because letting an urge pass isn't easy, doesn't mean that you can't do it. Try it, you might surprise yourself.",coping,3
R_1DO5uW1wPiGe750,"Instead of smoking, use the next two minutes to pay close attention to your senses. Notice what you see, hear, feel, taste, and smell. Urges are just one part of your experience.",coping,1
R_1DO5uW1wPiGe750,"Instead of smoking, keep your fingers busy by scrolling through your phone.",coping,5
R_2aFQUBYU4fG1WCS,"Are you feeling down because you are thinking of smoking? It's really important to be kind to yourself, and to make sure you give yourself praise too!",coping,5
R_2aFQUBYU4fG1WCS,"Just because letting an urge pass isn't easy, doesn't mean that you can't do it. Try it, you might surprise yourself.",coping,5
R_2aFQUBYU4fG1WCS,"When your mind tells you that you will be less stressed after smoking a cigarette, remember that you don't have to listen to that thought. It's just a thought and nothing more.",coping,2
R_2aFQUBYU4fG1WCS,"Notice what is triggering your urge. Have understanding and kindness for yourself for feeling this urge. It isn't easy, but can you choose to let it be there without smoking?",coping,4
R_2aFQUBYU4fG1WCS,Try chewing gum if you have trouble resisting smoking when other people light up around you.,coping,5
R_3e982vYopcufMzA,"Think about times in the past when you have let urges pass during a stressful moment, and notice what helped make that moment easier.",coping,2
R_3e982vYopcufMzA,"Notice what is triggering your urge. Have understanding and kindness for yourself for feeling this urge. It isn't easy, but can you choose to let it be there without smoking?",coping,1
R_3e982vYopcufMzA,"Picture the people or things you care deeply about. On a scale of 0-10, how willing are you to let this urge pass for those reasons?",coping,2
R_3e982vYopcufMzA,Take a deep breath. Focus on today and the things you have accomplished. How many urges have you let pass? Give yourself some credit!,coping,3
R_ulhYfRjXleGLnFf,"If leaving social situations to avoid smokers feels awkward, make sure you have something to do instead - take sugar free mints, lollipops or low fat snacks to chew, or use a stress ball.",coping,1
R_3oMlHDYNS7qjrv0,Craving a cig? Plan a fun activity you can do when you get home as a reward for not smoking.,coping,5
R_ulhYfRjXleGLnFf,"Ask yourself, ""From 0-10, how willing am I to let this urge pass without smoking?"" Let it pass to be closer to the things that matter most to you.",coping,5
R_ulhYfRjXleGLnFf,"When your mind tells you that you will be less stressed after smoking a cigarette, remember that you don't have to listen to that thought. It's just a thought and nothing more.",coping,5
R_324x8C5qA1KSQnk,"Picture the people or things you care deeply about. On a scale of 0-10, how willing are you to let this urge pass for those reasons?",coping,3
R_2dGZLRLdzQOUyAt,"Each time you choose to not smoke after seeing someone else light up, you lessen the habit a little more.",coping,3
R_324x8C5qA1KSQnk,Take a deep breath. Focus on today and the things you have accomplished. How many urges have you let pass? Give yourself some credit!,coping,3
R_2dGZLRLdzQOUyAt,"Try to avoid seeing other people smoke. It might sound basic but brain see, brain want! If you can, make life easier and avoid the people you used to smoke with for some time where possible.",coping,2
R_2dGZLRLdzQOUyAt,"Instead of smoking, keep your fingers busy by scrolling through your phone.",coping,3
R_2dGZLRLdzQOUyAt,"If leaving social situations to avoid smokers feels awkward, make sure you have something to do instead - take sugar free mints, lollipops or low fat snacks to chew, or use a stress ball.",coping,3
R_1qfHfv9YPgooAYU,Pause and take 5 slow breaths. Pausing just for a moment breaks the automatic habit of reaching for a smoke.,coping,1
R_1qfHfv9YPgooAYU,"Think about times in the past when you have let urges pass during a stressful moment, and notice what helped make that moment easier.",coping,3
R_3korBxVN9OVSKuB,Take a deep breath and let it out slowly. Notice that you are completely OK for this one breath. Do it again.,coping,4
R_QcZ397s04VIIIaB,Take a deep breath. Focus on today and the things you have accomplished. How many urges have you let pass? Give yourself some credit!,coping,4
R_QcZ397s04VIIIaB,"When you notice yourself trapped in stressful thoughts or worry, say out loud, ""I'm noticing that I'm having some worrisome thoughts."" This helps unhook you from your thoughts so you don't stay caught in them.",coping,5
R_3korBxVN9OVSKuB,"Notice what is triggering your urge. Have understanding and kindness for yourself for feeling this urge. It isn't easy, but can you choose to let it be there without smoking?",coping,3
R_zfooO7wvXURPJMR,"Have confidence in knowing that you can have this urge, choose not to smoke, be okay, and choose to do things that matter most to you.",coping,4
R_3p3HtZSt7tVTDzF,"Life can get you really stressed out, but turning to cigs isn't the answer. Call or text family and friends instead. Ask them to help you stay on track.",coping,1
R_3p3HtZSt7tVTDzF,"Just because letting an urge pass isn't easy, doesn't mean that you can't do it. Try it, you might surprise yourself.",coping,1
R_3RdpC3AksevXjV3,Try chewing gum if you have trouble resisting smoking when other people light up around you.,quitting,5
R_2TLhxI7m8vFOtSM,"Life can get you really stressed out, but turning to cigs isn't the answer. Call or text family and friends instead. Ask them to help you stay on track.",quitting,5
R_3RdpC3AksevXjV3,Craving a cig? Plan a fun activity you can do when you get home as a reward for not smoking.,quitting,4
R_2TLhxI7m8vFOtSM,"Ask yourself, ""From 0-10, how willing am I to let this urge pass without smoking?"" Let it pass to be closer to the things that matter most to you.",quitting,5
R_1CsBI6n0sickaMf,"Try to avoid seeing other people smoke. It might sound basic but brain see, brain want! If you can, make life easier and avoid the people you used to smoke with for some time where possible.",quitting,3
R_1CsBI6n0sickaMf,"Have confidence in knowing that you can have this urge, choose not to smoke, be okay, and choose to do things that matter most to you.",quitting,4
R_3RdpC3AksevXjV3,Stop! Breathe. What is going on around you? Inside you? Allow everything to be just as it is. Breathe again.,quitting,5
R_3iXqzrMBoirLzI3,"Each time you choose to not smoke after seeing someone else light up, you lessen the habit a little more.",quitting,3
R_3iXqzrMBoirLzI3,Take a deep breath. Focus on today and the things you have accomplished. How many urges have you let pass? Give yourself some credit!,quitting,5
R_3iXqzrMBoirLzI3,"Have confidence in knowing that you can have this urge, choose not to smoke, be okay, and choose to do things that matter most to you.",quitting,5
R_1FIAY0n0YUhZ8qj,"When your mind tells you that you will be less stressed after smoking a cigarette, remember that you don't have to listen to that thought. It's just a thought and nothing more.",quitting,3
R_1FIAY0n0YUhZ8qj,Stop! Breathe. What is going on around you? Inside you? Allow everything to be just as it is. Breathe again.,quitting,3
R_1FIAY0n0YUhZ8qj,"Instead of smoking, keep your fingers busy by scrolling through your phone.",quitting,3
R_1jJ7gWFgCCJECio,You don’t need to get rid of or change your thoughts about smoking—just let them pass by like a cloud in the sky.,quitting,5
R_1jJ7gWFgCCJECio,"Tell yourself, “I am going to quit smoking soon.” Say it out loud. Say to yourself, “I am too strong to continue smoking for the rest of my life.""",quitting,5
R_1jJ7gWFgCCJECio,"Are you feeling down because you are thinking of smoking? It's really important to be kind to yourself, and to make sure you give yourself praise too!",quitting,5
R_1jJ7gWFgCCJECio,"To keep on track, small changes can really help. For example, keep a list of quit reasons where you used to keep cigarettes, rearrange your living space, or grab some extra pens to fiddle with to keep your hands busy.",quitting,5
R_1P0oczpTJACNgTu,"To keep on track, small changes can really help. For example, keep a list of quit reasons where you used to keep cigarettes, rearrange your living space, or grab some extra pens to fiddle with to keep your hands busy.",quitting,1
R_1P0oczpTJACNgTu,"Tell yourself, “I am going to quit smoking soon.” Say it out loud. Say to yourself, “I am too strong to continue smoking for the rest of my life.""",quitting,4
R_1P0oczpTJACNgTu,"Instead of smoking, keep your fingers busy by scrolling through your phone.",quitting,3
R_QcZ397s04VIIIaB,"Try to avoid seeing other people smoke. It might sound basic but brain see, brain want! If you can, make life easier and avoid the people you used to smoke with for some time where possible.",coping,5
R_1NrGB4f0oxbF9dB,"Try to avoid seeing other people smoke. It might sound basic but brain see, brain want! If you can, make life easier and avoid the people you used to smoke with for some time where possible.",quitting,5
R_QcZ397s04VIIIaB,"Tell yourself, “I am going to quit smoking soon.” Say it out loud. Say to yourself, “I am too strong to continue smoking for the rest of my life.""",coping,5
R_1NrGB4f0oxbF9dB,What can you do right now to break the automatic habit of smoking to help you feel better? Pause. Close your eyes. And take 10 slow breaths.,quitting,5
R_1NrGB4f0oxbF9dB,Pause and take 5 slow breaths. Pausing just for a moment breaks the automatic habit of reaching for a smoke.,quitting,5
R_Uzk0AyJkisH4VgJ,You don’t need to get rid of or change your thoughts about smoking—just let them pass by like a cloud in the sky.,quitting,3
R_1IEhFJEEO3AovIB,You don’t need to get rid of or change your thoughts about smoking—just let them pass by like a cloud in the sky.,quitting,1
R_2B3VWlCR2CLiZVA,"Stress is temporary. It comes and goes like passing clouds in the sky. When stress demands you to light up, remember you can let it pass by without smoking.",quitting,3
R_Uzk0AyJkisH4VgJ,"When your mind tells you that you will be less stressed after smoking a cigarette, remember that you don't have to listen to that thought. It's just a thought and nothing more.",quitting,3
R_2B3VWlCR2CLiZVA,"When your mind tells you that you will be less stressed after smoking a cigarette, remember that you don't have to listen to that thought. It's just a thought and nothing more.",quitting,5
R_2slOAXD2vKd78bv,"Think about times in the past when you have let urges pass during a stressful moment, and notice what helped make that moment easier.",quitting,5
R_2slOAXD2vKd78bv,"Instead of smoking, keep your fingers busy by scrolling through your phone.",quitting,5
R_2PBQT9n6oKAcXSA,"If you have trouble resisting a craving when other smokers are around, try carrying a water bottle and taking a sip every time you want to ask for a cig.",quitting,5
R_3O0Uk2yBlfPpJ8d,"Instead of smoking, keep your fingers busy by scrolling through your phone.",quitting,5
R_3O0Uk2yBlfPpJ8d,Keep picturing yourself getting home later today knowing that you've gained a smoke-free day. It's nearly a reality!,quitting,5
R_1lrEGL7SbqIoxZL,"Tell yourself, “I am going to quit smoking soon.” Say it out loud. Say to yourself, “I am too strong to continue smoking for the rest of my life.""",quitting,4
R_z1mUxVN8eA6R7Ut,Take a deep breath. Focus on today and the things you have accomplished. How many urges have you let pass? Give yourself some credit!,quitting,3
R_2mLgm3ND8fQh2cV,"To help get through a 'risky situation', remind yourself of how far you've come and the effort that you've put in. Don't ruin your hard work - stay strong!",quitting,3
R_ThjMPFNDnRudi4F,"Picture the people or things you care deeply about. On a scale of 0-10, how willing are you to let this urge pass for those reasons?",quitting,5
R_ThjMPFNDnRudi4F,What can you do right now to break the automatic habit of smoking to help you feel better? Pause. Close your eyes. And take 10 slow breaths.,quitting,5
R_1rHeHtccIYUu1bq,"Tell yourself, “I am going to quit smoking soon.” Say it out loud. Say to yourself, “I am too strong to continue smoking for the rest of my life.""",quitting,3
R_1LheFLgdNhZk1kA,"Instead of smoking, use the next two minutes to pay close attention to your senses. Notice what you see, hear, feel, taste, and smell. Urges are just one part of your experience.",quitting,1
R_1rHeHtccIYUu1bq,Take a deep breath and let it out slowly. Notice that you are completely OK for this one breath. Do it again.,quitting,1
R_1LheFLgdNhZk1kA,Keep picturing yourself getting home later today knowing that you've gained a smoke-free day. It's nearly a reality!,quitting,5
R_1rHeHtccIYUu1bq,"Instead of smoking, keep your fingers busy by scrolling through your phone.",quitting,1
R_3VibJ58gSES3NNn,Pause and take 5 slow breaths. Pausing just for a moment breaks the automatic habit of reaching for a smoke.,quitting,5
R_3Matzl9c3RQUXt4,Keep picturing yourself getting home later today knowing that you've gained a smoke-free day. It's nearly a reality!,quitting,4
R_1LheFLgdNhZk1kA,Take a deep breath. Focus on today and the things you have accomplished. How many urges have you let pass? Give yourself some credit!,quitting,4
R_3Matzl9c3RQUXt4,"You don't have to act on this feeling by smoking or doing anything about it. Give it some space, breathe, and see if it changes. Let the urge and feeling be there while you focus on doing something you care about.",quitting,3
R_3VibJ58gSES3NNn,"Instead of smoking, use the next two minutes to pay close attention to your senses. Notice what you see, hear, feel, taste, and smell. Urges are just one part of your experience.",quitting,4
R_udANxFQbhOMyrrr,"Picture the people or things you care deeply about. On a scale of 0-10, how willing are you to let this urge pass for those reasons?",quitting,4
R_3Matzl9c3RQUXt4,"If you have trouble resisting a craving when other smokers are around, try carrying a water bottle and taking a sip every time you want to ask for a cig.",quitting,4
R_3Matzl9c3RQUXt4,Take a deep breath. Focus on today and the things you have accomplished. How many urges have you let pass? Give yourself some credit!,quitting,3
R_ZrsDNbJydm2C4Jr,"Instead of smoking, keep your fingers busy by scrolling through your phone.",quitting,5
R_3Matzl9c3RQUXt4,"Just because letting an urge pass isn't easy, doesn't mean that you can't do it. Try it, you might surprise yourself.",quitting,5
R_ZrsDNbJydm2C4Jr,"You don't have to act on this feeling by smoking or doing anything about it. Give it some space, breathe, and see if it changes. Let the urge and feeling be there while you focus on doing something you care about.",quitting,4
R_1Fbqbnf6dLMy4tn,"Instead of smoking, keep your fingers busy by scrolling through your phone.",quitting,5
R_1Fbqbnf6dLMy4tn,Try chewing gum if you have trouble resisting smoking when other people light up around you.,quitting,3
R_1Fbqbnf6dLMy4tn,Pause and take 5 slow breaths. Pausing just for a moment breaks the automatic habit of reaching for a smoke.,quitting,5
R_ddqI4krc2dw6wX7,"To keep on track, small changes can really help. For example, keep a list of quit reasons where you used to keep cigarettes, rearrange your living space, or grab some extra pens to fiddle with to keep your hands busy.",quitting,4
R_1Fbqbnf6dLMy4tn,"Are you feeling down because you are thinking of smoking? It's really important to be kind to yourself, and to make sure you give yourself praise too!",quitting,4
R_ddqI4krc2dw6wX7,Craving a cig? Plan a fun activity you can do when you get home as a reward for not smoking.,quitting,3
R_ddqI4krc2dw6wX7,"To help get through a 'risky situation', remind yourself of how far you've come and the effort that you've put in. Don't ruin your hard work - stay strong!",quitting,4
R_ypzX7ic0obI1ZOp,"Tell yourself, “I am going to quit smoking soon.” Say it out loud. Say to yourself, “I am too strong to continue smoking for the rest of my life.""",quitting,5
R_9QCagB11uqmXtMB,"Picture the people or things you care deeply about. On a scale of 0-10, how willing are you to let this urge pass for those reasons?",quitting,1
R_1Fbqbnf6dLMy4tn,"Try to avoid seeing other people smoke. It might sound basic but brain see, brain want! If you can, make life easier and avoid the people you used to smoke with for some time where possible.",quitting,3
R_9QCagB11uqmXtMB,"Instead of smoking, use the next two minutes to pay close attention to your senses. Notice what you see, hear, feel, taste, and smell. Urges are just one part of your experience.",quitting,3
R_2EtsWpbAEibZktI,What can you do right now to break the automatic habit of smoking to help you feel better? Pause. Close your eyes. And take 10 slow breaths.,quitting,3
R_2EtsWpbAEibZktI,"When your mind tells you that you will be less stressed after smoking a cigarette, remember that you don't have to listen to that thought. It's just a thought and nothing more.",quitting,5
R_9QCagB11uqmXtMB,"If you have trouble resisting a craving when other smokers are around, try carrying a water bottle and taking a sip every time you want to ask for a cig.",quitting,4
R_1LcUKccxzjxAb5y,Take a deep breath. Focus on today and the things you have accomplished. How many urges have you let pass? Give yourself some credit!,quitting,4
R_1M01cLnmxZSOivi,"Each time you choose to not smoke after seeing someone else light up, you lessen the habit a little more.",quitting,5
R_9QCagB11uqmXtMB,"To keep on track, small changes can really help. For example, keep a list of quit reasons where you used to keep cigarettes, rearrange your living space, or grab some extra pens to fiddle with to keep your hands busy.",quitting,5
R_1MJS8JtYhdp36EW,"Try to avoid seeing other people smoke. It might sound basic but brain see, brain want! If you can, make life easier and avoid the people you used to smoke with for some time where possible.",quitting,4
R_1LcUKccxzjxAb5y,"Instead of smoking, use the next two minutes to pay close attention to your senses. Notice what you see, hear, feel, taste, and smell. Urges are just one part of your experience.",quitting,1
R_2aIvTcmiow4EtsN,"Have confidence in knowing that you can have this urge, choose not to smoke, be okay, and choose to do things that matter most to you.",quitting,1
R_1MJS8JtYhdp36EW,Stop! Breathe. What is going on around you? Inside you? Allow everything to be just as it is. Breathe again.,quitting,5
R_1LcUKccxzjxAb5y,"Have confidence in knowing that you can have this urge, choose not to smoke, be okay, and choose to do things that matter most to you.",quitting,5
R_2aIvTcmiow4EtsN,"Instead of smoking, use the next two minutes to pay close attention to your senses. Notice what you see, hear, feel, taste, and smell. Urges are just one part of your experience.",quitting,3
R_30l3R10aOCVGe5w,"To keep on track, small changes can really help. For example, keep a list of quit reasons where you used to keep cigarettes, rearrange your living space, or grab some extra pens to fiddle with to keep your hands busy.",quitting,5
R_30l3R10aOCVGe5w,"Tell yourself, “I am going to quit smoking soon.” Say it out loud. Say to yourself, “I am too strong to continue smoking for the rest of my life.""",quitting,4
R_30l3R10aOCVGe5w,"If you have trouble resisting a craving when other smokers are around, try carrying a water bottle and taking a sip every time you want to ask for a cig.",quitting,5
R_2wn1SLP3ekGoOSw,"When you notice yourself trapped in stressful thoughts or worry, say out loud, ""I'm noticing that I'm having some worrisome thoughts."" This helps unhook you from your thoughts so you don't stay caught in them.",quitting,5
R_27DJFH0whD8lucv,"When your mind tells you that you will be less stressed after smoking a cigarette, remember that you don't have to listen to that thought. It's just a thought and nothing more.",quitting,4
R_2hJAKbiGgSIIvux,"Notice what is triggering your urge. Have understanding and kindness for yourself for feeling this urge. It isn't easy, but can you choose to let it be there without smoking?",quitting,5
R_2hJAKbiGgSIIvux,"If you have trouble resisting a craving when other smokers are around, try carrying a water bottle and taking a sip every time you want to ask for a cig.",quitting,5
R_2xS1ZxFMCNBndN0,"Instead of smoking, use the next two minutes to pay close attention to your senses. Notice what you see, hear, feel, taste, and smell. Urges are just one part of your experience.",quitting,5
R_27DJFH0whD8lucv,"Think about times in the past when you have let urges pass during a stressful moment, and notice what helped make that moment easier.",quitting,5
R_A5SrtEB9WH4MqMp,Stop! Breathe. What is going on around you? Inside you? Allow everything to be just as it is. Breathe again.,quitting,3
R_A5SrtEB9WH4MqMp,"When your mind tells you that you will be less stressed after smoking a cigarette, remember that you don't have to listen to that thought. It's just a thought and nothing more.",quitting,5
R_A5SrtEB9WH4MqMp,Take a deep breath and let it out slowly. Notice that you are completely OK for this one breath. Do it again.,quitting,3
R_A5SrtEB9WH4MqMp,"Have confidence in knowing that you can have this urge, choose not to smoke, be okay, and choose to do things that matter most to you.",quitting,4
R_sjRaT0GEpLySTwl,Take a deep breath and let it out slowly. Notice that you are completely OK for this one breath. Do it again.,quitting,5
R_sjRaT0GEpLySTwl,"Tell yourself, “I am going to quit smoking soon.” Say it out loud. Say to yourself, “I am too strong to continue smoking for the rest of my life.""",quitting,5
R_2VQHk5jScvQlebK,What can you do right now to break the automatic habit of smoking to help you feel better? Pause. Close your eyes. And take 10 slow breaths.,quitting,3
R_2VQHk5jScvQlebK,Pause and take 5 slow breaths. Pausing just for a moment breaks the automatic habit of reaching for a smoke.,quitting,3
R_sjRaT0GEpLySTwl,"Picture the people or things you care deeply about. On a scale of 0-10, how willing are you to let this urge pass for those reasons?",quitting,5
R_2QWcjBtboYh3Ak5,What can you do right now to break the automatic habit of smoking to help you feel better? Pause. Close your eyes. And take 10 slow breaths.,quitting,4
R_2q3n28BIAEykB1r,What can you do right now to break the automatic habit of smoking to help you feel better? Pause. Close your eyes. And take 10 slow breaths.,quitting,3
R_PHxxPmpTAyXYltn,"Just because letting an urge pass isn't easy, doesn't mean that you can't do it. Try it, you might surprise yourself.",quitting,2
R_2q3n28BIAEykB1r,"If you have trouble resisting a craving when other smokers are around, try carrying a water bottle and taking a sip every time you want to ask for a cig.",quitting,5
R_2q3n28BIAEykB1r,Take a deep breath. Focus on today and the things you have accomplished. How many urges have you let pass? Give yourself some credit!,quitting,5
R_2q3n28BIAEykB1r,"Try to avoid seeing other people smoke. It might sound basic but brain see, brain want! If you can, make life easier and avoid the people you used to smoke with for some time where possible.",quitting,5
R_WD8Xnns8UZBfaSd,Craving a cig? Plan a fun activity you can do when you get home as a reward for not smoking.,quitting,4
R_WD8Xnns8UZBfaSd,Pause and take 5 slow breaths. Pausing just for a moment breaks the automatic habit of reaching for a smoke.,quitting,5
R_WD8Xnns8UZBfaSd,"Each time you choose to not smoke after seeing someone else light up, you lessen the habit a little more.",quitting,4
R_WD8Xnns8UZBfaSd,"Instead of smoking, keep your fingers busy by scrolling through your phone.",quitting,5
R_WD8Xnns8UZBfaSd,Try chewing gum if you have trouble resisting smoking when other people light up around you.,quitting,5
R_2ANmmam6glhzevO,"To keep on track, small changes can really help. For example, keep a list of quit reasons where you used to keep cigarettes, rearrange your living space, or grab some extra pens to fiddle with to keep your hands busy.",quitting,5
R_2ANmmam6glhzevO,"Tell yourself, “I am going to quit smoking soon.” Say it out loud. Say to yourself, “I am too strong to continue smoking for the rest of my life.""",quitting,5
R_2ANmmam6glhzevO,"If leaving social situations to avoid smokers feels awkward, make sure you have something to do instead - take sugar free mints, lollipops or low fat snacks to chew, or use a stress ball.",quitting,5
R_6X4Tvyh6UHRAfyV,"To help get through a 'risky situation', remind yourself of how far you've come and the effort that you've put in. Don't ruin your hard work - stay strong!",quitting,5
R_6X4Tvyh6UHRAfyV,"Just because letting an urge pass isn't easy, doesn't mean that you can't do it. Try it, you might surprise yourself.",quitting,5
R_3ExPCGeioFxwyAb,"Instead of smoking, use the next two minutes to pay close attention to your senses. Notice what you see, hear, feel, taste, and smell. Urges are just one part of your experience.",quitting,4
R_1lieuGdN9qSzQWj,"You don't have to act on this feeling by smoking or doing anything about it. Give it some space, breathe, and see if it changes. Let the urge and feeling be there while you focus on doing something you care about.",quitting,5
R_3ExPCGeioFxwyAb,"If leaving social situations to avoid smokers feels awkward, make sure you have something to do instead - take sugar free mints, lollipops or low fat snacks to chew, or use a stress ball.",quitting,4
R_1lieuGdN9qSzQWj,"Each time you choose to not smoke after seeing someone else light up, you lessen the habit a little more.",quitting,5
R_1lieuGdN9qSzQWj,"Picture the people or things you care deeply about. On a scale of 0-10, how willing are you to let this urge pass for those reasons?",quitting,5
R_1lieuGdN9qSzQWj,"Ask yourself, ""From 0-10, how willing am I to let this urge pass without smoking?"" Let it pass to be closer to the things that matter most to you.",quitting,5
R_uz9k0k0tnfVxXnr,"When your mind tells you that you will be less stressed after smoking a cigarette, remember that you don't have to listen to that thought. It's just a thought and nothing more.",quitting,5
R_3Old3ne64pjZMhR,What can you do right now to break the automatic habit of smoking to help you feel better? Pause. Close your eyes. And take 10 slow breaths.,quitting,4
R_3Old3ne64pjZMhR,"If you have trouble resisting a craving when other smokers are around, try carrying a water bottle and taking a sip every time you want to ask for a cig.",quitting,5
R_2t4J3K6lDaCCRTU,"Have confidence in knowing that you can have this urge, choose not to smoke, be okay, and choose to do things that matter most to you.",quitting,5
R_2t4J3K6lDaCCRTU,What can you do right now to break the automatic habit of smoking to help you feel better? Pause. Close your eyes. And take 10 slow breaths.,quitting,5
R_1ds5LKcvfdjTshC,"Life can get you really stressed out, but turning to cigs isn't the answer. Call or text family and friends instead. Ask them to help you stay on track.",coping,3
R_2t4J3K6lDaCCRTU,"If leaving social situations to avoid smokers feels awkward, make sure you have something to do instead - take sugar free mints, lollipops or low fat snacks to chew, or use a stress ball.",quitting,5
R_2t4J3K6lDaCCRTU,Pause and take 5 slow breaths. Pausing just for a moment breaks the automatic habit of reaching for a smoke.,quitting,5
R_2t4J3K6lDaCCRTU,"When you notice yourself trapped in stressful thoughts or worry, say out loud, ""I'm noticing that I'm having some worrisome thoughts."" This helps unhook you from your thoughts so you don't stay caught in them.",quitting,5
R_A5SrtEB9WH4MqMp,"Try to avoid seeing other people smoke. It might sound basic but brain see, brain want! If you can, make life easier and avoid the people you used to smoke with for some time where possible.",quitting,3
R_3PRLOS6qU0lddMs,Keep picturing yourself getting home later today knowing that you've gained a smoke-free day. It's nearly a reality!,quitting,3
R_3PRLOS6qU0lddMs,"Instead of smoking, keep your fingers busy by scrolling through your phone.",quitting,5
R_uz9k0k0tnfVxXnr,"If leaving social situations to avoid smokers feels awkward, make sure you have something to do instead - take sugar free mints, lollipops or low fat snacks to chew, or use a stress ball.",quitting,5
R_2zMeTFlURNN8JIW,"Life can get you really stressed out, but turning to cigs isn't the answer. Call or text family and friends instead. Ask them to help you stay on track.",quitting,4
R_2zMeTFlURNN8JIW,"Ask yourself, ""From 0-10, how willing am I to let this urge pass without smoking?"" Let it pass to be closer to the things that matter most to you.",quitting,5
R_2zMeTFlURNN8JIW,Craving a cig? Plan a fun activity you can do when you get home as a reward for not smoking.,quitting,5
R_3PRLOS6qU0lddMs,You don’t need to get rid of or change your thoughts about smoking—just let them pass by like a cloud in the sky.,quitting,3
R_BXS3k87bIDHXMOJ,Keep picturing yourself getting home later today knowing that you've gained a smoke-free day. It's nearly a reality!,quitting,4
R_8Gm4PIZJeorKjwR,"Life can get you really stressed out, but turning to cigs isn't the answer. Call or text family and friends instead. Ask them to help you stay on track.",quitting,4
R_8Gm4PIZJeorKjwR,"Each time you choose to not smoke after seeing someone else light up, you lessen the habit a little more.",quitting,4
R_8Gm4PIZJeorKjwR,Keep picturing yourself getting home later today knowing that you've gained a smoke-free day. It's nearly a reality!,quitting,4
R_1i5xawGdcYZxTq1,What can you do right now to break the automatic habit of smoking to help you feel better? Pause. Close your eyes. And take 10 slow breaths.,quitting,3
R_3PRLOS6qU0lddMs,"To keep on track, small changes can really help. For example, keep a list of quit reasons where you used to keep cigarettes, rearrange your living space, or grab some extra pens to fiddle with to keep your hands busy.",quitting,4
R_8Gm4PIZJeorKjwR,Take a deep breath. Focus on today and the things you have accomplished. How many urges have you let pass? Give yourself some credit!,quitting,4
R_1i5xawGdcYZxTq1,"Try to avoid seeing other people smoke. It might sound basic but brain see, brain want! If you can, make life easier and avoid the people you used to smoke with for some time where possible.",quitting,5
R_AGqE7z6Gj26NxUl,"If leaving social situations to avoid smokers feels awkward, make sure you have something to do instead - take sugar free mints, lollipops or low fat snacks to chew, or use a stress ball.",quitting,4
R_AGqE7z6Gj26NxUl,"Each time you choose to not smoke after seeing someone else light up, you lessen the habit a little more.",quitting,1
R_1i5xawGdcYZxTq1,"Just because letting an urge pass isn't easy, doesn't mean that you can't do it. Try it, you might surprise yourself.",quitting,4
R_1ds5LKcvfdjTshC,"Stress is temporary. It comes and goes like passing clouds in the sky. When stress demands you to light up, remember you can let it pass by without smoking.",coping,1
R_20M5OkxYYP8lBbX,"Instead of smoking, use the next two minutes to pay close attention to your senses. Notice what you see, hear, feel, taste, and smell. Urges are just one part of your experience.",quitting,5
R_20M5OkxYYP8lBbX,Pause and take 5 slow breaths. Pausing just for a moment breaks the automatic habit of reaching for a smoke.,quitting,5
R_20M5OkxYYP8lBbX,What can you do right now to break the automatic habit of smoking to help you feel better? Pause. Close your eyes. And take 10 slow breaths.,quitting,5
R_20M5OkxYYP8lBbX,"When your mind tells you that you will be less stressed after smoking a cigarette, remember that you don't have to listen to that thought. It's just a thought and nothing more.",quitting,5
R_1q9Rim7BuByZwyO,"Stress is temporary. It comes and goes like passing clouds in the sky. When stress demands you to light up, remember you can let it pass by without smoking.",quitting,5
R_12goR3q8H29V9wo,"Are you feeling down because you are thinking of smoking? It's really important to be kind to yourself, and to make sure you give yourself praise too!",quitting,5
R_1LG1SlUQdJOQXzg,Take a deep breath and let it out slowly. Notice that you are completely OK for this one breath. Do it again.,quitting,5
R_1obFr0yWctWXGZp,"If leaving social situations to avoid smokers feels awkward, make sure you have something to do instead - take sugar free mints, lollipops or low fat snacks to chew, or use a stress ball.",quitting,4
R_1q9Rim7BuByZwyO,"If leaving social situations to avoid smokers feels awkward, make sure you have something to do instead - take sugar free mints, lollipops or low fat snacks to chew, or use a stress ball.",quitting,5
R_1obFr0yWctWXGZp,"Tell yourself, “I am going to quit smoking soon.” Say it out loud. Say to yourself, “I am too strong to continue smoking for the rest of my life.""",quitting,4
R_32QljfPmjp0y9oP,"Instead of smoking, keep your fingers busy by scrolling through your phone.",quitting,4
R_R4sQnvoUm005mEx,Take a deep breath. Focus on today and the things you have accomplished. How many urges have you let pass? Give yourself some credit!,quitting,4
R_R4sQnvoUm005mEx,"Each time you choose to not smoke after seeing someone else light up, you lessen the habit a little more.",quitting,4
R_2akLi8f3ekB0W5A,"Tell yourself, “I am going to quit smoking soon.” Say it out loud. Say to yourself, “I am too strong to continue smoking for the rest of my life.""",quitting,3
R_2s1GiahIIuFLBws,"Each time you choose to not smoke after seeing someone else light up, you lessen the habit a little more.",quitting,5
R_2akLi8f3ekB0W5A,"Stress is temporary. It comes and goes like passing clouds in the sky. When stress demands you to light up, remember you can let it pass by without smoking.",quitting,4
R_2akLi8f3ekB0W5A,"Picture the people or things you care deeply about. On a scale of 0-10, how willing are you to let this urge pass for those reasons?",quitting,5
R_UfNqx4ZNtpLPjGh,"Instead of smoking, use the next two minutes to pay close attention to your senses. Notice what you see, hear, feel, taste, and smell. Urges are just one part of your experience.",quitting,4
R_2s1GiahIIuFLBws,What can you do right now to break the automatic habit of smoking to help you feel better? Pause. Close your eyes. And take 10 slow breaths.,quitting,5
R_UfNqx4ZNtpLPjGh,You don’t need to get rid of or change your thoughts about smoking—just let them pass by like a cloud in the sky.,quitting,1
R_2s1GiahIIuFLBws,"Picture the people or things you care deeply about. On a scale of 0-10, how willing are you to let this urge pass for those reasons?",quitting,5
R_2YbN5gubGXzJndw,Stop! Breathe. What is going on around you? Inside you? Allow everything to be just as it is. Breathe again.,quitting,4
R_2wLEOVbebzghPyp,Keep picturing yourself getting home later today knowing that you've gained a smoke-free day. It's nearly a reality!,quitting,5
R_2wLEOVbebzghPyp,"If you have trouble resisting a craving when other smokers are around, try carrying a water bottle and taking a sip every time you want to ask for a cig.",quitting,2
R_1PTVOhQexSxePFM,"Picture the people or things you care deeply about. On a scale of 0-10, how willing are you to let this urge pass for those reasons?",quitting,5
R_1PTVOhQexSxePFM,"Just because letting an urge pass isn't easy, doesn't mean that you can't do it. Try it, you might surprise yourself.",quitting,4
R_2f2t38YdAmanMyj,"If leaving social situations to avoid smokers feels awkward, make sure you have something to do instead - take sugar free mints, lollipops or low fat snacks to chew, or use a stress ball.",quitting,3
R_2f2t38YdAmanMyj,Take a deep breath and let it out slowly. Notice that you are completely OK for this one breath. Do it again.,quitting,3
R_1PTVOhQexSxePFM,"Think about times in the past when you have let urges pass during a stressful moment, and notice what helped make that moment easier.",quitting,4
R_1PTVOhQexSxePFM,"If you have trouble resisting a craving when other smokers are around, try carrying a water bottle and taking a sip every time you want to ask for a cig.",quitting,4
R_2f2t38YdAmanMyj,"You don't have to act on this feeling by smoking or doing anything about it. Give it some space, breathe, and see if it changes. Let the urge and feeling be there while you focus on doing something you care about.",quitting,4
R_1PXijlEZI444JKq,"If leaving social situations to avoid smokers feels awkward, make sure you have something to do instead - take sugar free mints, lollipops or low fat snacks to chew, or use a stress ball.",quitting,5
R_3j7Brs4OzZYgDDM,Take a deep breath. Focus on today and the things you have accomplished. How many urges have you let pass? Give yourself some credit!,quitting,5
R_3j7Brs4OzZYgDDM,"To keep on track, small changes can really help. For example, keep a list of quit reasons where you used to keep cigarettes, rearrange your living space, or grab some extra pens to fiddle with to keep your hands busy.",quitting,5
R_2SB2beGSkKtkj8R,Try chewing gum if you have trouble resisting smoking when other people light up around you.,quitting,4
R_2scgCkZ5nT43GPc,"Are you feeling down because you are thinking of smoking? It's really important to be kind to yourself, and to make sure you give yourself praise too!",quitting,5
R_2SB2beGSkKtkj8R,You don’t need to get rid of or change your thoughts about smoking—just let them pass by like a cloud in the sky.,quitting,5
R_3j7Brs4OzZYgDDM,"If leaving social situations to avoid smokers feels awkward, make sure you have something to do instead - take sugar free mints, lollipops or low fat snacks to chew, or use a stress ball.",quitting,5
R_2SB2beGSkKtkj8R,"Picture the people or things you care deeply about. On a scale of 0-10, how willing are you to let this urge pass for those reasons?",quitting,5
R_2SB2beGSkKtkj8R,"Tell yourself, “I am going to quit smoking soon.” Say it out loud. Say to yourself, “I am too strong to continue smoking for the rest of my life.""",quitting,5
R_1BS2nuFOswlOC2l,"When your mind tells you that you will be less stressed after smoking a cigarette, remember that you don't have to listen to that thought. It's just a thought and nothing more.",quitting,5
R_2wi55Y8Szv3A64a,Take a deep breath and let it out slowly. Notice that you are completely OK for this one breath. Do it again.,quitting,5
R_2wi55Y8Szv3A64a,What can you do right now to break the automatic habit of smoking to help you feel better? Pause. Close your eyes. And take 10 slow breaths.,quitting,5
R_2wi55Y8Szv3A64a,"Notice what is triggering your urge. Have understanding and kindness for yourself for feeling this urge. It isn't easy, but can you choose to let it be there without smoking?",quitting,5
R_2wi55Y8Szv3A64a,"Think about times in the past when you have let urges pass during a stressful moment, and notice what helped make that moment easier.",quitting,5
R_3gMhVykTKg9svb2,"Life can get you really stressed out, but turning to cigs isn't the answer. Call or text family and friends instead. Ask them to help you stay on track.",quitting,4
R_2wi55Y8Szv3A64a,"Instead of smoking, use the next two minutes to pay close attention to your senses. Notice what you see, hear, feel, taste, and smell. Urges are just one part of your experience.",quitting,5
R_3gMhVykTKg9svb2,"Tell yourself, “I am going to quit smoking soon.” Say it out loud. Say to yourself, “I am too strong to continue smoking for the rest of my life.""",quitting,5
R_OdINEEhkfMxwJB7,Take a deep breath. Focus on today and the things you have accomplished. How many urges have you let pass? Give yourself some credit!,quitting,5
R_DuiFYpo4a2NWuat,What can you do right now to break the automatic habit of smoking to help you feel better? Pause. Close your eyes. And take 10 slow breaths.,quitting,5
R_3k6czszJzgX8ywq,You don’t need to get rid of or change your thoughts about smoking—just let them pass by like a cloud in the sky.,quitting,3
R_DuiFYpo4a2NWuat,"Notice what is triggering your urge. Have understanding and kindness for yourself for feeling this urge. It isn't easy, but can you choose to let it be there without smoking?",quitting,5
R_3k6czszJzgX8ywq,"Notice what is triggering your urge. Have understanding and kindness for yourself for feeling this urge. It isn't easy, but can you choose to let it be there without smoking?",quitting,5
R_3k6czszJzgX8ywq,"Each time you choose to not smoke after seeing someone else light up, you lessen the habit a little more.",quitting,3
R_2ccIViRetpYIQaJ,What can you do right now to break the automatic habit of smoking to help you feel better? Pause. Close your eyes. And take 10 slow breaths.,quitting,5
R_2ccIViRetpYIQaJ,Take a deep breath. Focus on today and the things you have accomplished. How many urges have you let pass? Give yourself some credit!,quitting,4
R_2ccIViRetpYIQaJ,Craving a cig? Plan a fun activity you can do when you get home as a reward for not smoking.,quitting,4
R_2ccIViRetpYIQaJ,"Instead of smoking, use the next two minutes to pay close attention to your senses. Notice what you see, hear, feel, taste, and smell. Urges are just one part of your experience.",quitting,5
R_2ONru3vWAs5R1nH,Take a deep breath. Focus on today and the things you have accomplished. How many urges have you let pass? Give yourself some credit!,quitting,5
R_2ONru3vWAs5R1nH,"Notice what is triggering your urge. Have understanding and kindness for yourself for feeling this urge. It isn't easy, but can you choose to let it be there without smoking?",quitting,4
R_2rvIwe0LPS53Pkx,"When your mind tells you that you will be less stressed after smoking a cigarette, remember that you don't have to listen to that thought. It's just a thought and nothing more.",quitting,4
R_332LhRE8iquoyX1,"Stress is temporary. It comes and goes like passing clouds in the sky. When stress demands you to light up, remember you can let it pass by without smoking.",quitting,4
R_2rvIwe0LPS53Pkx,Try chewing gum if you have trouble resisting smoking when other people light up around you.,quitting,5
R_OdINEEhkfMxwJB7,"Try to avoid seeing other people smoke. It might sound basic but brain see, brain want! If you can, make life easier and avoid the people you used to smoke with for some time where possible.",quitting,5
R_33BGkOxFCUVUO7H,"When your mind tells you that you will be less stressed after smoking a cigarette, remember that you don't have to listen to that thought. It's just a thought and nothing more.",quitting,5
R_2THwUIEkbN0Bm9k,Take a deep breath. Focus on today and the things you have accomplished. How many urges have you let pass? Give yourself some credit!,quitting,5
R_2qque2GwbtMO3RI,What can you do right now to break the automatic habit of smoking to help you feel better? Pause. Close your eyes. And take 10 slow breaths.,quitting,4
R_33BGkOxFCUVUO7H,Take a deep breath. Focus on today and the things you have accomplished. How many urges have you let pass? Give yourself some credit!,quitting,5
R_2qque2GwbtMO3RI,"Each time you choose to not smoke after seeing someone else light up, you lessen the habit a little more.",quitting,4
R_2qque2GwbtMO3RI,"Try to avoid seeing other people smoke. It might sound basic but brain see, brain want! If you can, make life easier and avoid the people you used to smoke with for some time where possible.",quitting,5
R_1eLjd8J9bWKz0ta,"To help get through a 'risky situation', remind yourself of how far you've come and the effort that you've put in. Don't ruin your hard work - stay strong!",quitting,5
R_3hnIiXUxh2NqHHz,"You don't have to act on this feeling by smoking or doing anything about it. Give it some space, breathe, and see if it changes. Let the urge and feeling be there while you focus on doing something you care about.",quitting,3
R_1mI4ds4xsqeSdci,Take a deep breath and let it out slowly. Notice that you are completely OK for this one breath. Do it again.,quitting,5
R_1mI4ds4xsqeSdci,Keep picturing yourself getting home later today knowing that you've gained a smoke-free day. It's nearly a reality!,quitting,4
R_3hnIiXUxh2NqHHz,Try chewing gum if you have trouble resisting smoking when other people light up around you.,quitting,4
R_2dyJA4Wh1yB3AGi,"Instead of smoking, keep your fingers busy by scrolling through your phone.",quitting,5
R_2dyJA4Wh1yB3AGi,What can you do right now to break the automatic habit of smoking to help you feel better? Pause. Close your eyes. And take 10 slow breaths.,quitting,5
R_1nZUIBgFJ15OHJ7,Stop! Breathe. What is going on around you? Inside you? Allow everything to be just as it is. Breathe again.,quitting,5
R_2dyJA4Wh1yB3AGi,"Try to avoid seeing other people smoke. It might sound basic but brain see, brain want! If you can, make life easier and avoid the people you used to smoke with for some time where possible.",quitting,5
R_31ZYFOPdKtbGhMI,"Instead of smoking, keep your fingers busy by scrolling through your phone.",quitting,4
R_31ZYFOPdKtbGhMI,"Instead of smoking, use the next two minutes to pay close attention to your senses. Notice what you see, hear, feel, taste, and smell. Urges are just one part of your experience.",quitting,4
R_31ZYFOPdKtbGhMI,"Tell yourself, “I am going to quit smoking soon.” Say it out loud. Say to yourself, “I am too strong to continue smoking for the rest of my life.""",quitting,5
R_2dyJA4Wh1yB3AGi,"Life can get you really stressed out, but turning to cigs isn't the answer. Call or text family and friends instead. Ask them to help you stay on track.",quitting,5
R_2xXVFkkOBY0yIlg,"If you have trouble resisting a craving when other smokers are around, try carrying a water bottle and taking a sip every time you want to ask for a cig.",quitting,4
R_3nxFDwBbpI5MYNb,Craving a cig? Plan a fun activity you can do when you get home as a reward for not smoking.,quitting,5
R_01DKDv1e2j40qE9,"Try to avoid seeing other people smoke. It might sound basic but brain see, brain want! If you can, make life easier and avoid the people you used to smoke with for some time where possible.",quitting,5
R_U9qxn3gJ6pk3Dk5,"Notice what is triggering your urge. Have understanding and kindness for yourself for feeling this urge. It isn't easy, but can you choose to let it be there without smoking?",quitting,5
R_01DKDv1e2j40qE9,"Instead of smoking, use the next two minutes to pay close attention to your senses. Notice what you see, hear, feel, taste, and smell. Urges are just one part of your experience.",quitting,5
R_3nxFDwBbpI5MYNb,"You don't have to act on this feeling by smoking or doing anything about it. Give it some space, breathe, and see if it changes. Let the urge and feeling be there while you focus on doing something you care about.",quitting,4
R_2fcy9U0QpwQPKDh,"Try to avoid seeing other people smoke. It might sound basic but brain see, brain want! If you can, make life easier and avoid the people you used to smoke with for some time where possible.",quitting,4
R_2fcy9U0QpwQPKDh,"When your mind tells you that you will be less stressed after smoking a cigarette, remember that you don't have to listen to that thought. It's just a thought and nothing more.",quitting,5
R_2fcy9U0QpwQPKDh,"Picture the people or things you care deeply about. On a scale of 0-10, how willing are you to let this urge pass for those reasons?",quitting,4
R_U9qxn3gJ6pk3Dk5,"Instead of smoking, keep your fingers busy by scrolling through your phone.",quitting,4
R_U9qxn3gJ6pk3Dk5,"Ask yourself, ""From 0-10, how willing am I to let this urge pass without smoking?"" Let it pass to be closer to the things that matter most to you.",quitting,5
R_2SCsyhhlzSuIKDq,"Are you feeling down because you are thinking of smoking? It's really important to be kind to yourself, and to make sure you give yourself praise too!",quitting,4
R_2SCsyhhlzSuIKDq,"Picture the people or things you care deeply about. On a scale of 0-10, how willing are you to let this urge pass for those reasons?",quitting,4
R_DMZKu2d7cs3fqGR,Craving a cig? Plan a fun activity you can do when you get home as a reward for not smoking.,quitting,5
R_2SCsyhhlzSuIKDq,"If you have trouble resisting a craving when other smokers are around, try carrying a water bottle and taking a sip every time you want to ask for a cig.",quitting,5
R_22XjWwgWUKHPliH,"Just because letting an urge pass isn't easy, doesn't mean that you can't do it. Try it, you might surprise yourself.",quitting,5
R_22XjWwgWUKHPliH,"To keep on track, small changes can really help. For example, keep a list of quit reasons where you used to keep cigarettes, rearrange your living space, or grab some extra pens to fiddle with to keep your hands busy.",quitting,4
R_DMZKu2d7cs3fqGR,Pause and take 5 slow breaths. Pausing just for a moment breaks the automatic habit of reaching for a smoke.,quitting,3
R_DMZKu2d7cs3fqGR,You don’t need to get rid of or change your thoughts about smoking—just let them pass by like a cloud in the sky.,quitting,1
R_DMZKu2d7cs3fqGR,"To keep on track, small changes can really help. For example, keep a list of quit reasons where you used to keep cigarettes, rearrange your living space, or grab some extra pens to fiddle with to keep your hands busy.",quitting,5
R_3luJtR1KDLtcfvc,"When your mind tells you that you will be less stressed after smoking a cigarette, remember that you don't have to listen to that thought. It's just a thought and nothing more.",quitting,2
R_3luJtR1KDLtcfvc,"If you have trouble resisting a craving when other smokers are around, try carrying a water bottle and taking a sip every time you want to ask for a cig.",quitting,5
R_d1460dHCavzgFzj,"When your mind tells you that you will be less stressed after smoking a cigarette, remember that you don't have to listen to that thought. It's just a thought and nothing more.",quitting,3
R_3luJtR1KDLtcfvc,"Try to avoid seeing other people smoke. It might sound basic but brain see, brain want! If you can, make life easier and avoid the people you used to smoke with for some time where possible.",quitting,4
R_d1460dHCavzgFzj,"Just because letting an urge pass isn't easy, doesn't mean that you can't do it. Try it, you might surprise yourself.",quitting,4
R_2t8LCdJNRE1BhG2,Try chewing gum if you have trouble resisting smoking when other people light up around you.,quitting,5
R_2t8LCdJNRE1BhG2,Take a deep breath. Focus on today and the things you have accomplished. How many urges have you let pass? Give yourself some credit!,quitting,5
R_vHs2EcdK5PGxSWB,"You don't have to act on this feeling by smoking or doing anything about it. Give it some space, breathe, and see if it changes. Let the urge and feeling be there while you focus on doing something you care about.",quitting,5
R_vHs2EcdK5PGxSWB,Try chewing gum if you have trouble resisting smoking when other people light up around you.,quitting,4
R_vHs2EcdK5PGxSWB,"If leaving social situations to avoid smokers feels awkward, make sure you have something to do instead - take sugar free mints, lollipops or low fat snacks to chew, or use a stress ball.",quitting,4
R_2t8LCdJNRE1BhG2,"Instead of smoking, use the next two minutes to pay close attention to your senses. Notice what you see, hear, feel, taste, and smell. Urges are just one part of your experience.",quitting,5
R_vHs2EcdK5PGxSWB,"When you notice yourself trapped in stressful thoughts or worry, say out loud, ""I'm noticing that I'm having some worrisome thoughts."" This helps unhook you from your thoughts so you don't stay caught in them.",quitting,5
R_1n7SXwc1XwuIERT,"Have confidence in knowing that you can have this urge, choose not to smoke, be okay, and choose to do things that matter most to you.",quitting,3
R_vHs2EcdK5PGxSWB,Take a deep breath and let it out slowly. Notice that you are completely OK for this one breath. Do it again.,quitting,5
R_1n7SXwc1XwuIERT,"Are you feeling down because you are thinking of smoking? It's really important to be kind to yourself, and to make sure you give yourself praise too!",quitting,4
R_1OocvpnKdfKUf3b,"You don't have to act on this feeling by smoking or doing anything about it. Give it some space, breathe, and see if it changes. Let the urge and feeling be there while you focus on doing something you care about.",quitting,5
R_1OocvpnKdfKUf3b,"Stress is temporary. It comes and goes like passing clouds in the sky. When stress demands you to light up, remember you can let it pass by without smoking.",quitting,5
R_1OocvpnKdfKUf3b,"Life can get you really stressed out, but turning to cigs isn't the answer. Call or text family and friends instead. Ask them to help you stay on track.",quitting,3
R_1C9jAHOirFAm72N,Try chewing gum if you have trouble resisting smoking when other people light up around you.,quitting,3
R_1C9jAHOirFAm72N,"Stress is temporary. It comes and goes like passing clouds in the sky. When stress demands you to light up, remember you can let it pass by without smoking.",quitting,5
R_1ifWmpBENew4BWi,Stop! Breathe. What is going on around you? Inside you? Allow everything to be just as it is. Breathe again.,quitting,5
R_1ifWmpBENew4BWi,"Just because letting an urge pass isn't easy, doesn't mean that you can't do it. Try it, you might surprise yourself.",quitting,5
R_2e5qlB5kQj1XJWn,"When your mind tells you that you will be less stressed after smoking a cigarette, remember that you don't have to listen to that thought. It's just a thought and nothing more.",quitting,4
R_1C9jAHOirFAm72N,"If you have trouble resisting a craving when other smokers are around, try carrying a water bottle and taking a sip every time you want to ask for a cig.",quitting,3
R_2e5qlB5kQj1XJWn,"When you notice yourself trapped in stressful thoughts or worry, say out loud, ""I'm noticing that I'm having some worrisome thoughts."" This helps unhook you from your thoughts so you don't stay caught in them.",quitting,3
R_2Qs1DPL7HxlSFWT,"Ask yourself, ""From 0-10, how willing am I to let this urge pass without smoking?"" Let it pass to be closer to the things that matter most to you.",quitting,5
R_1ifWmpBENew4BWi,"You don't have to act on this feeling by smoking or doing anything about it. Give it some space, breathe, and see if it changes. Let the urge and feeling be there while you focus on doing something you care about.",quitting,5
R_1ifWmpBENew4BWi,"Picture the people or things you care deeply about. On a scale of 0-10, how willing are you to let this urge pass for those reasons?",quitting,5
R_2Qs1DPL7HxlSFWT,"Picture the people or things you care deeply about. On a scale of 0-10, how willing are you to let this urge pass for those reasons?",quitting,5
R_cZPMSJQ0H2cCJA5,"Notice what is triggering your urge. Have understanding and kindness for yourself for feeling this urge. It isn't easy, but can you choose to let it be there without smoking?",quitting,5
R_cZPMSJQ0H2cCJA5,"When your mind tells you that you will be less stressed after smoking a cigarette, remember that you don't have to listen to that thought. It's just a thought and nothing more.",quitting,3
R_cZPMSJQ0H2cCJA5,"You don't have to act on this feeling by smoking or doing anything about it. Give it some space, breathe, and see if it changes. Let the urge and feeling be there while you focus on doing something you care about.",quitting,3
R_cZPMSJQ0H2cCJA5,What can you do right now to break the automatic habit of smoking to help you feel better? Pause. Close your eyes. And take 10 slow breaths.,quitting,3
R_spc4ss1J4cslrJn,"Tell yourself, “I am going to quit smoking soon.” Say it out loud. Say to yourself, “I am too strong to continue smoking for the rest of my life.""",quitting,5
R_spc4ss1J4cslrJn,Pause and take 5 slow breaths. Pausing just for a moment breaks the automatic habit of reaching for a smoke.,quitting,5
R_1IWrjtFa8vDJfpk,Stop! Breathe. What is going on around you? Inside you? Allow everything to be just as it is. Breathe again.,quitting,5
R_1IWrjtFa8vDJfpk,"To help get through a 'risky situation', remind yourself of how far you've come and the effort that you've put in. Don't ruin your hard work - stay strong!",quitting,5
R_1IWrjtFa8vDJfpk,Keep picturing yourself getting home later today knowing that you've gained a smoke-free day. It's nearly a reality!,quitting,5
R_1IWrjtFa8vDJfpk,"Just because letting an urge pass isn't easy, doesn't mean that you can't do it. Try it, you might surprise yourself.",quitting,4
R_3HzwS0g8RrVjx2x,"Notice what is triggering your urge. Have understanding and kindness for yourself for feeling this urge. It isn't easy, but can you choose to let it be there without smoking?",quitting,5
R_3HzwS0g8RrVjx2x,"Try to avoid seeing other people smoke. It might sound basic but brain see, brain want! If you can, make life easier and avoid the people you used to smoke with for some time where possible.",quitting,4
R_WpaOO7bA1Obhmx3,Keep picturing yourself getting home later today knowing that you've gained a smoke-free day. It's nearly a reality!,quitting,5
R_WpaOO7bA1Obhmx3,"Picture the people or things you care deeply about. On a scale of 0-10, how willing are you to let this urge pass for those reasons?",quitting,5
R_WpaOO7bA1Obhmx3,"Life can get you really stressed out, but turning to cigs isn't the answer. Call or text family and friends instead. Ask them to help you stay on track.",quitting,4
R_3HzwS0g8RrVjx2x,"When your mind tells you that you will be less stressed after smoking a cigarette, remember that you don't have to listen to that thought. It's just a thought and nothing more.",quitting,5
R_DOldzndi0ud9173,"To help get through a 'risky situation', remind yourself of how far you've come and the effort that you've put in. Don't ruin your hard work - stay strong!",quitting,5
R_3ktQ5GWFgXS9Juk,"Think about times in the past when you have let urges pass during a stressful moment, and notice what helped make that moment easier.",quitting,5
R_DOldzndi0ud9173,What can you do right now to break the automatic habit of smoking to help you feel better? Pause. Close your eyes. And take 10 slow breaths.,quitting,5
R_3ktQ5GWFgXS9Juk,Keep picturing yourself getting home later today knowing that you've gained a smoke-free day. It's nearly a reality!,quitting,5
R_DOldzndi0ud9173,Try chewing gum if you have trouble resisting smoking when other people light up around you.,quitting,5
R_DOldzndi0ud9173,"Just because letting an urge pass isn't easy, doesn't mean that you can't do it. Try it, you might surprise yourself.",quitting,5
R_DOldzndi0ud9173,"Picture the people or things you care deeply about. On a scale of 0-10, how willing are you to let this urge pass for those reasons?",quitting,5
R_3ktQ5GWFgXS9Juk,Take a deep breath. Focus on today and the things you have accomplished. How many urges have you let pass? Give yourself some credit!,quitting,5
R_PTFFeCfq2vHstaN,Pause and take 5 slow breaths. Pausing just for a moment breaks the automatic habit of reaching for a smoke.,quitting,5
R_PTFFeCfq2vHstaN,Take a deep breath. Focus on today and the things you have accomplished. How many urges have you let pass? Give yourself some credit!,quitting,5
R_1eFc3o9lO4Xcg1L,"Have confidence in knowing that you can have this urge, choose not to smoke, be okay, and choose to do things that matter most to you.",quitting,3
R_1eFc3o9lO4Xcg1L,"Are you feeling down because you are thinking of smoking? It's really important to be kind to yourself, and to make sure you give yourself praise too!",quitting,1
R_1eFc3o9lO4Xcg1L,Pause and take 5 slow breaths. Pausing just for a moment breaks the automatic habit of reaching for a smoke.,quitting,1
R_1eFc3o9lO4Xcg1L,"When your mind tells you that you will be less stressed after smoking a cigarette, remember that you don't have to listen to that thought. It's just a thought and nothing more.",quitting,5
R_PTFFeCfq2vHstaN,Try chewing gum if you have trouble resisting smoking when other people light up around you.,quitting,5
R_1eFc3o9lO4Xcg1L,"You don't have to act on this feeling by smoking or doing anything about it. Give it some space, breathe, and see if it changes. Let the urge and feeling be there while you focus on doing something you care about.",quitting,5
R_3hcqIT5vkQbdIyE,"Think about times in the past when you have let urges pass during a stressful moment, and notice what helped make that moment easier.",quitting,1
R_3hcqIT5vkQbdIyE,"Tell yourself, “I am going to quit smoking soon.” Say it out loud. Say to yourself, “I am too strong to continue smoking for the rest of my life.""",quitting,1
R_1oALjJEmuRRwJwQ,"Tell yourself, “I am going to quit smoking soon.” Say it out loud. Say to yourself, “I am too strong to continue smoking for the rest of my life.""",quitting,5
R_1eFc3o9lO4Xcg1L,"Tell yourself, “I am going to quit smoking soon.” Say it out loud. Say to yourself, “I am too strong to continue smoking for the rest of my life.""",quitting,5
R_OvdnYwfFYxHtVyV,"Stress is temporary. It comes and goes like passing clouds in the sky. When stress demands you to light up, remember you can let it pass by without smoking.",quitting,5
R_1oALjJEmuRRwJwQ,"Life can get you really stressed out, but turning to cigs isn't the answer. Call or text family and friends instead. Ask them to help you stay on track.",quitting,5
R_2CTUZMFsPrfz0fU,"Stress is temporary. It comes and goes like passing clouds in the sky. When stress demands you to light up, remember you can let it pass by without smoking.",quitting,5
R_OvdnYwfFYxHtVyV,What can you do right now to break the automatic habit of smoking to help you feel better? Pause. Close your eyes. And take 10 slow breaths.,quitting,4
R_2CTUZMFsPrfz0fU,"Think about times in the past when you have let urges pass during a stressful moment, and notice what helped make that moment easier.",quitting,3
R_OvdnYwfFYxHtVyV,"If you have trouble resisting a craving when other smokers are around, try carrying a water bottle and taking a sip every time you want to ask for a cig.",quitting,4
R_2CTUZMFsPrfz0fU,"When your mind tells you that you will be less stressed after smoking a cigarette, remember that you don't have to listen to that thought. It's just a thought and nothing more.",quitting,5
R_37WD4Tk0gT211Ch,"Just because letting an urge pass isn't easy, doesn't mean that you can't do it. Try it, you might surprise yourself.",quitting,3
R_37WD4Tk0gT211Ch,"Have confidence in knowing that you can have this urge, choose not to smoke, be okay, and choose to do things that matter most to you.",quitting,3
R_2CN9do64xa7SBVO,"Ask yourself, ""From 0-10, how willing am I to let this urge pass without smoking?"" Let it pass to be closer to the things that matter most to you.",quitting,5
R_yvImsfpnidvdn9f,Pause and take 5 slow breaths. Pausing just for a moment breaks the automatic habit of reaching for a smoke.,quitting,3
R_2CN9do64xa7SBVO,"Are you feeling down because you are thinking of smoking? It's really important to be kind to yourself, and to make sure you give yourself praise too!",quitting,5
R_324wIUNGqZHiJU8,"Think about times in the past when you have let urges pass during a stressful moment, and notice what helped make that moment easier.",quitting,3
R_2CN9do64xa7SBVO,Try chewing gum if you have trouble resisting smoking when other people light up around you.,quitting,5
R_OvdnYwfFYxHtVyV,"When you notice yourself trapped in stressful thoughts or worry, say out loud, ""I'm noticing that I'm having some worrisome thoughts."" This helps unhook you from your thoughts so you don't stay caught in them.",quitting,5
R_27pAyfbKynLvuPb,"When you notice yourself trapped in stressful thoughts or worry, say out loud, ""I'm noticing that I'm having some worrisome thoughts."" This helps unhook you from your thoughts so you don't stay caught in them.",quitting,5
R_27pAyfbKynLvuPb,Take a deep breath. Focus on today and the things you have accomplished. How many urges have you let pass? Give yourself some credit!,quitting,3
R_27pAyfbKynLvuPb,"Are you feeling down because you are thinking of smoking? It's really important to be kind to yourself, and to make sure you give yourself praise too!",quitting,3
R_OqbDrNn3mOe62cx,"Stress is temporary. It comes and goes like passing clouds in the sky. When stress demands you to light up, remember you can let it pass by without smoking.",quitting,4
R_31BnQYKmCqYgAeX,"You don't have to act on this feeling by smoking or doing anything about it. Give it some space, breathe, and see if it changes. Let the urge and feeling be there while you focus on doing something you care about.",quitting,3
R_phoakqRZVCOzOjn,"Picture the people or things you care deeply about. On a scale of 0-10, how willing are you to let this urge pass for those reasons?",quitting,5
R_31BnQYKmCqYgAeX,"To help get through a 'risky situation', remind yourself of how far you've come and the effort that you've put in. Don't ruin your hard work - stay strong!",quitting,5
R_5mX0y5OjLa3HGJr,Try chewing gum if you have trouble resisting smoking when other people light up around you.,quitting,5
R_phoakqRZVCOzOjn,"Each time you choose to not smoke after seeing someone else light up, you lessen the habit a little more.",quitting,5
R_phoakqRZVCOzOjn,Take a deep breath. Focus on today and the things you have accomplished. How many urges have you let pass? Give yourself some credit!,quitting,5
R_22oaTRQmQd44IFl,Take a deep breath and let it out slowly. Notice that you are completely OK for this one breath. Do it again.,quitting,3
R_1CkfsApsWiEMs27,Craving a cig? Plan a fun activity you can do when you get home as a reward for not smoking.,quitting,4
R_22oaTRQmQd44IFl,"Life can get you really stressed out, but turning to cigs isn't the answer. Call or text family and friends instead. Ask them to help you stay on track.",quitting,5
R_22oaTRQmQd44IFl,"Just because letting an urge pass isn't easy, doesn't mean that you can't do it. Try it, you might surprise yourself.",quitting,3
R_1GUrB0irVlc74QJ,"Life can get you really stressed out, but turning to cigs isn't the answer. Call or text family and friends instead. Ask them to help you stay on track.",quitting,3
R_2Cf9smO3s7AfjAX,"When your mind tells you that you will be less stressed after smoking a cigarette, remember that you don't have to listen to that thought. It's just a thought and nothing more.",quitting,5
R_2Cf9smO3s7AfjAX,"Notice what is triggering your urge. Have understanding and kindness for yourself for feeling this urge. It isn't easy, but can you choose to let it be there without smoking?",quitting,4
R_1GUrB0irVlc74QJ,"Instead of smoking, keep your fingers busy by scrolling through your phone.",quitting,5
R_31BnQYKmCqYgAeX,"Instead of smoking, keep your fingers busy by scrolling through your phone.",quitting,1
R_1GUrB0irVlc74QJ,"Have confidence in knowing that you can have this urge, choose not to smoke, be okay, and choose to do things that matter most to you.",quitting,3
R_12LPH7GTH14aPlV,"When your mind tells you that you will be less stressed after smoking a cigarette, remember that you don't have to listen to that thought. It's just a thought and nothing more.",quitting,4
R_3PuSTNLM9GLlWcY,"When you notice yourself trapped in stressful thoughts or worry, say out loud, ""I'm noticing that I'm having some worrisome thoughts."" This helps unhook you from your thoughts so you don't stay caught in them.",quitting,3
R_12LPH7GTH14aPlV,"To keep on track, small changes can really help. For example, keep a list of quit reasons where you used to keep cigarettes, rearrange your living space, or grab some extra pens to fiddle with to keep your hands busy.",quitting,4
R_3PuSTNLM9GLlWcY,"Stress is temporary. It comes and goes like passing clouds in the sky. When stress demands you to light up, remember you can let it pass by without smoking.",quitting,3
R_3PuSTNLM9GLlWcY,"When your mind tells you that you will be less stressed after smoking a cigarette, remember that you don't have to listen to that thought. It's just a thought and nothing more.",quitting,4
R_12LPH7GTH14aPlV,"To help get through a 'risky situation', remind yourself of how far you've come and the effort that you've put in. Don't ruin your hard work - stay strong!",quitting,5
R_2zu3tGxubSjZX5Z,"Think about times in the past when you have let urges pass during a stressful moment, and notice what helped make that moment easier.",quitting,1
R_3PuSTNLM9GLlWcY,"Tell yourself, “I am going to quit smoking soon.” Say it out loud. Say to yourself, “I am too strong to continue smoking for the rest of my life.""",quitting,3
R_3PuSTNLM9GLlWcY,"Picture the people or things you care deeply about. On a scale of 0-10, how willing are you to let this urge pass for those reasons?",quitting,5
R_3PuSTNLM9GLlWcY,"Instead of smoking, keep your fingers busy by scrolling through your phone.",quitting,3
R_2zu3tGxubSjZX5Z,Stop! Breathe. What is going on around you? Inside you? Allow everything to be just as it is. Breathe again.,quitting,3
R_3PuSTNLM9GLlWcY,"Notice what is triggering your urge. Have understanding and kindness for yourself for feeling this urge. It isn't easy, but can you choose to let it be there without smoking?",quitting,4
R_2zu3tGxubSjZX5Z,"Notice what is triggering your urge. Have understanding and kindness for yourself for feeling this urge. It isn't easy, but can you choose to let it be there without smoking?",quitting,4
R_2fkxlU74PbYfTb5,"Tell yourself, “I am going to quit smoking soon.” Say it out loud. Say to yourself, “I am too strong to continue smoking for the rest of my life.""",quitting,5
R_2fkxlU74PbYfTb5,What can you do right now to break the automatic habit of smoking to help you feel better? Pause. Close your eyes. And take 10 slow breaths.,quitting,4
R_1r31XVArejuHyCu,"Just because letting an urge pass isn't easy, doesn't mean that you can't do it. Try it, you might surprise yourself.",quitting,4
R_2fkxlU74PbYfTb5,"To help get through a 'risky situation', remind yourself of how far you've come and the effort that you've put in. Don't ruin your hard work - stay strong!",quitting,4
R_1r31XVArejuHyCu,"If you have trouble resisting a craving when other smokers are around, try carrying a water bottle and taking a sip every time you want to ask for a cig.",quitting,3
R_1r31XVArejuHyCu,"Life can get you really stressed out, but turning to cigs isn't the answer. Call or text family and friends instead. Ask them to help you stay on track.",quitting,2
R_1r31XVArejuHyCu,You don’t need to get rid of or change your thoughts about smoking—just let them pass by like a cloud in the sky.,quitting,4
R_8tYqU6qBiZJTnYB,"If leaving social situations to avoid smokers feels awkward, make sure you have something to do instead - take sugar free mints, lollipops or low fat snacks to chew, or use a stress ball.",quitting,4
R_8tYqU6qBiZJTnYB,"Ask yourself, ""From 0-10, how willing am I to let this urge pass without smoking?"" Let it pass to be closer to the things that matter most to you.",quitting,5
R_cJ5P14fHuWBlTGh,Take a deep breath. Focus on today and the things you have accomplished. How many urges have you let pass? Give yourself some credit!,quitting,5
R_8tYqU6qBiZJTnYB,"Instead of smoking, use the next two minutes to pay close attention to your senses. Notice what you see, hear, feel, taste, and smell. Urges are just one part of your experience.",quitting,5
R_1jYSNhH8TKlGXBn,"Stress is temporary. It comes and goes like passing clouds in the sky. When stress demands you to light up, remember you can let it pass by without smoking.",quitting,4
R_cJ5P14fHuWBlTGh,"If leaving social situations to avoid smokers feels awkward, make sure you have something to do instead - take sugar free mints, lollipops or low fat snacks to chew, or use a stress ball.",quitting,4
R_cJ5P14fHuWBlTGh,"If you have trouble resisting a craving when other smokers are around, try carrying a water bottle and taking a sip every time you want to ask for a cig.",quitting,4
R_1gNlwQajvqtmFFC,"When your mind tells you that you will be less stressed after smoking a cigarette, remember that you don't have to listen to that thought. It's just a thought and nothing more.",quitting,3
R_1dtsmb4QLy6R9yU,Stop! Breathe. What is going on around you? Inside you? Allow everything to be just as it is. Breathe again.,quitting,1
R_1gNlwQajvqtmFFC,"Notice what is triggering your urge. Have understanding and kindness for yourself for feeling this urge. It isn't easy, but can you choose to let it be there without smoking?",quitting,4
R_1dtsmb4QLy6R9yU,"Think about times in the past when you have let urges pass during a stressful moment, and notice what helped make that moment easier.",quitting,2
R_1gNlwQajvqtmFFC,"Life can get you really stressed out, but turning to cigs isn't the answer. Call or text family and friends instead. Ask them to help you stay on track.",quitting,1
R_1dtsmb4QLy6R9yU,"When your mind tells you that you will be less stressed after smoking a cigarette, remember that you don't have to listen to that thought. It's just a thought and nothing more.",quitting,1
R_1gNlwQajvqtmFFC,Take a deep breath and let it out slowly. Notice that you are completely OK for this one breath. Do it again.,quitting,2
R_1C10qfFg7sq8PnZ,"Life can get you really stressed out, but turning to cigs isn't the answer. Call or text family and friends instead. Ask them to help you stay on track.",quitting,5
R_1C10qfFg7sq8PnZ,"When you notice yourself trapped in stressful thoughts or worry, say out loud, ""I'm noticing that I'm having some worrisome thoughts."" This helps unhook you from your thoughts so you don't stay caught in them.",quitting,1
R_sL886btNB2lJFip,"Stress is temporary. It comes and goes like passing clouds in the sky. When stress demands you to light up, remember you can let it pass by without smoking.",quitting,5
R_sL886btNB2lJFip,"When your mind tells you that you will be less stressed after smoking a cigarette, remember that you don't have to listen to that thought. It's just a thought and nothing more.",quitting,4
R_2D5GfkXQvKZhy7R,"To keep on track, small changes can really help. For example, keep a list of quit reasons where you used to keep cigarettes, rearrange your living space, or grab some extra pens to fiddle with to keep your hands busy.",quitting,3
R_vdccq3M3JYMA01z,"To keep on track, small changes can really help. For example, keep a list of quit reasons where you used to keep cigarettes, rearrange your living space, or grab some extra pens to fiddle with to keep your hands busy.",quitting,1
R_2D5GfkXQvKZhy7R,"If you have trouble resisting a craving when other smokers are around, try carrying a water bottle and taking a sip every time you want to ask for a cig.",quitting,5
R_vdccq3M3JYMA01z,"Think about times in the past when you have let urges pass during a stressful moment, and notice what helped make that moment easier.",quitting,4
R_2D5GfkXQvKZhy7R,Take a deep breath and let it out slowly. Notice that you are completely OK for this one breath. Do it again.,quitting,5
R_vdccq3M3JYMA01z,"If you have trouble resisting a craving when other smokers are around, try carrying a water bottle and taking a sip every time you want to ask for a cig.",quitting,5
R_33pfHRhyVX98OfK,Take a deep breath and let it out slowly. Notice that you are completely OK for this one breath. Do it again.,quitting,3
R_33pfHRhyVX98OfK,Keep picturing yourself getting home later today knowing that you've gained a smoke-free day. It's nearly a reality!,quitting,3
R_33pfHRhyVX98OfK,What can you do right now to break the automatic habit of smoking to help you feel better? Pause. Close your eyes. And take 10 slow breaths.,quitting,3
R_33pfHRhyVX98OfK,"Picture the people or things you care deeply about. On a scale of 0-10, how willing are you to let this urge pass for those reasons?",quitting,3
R_1JEZlmL8mqBFu3R,"Each time you choose to not smoke after seeing someone else light up, you lessen the habit a little more.",quitting,5
R_1JEZlmL8mqBFu3R,Keep picturing yourself getting home later today knowing that you've gained a smoke-free day. It's nearly a reality!,quitting,2
R_2bTejjl5u0LExen,"Instead of smoking, use the next two minutes to pay close attention to your senses. Notice what you see, hear, feel, taste, and smell. Urges are just one part of your experience.",quitting,5
R_33pfHRhyVX98OfK,"If you have trouble resisting a craving when other smokers are around, try carrying a water bottle and taking a sip every time you want to ask for a cig.",quitting,5
R_2qfu7ht5gDHoJ68,"Try to avoid seeing other people smoke. It might sound basic but brain see, brain want! If you can, make life easier and avoid the people you used to smoke with for some time where possible.",quitting,4
R_YbHOcU9YdROT161,"Think about times in the past when you have let urges pass during a stressful moment, and notice what helped make that moment easier.",quitting,3
R_2bTejjl5u0LExen,Pause and take 5 slow breaths. Pausing just for a moment breaks the automatic habit of reaching for a smoke.,quitting,5
R_2qfu7ht5gDHoJ68,Take a deep breath and let it out slowly. Notice that you are completely OK for this one breath. Do it again.,quitting,5
R_2qfu7ht5gDHoJ68,"When your mind tells you that you will be less stressed after smoking a cigarette, remember that you don't have to listen to that thought. It's just a thought and nothing more.",quitting,5
R_2qfu7ht5gDHoJ68,"Are you feeling down because you are thinking of smoking? It's really important to be kind to yourself, and to make sure you give yourself praise too!",quitting,5
R_1CpabloI0nh2LY9,You don’t need to get rid of or change your thoughts about smoking—just let them pass by like a cloud in the sky.,quitting,1
R_06bvVqddFPEe0xj,Take a deep breath and let it out slowly. Notice that you are completely OK for this one breath. Do it again.,quitting,3
R_2V8dStdHXS0wj0c,"Are you feeling down because you are thinking of smoking? It's really important to be kind to yourself, and to make sure you give yourself praise too!",quitting,1
R_1CpabloI0nh2LY9,Keep picturing yourself getting home later today knowing that you've gained a smoke-free day. It's nearly a reality!,quitting,4
R_2V8dStdHXS0wj0c,"Just because letting an urge pass isn't easy, doesn't mean that you can't do it. Try it, you might surprise yourself.",quitting,4
R_06bvVqddFPEe0xj,"Try to avoid seeing other people smoke. It might sound basic but brain see, brain want! If you can, make life easier and avoid the people you used to smoke with for some time where possible.",quitting,5
R_06bvVqddFPEe0xj,What can you do right now to break the automatic habit of smoking to help you feel better? Pause. Close your eyes. And take 10 slow breaths.,quitting,3
R_06bvVqddFPEe0xj,Craving a cig? Plan a fun activity you can do when you get home as a reward for not smoking.,quitting,3
R_1CpabloI0nh2LY9,"Life can get you really stressed out, but turning to cigs isn't the answer. Call or text family and friends instead. Ask them to help you stay on track.",quitting,1
R_29cx1PWbEL77woj,"Have confidence in knowing that you can have this urge, choose not to smoke, be okay, and choose to do things that matter most to you.",quitting,3
R_1KlteoBwFzRAW7d,"If you have trouble resisting a craving when other smokers are around, try carrying a water bottle and taking a sip every time you want to ask for a cig.",quitting,5
R_29cx1PWbEL77woj,"Life can get you really stressed out, but turning to cigs isn't the answer. Call or text family and friends instead. Ask them to help you stay on track.",quitting,1
R_2di4TZhO3O4jH9N,"Instead of smoking, keep your fingers busy by scrolling through your phone.",quitting,1
R_2di4TZhO3O4jH9N,"To keep on track, small changes can really help. For example, keep a list of quit reasons where you used to keep cigarettes, rearrange your living space, or grab some extra pens to fiddle with to keep your hands busy.",quitting,1
R_1IPZxQCxUMfpeJi,Take a deep breath. Focus on today and the things you have accomplished. How many urges have you let pass? Give yourself some credit!,quitting,5
R_1IPZxQCxUMfpeJi,"Instead of smoking, keep your fingers busy by scrolling through your phone.",quitting,5
R_2X5TsjxMUoHZwYx,"To help get through a 'risky situation', remind yourself of how far you've come and the effort that you've put in. Don't ruin your hard work - stay strong!",quitting,5
R_1IPZxQCxUMfpeJi,"Have confidence in knowing that you can have this urge, choose not to smoke, be okay, and choose to do things that matter most to you.",quitting,3
R_2QmoWsUORX5qZ5t,You don’t need to get rid of or change your thoughts about smoking—just let them pass by like a cloud in the sky.,quitting,5
R_2QmoWsUORX5qZ5t,"Life can get you really stressed out, but turning to cigs isn't the answer. Call or text family and friends instead. Ask them to help you stay on track.",quitting,5
R_2ydSXZ4KTN86Vxz,"Notice what is triggering your urge. Have understanding and kindness for yourself for feeling this urge. It isn't easy, but can you choose to let it be there without smoking?",quitting,5
R_3NwafBF6nuik1KI,"If you have trouble resisting a craving when other smokers are around, try carrying a water bottle and taking a sip every time you want to ask for a cig.",quitting,3
R_3NJLRjV6sukDhjC,"Have confidence in knowing that you can have this urge, choose not to smoke, be okay, and choose to do things that matter most to you.",quitting,5
R_2ydSXZ4KTN86Vxz,"Instead of smoking, use the next two minutes to pay close attention to your senses. Notice what you see, hear, feel, taste, and smell. Urges are just one part of your experience.",quitting,4
R_2ydSXZ4KTN86Vxz,"If you have trouble resisting a craving when other smokers are around, try carrying a water bottle and taking a sip every time you want to ask for a cig.",quitting,3
R_3NJLRjV6sukDhjC,Take a deep breath and let it out slowly. Notice that you are completely OK for this one breath. Do it again.,quitting,3
R_2X5TsjxMUoHZwYx,"Think about times in the past when you have let urges pass during a stressful moment, and notice what helped make that moment easier.",quitting,3
R_ron7qNN08EfD1MB,"Instead of smoking, keep your fingers busy by scrolling through your phone.",quitting,1
R_ron7qNN08EfD1MB,"If you have trouble resisting a craving when other smokers are around, try carrying a water bottle and taking a sip every time you want to ask for a cig.",quitting,1
R_3e8jljgMGHnAWTy,"Think about times in the past when you have let urges pass during a stressful moment, and notice what helped make that moment easier.",quitting,4
R_1LwozRPwgjauHo0,"Picture the people or things you care deeply about. On a scale of 0-10, how willing are you to let this urge pass for those reasons?",quitting,5
R_1LwozRPwgjauHo0,"You don't have to act on this feeling by smoking or doing anything about it. Give it some space, breathe, and see if it changes. Let the urge and feeling be there while you focus on doing something you care about.",quitting,4
R_3e8jljgMGHnAWTy,"Try to avoid seeing other people smoke. It might sound basic but brain see, brain want! If you can, make life easier and avoid the people you used to smoke with for some time where possible.",quitting,5
R_0cDQjWb7D2enSal,"You don't have to act on this feeling by smoking or doing anything about it. Give it some space, breathe, and see if it changes. Let the urge and feeling be there while you focus on doing something you care about.",quitting,3
R_1obbBTKOWsvBFTD,"Are you feeling down because you are thinking of smoking? It's really important to be kind to yourself, and to make sure you give yourself praise too!",quitting,3
R_1obbBTKOWsvBFTD,Try chewing gum if you have trouble resisting smoking when other people light up around you.,quitting,5
R_1obbBTKOWsvBFTD,"Have confidence in knowing that you can have this urge, choose not to smoke, be okay, and choose to do things that matter most to you.",quitting,5
R_325v3XtZe1kiMAD,Take a deep breath and let it out slowly. Notice that you are completely OK for this one breath. Do it again.,quitting,5
R_2qa5UXjIiCSXwpU,"Instead of smoking, keep your fingers busy by scrolling through your phone.",quitting,5
R_1ozCPfdkIIVAtNL,"Tell yourself, “I am going to quit smoking soon.” Say it out loud. Say to yourself, “I am too strong to continue smoking for the rest of my life.""",quitting,1
R_1ozCPfdkIIVAtNL,"Are you feeling down because you are thinking of smoking? It's really important to be kind to yourself, and to make sure you give yourself praise too!",quitting,3
R_1ozCPfdkIIVAtNL,Try chewing gum if you have trouble resisting smoking when other people light up around you.,quitting,3
R_2qa5UXjIiCSXwpU,Keep picturing yourself getting home later today knowing that you've gained a smoke-free day. It's nearly a reality!,quitting,5
R_2Cdp8NLSajs0mGd,"Tell yourself, “I am going to quit smoking soon.” Say it out loud. Say to yourself, “I am too strong to continue smoking for the rest of my life.""",quitting,5
R_3IcswPzQGdQJXBO,Take a deep breath. Focus on today and the things you have accomplished. How many urges have you let pass? Give yourself some credit!,quitting,5
R_3IcswPzQGdQJXBO,"To help get through a 'risky situation', remind yourself of how far you've come and the effort that you've put in. Don't ruin your hard work - stay strong!",quitting,5
R_1obbBTKOWsvBFTD,"If you have trouble resisting a craving when other smokers are around, try carrying a water bottle and taking a sip every time you want to ask for a cig.",quitting,2
R_2Cdp8NLSajs0mGd,"Stress is temporary. It comes and goes like passing clouds in the sky. When stress demands you to light up, remember you can let it pass by without smoking.",quitting,4
R_5vBc98CV7uM1Hi1,Stop! Breathe. What is going on around you? Inside you? Allow everything to be just as it is. Breathe again.,quitting,4
R_5581mqJDqDHHTK9,Take a deep breath and let it out slowly. Notice that you are completely OK for this one breath. Do it again.,quitting,4
R_3qX1qtZP29pwbZU,Pause and take 5 slow breaths. Pausing just for a moment breaks the automatic habit of reaching for a smoke.,quitting,5
R_3qX1qtZP29pwbZU,"Try to avoid seeing other people smoke. It might sound basic but brain see, brain want! If you can, make life easier and avoid the people you used to smoke with for some time where possible.",quitting,4
R_2EHv0kcjcqhMnVs,"You don't have to act on this feeling by smoking or doing anything about it. Give it some space, breathe, and see if it changes. Let the urge and feeling be there while you focus on doing something you care about.",quitting,5
R_31sCaKffv6oSRPR,"If you have trouble resisting a craving when other smokers are around, try carrying a water bottle and taking a sip every time you want to ask for a cig.",quitting,5
R_2EHv0kcjcqhMnVs,"Try to avoid seeing other people smoke. It might sound basic but brain see, brain want! If you can, make life easier and avoid the people you used to smoke with for some time where possible.",quitting,4
R_2EHv0kcjcqhMnVs,"Stress is temporary. It comes and goes like passing clouds in the sky. When stress demands you to light up, remember you can let it pass by without smoking.",quitting,3
R_2EHv0kcjcqhMnVs,"Think about times in the past when you have let urges pass during a stressful moment, and notice what helped make that moment easier.",quitting,5
R_2sdUZoZn7JczJ3L,What can you do right now to break the automatic habit of smoking to help you feel better? Pause. Close your eyes. And take 10 slow breaths.,quitting,5
R_2EHv0kcjcqhMnVs,"To keep on track, small changes can really help. For example, keep a list of quit reasons where you used to keep cigarettes, rearrange your living space, or grab some extra pens to fiddle with to keep your hands busy.",quitting,4
R_2sdUZoZn7JczJ3L,Keep picturing yourself getting home later today knowing that you've gained a smoke-free day. It's nearly a reality!,quitting,4
R_2sdUZoZn7JczJ3L,"Think about times in the past when you have let urges pass during a stressful moment, and notice what helped make that moment easier.",quitting,5
R_2dGYkvoPWfbZ5mW,"Just because letting an urge pass isn't easy, doesn't mean that you can't do it. Try it, you might surprise yourself.",quitting,5
R_2dGYkvoPWfbZ5mW,Take a deep breath and let it out slowly. Notice that you are completely OK for this one breath. Do it again.,quitting,5
R_2w6stFpiFcI2p5B,"Think about times in the past when you have let urges pass during a stressful moment, and notice what helped make that moment easier.",quitting,5
R_2sdUZoZn7JczJ3L,"If you have trouble resisting a craving when other smokers are around, try carrying a water bottle and taking a sip every time you want to ask for a cig.",quitting,4
R_2w6stFpiFcI2p5B,Take a deep breath. Focus on today and the things you have accomplished. How many urges have you let pass? Give yourself some credit!,quitting,5
R_2w6stFpiFcI2p5B,"When you notice yourself trapped in stressful thoughts or worry, say out loud, ""I'm noticing that I'm having some worrisome thoughts."" This helps unhook you from your thoughts so you don't stay caught in them.",quitting,5
R_ufyczALtFUdvzCF,"Just because letting an urge pass isn't easy, doesn't mean that you can't do it. Try it, you might surprise yourself.",quitting,4
R_2aaHToN1j0MnNZS,"Think about times in the past when you have let urges pass during a stressful moment, and notice what helped make that moment easier.",quitting,3
R_ufyczALtFUdvzCF,"Each time you choose to not smoke after seeing someone else light up, you lessen the habit a little more.",quitting,5
R_xuddpHh0ap4e7pD,"Instead of smoking, use the next two minutes to pay close attention to your senses. Notice what you see, hear, feel, taste, and smell. Urges are just one part of your experience.",quitting,1
R_xuddpHh0ap4e7pD,"Picture the people or things you care deeply about. On a scale of 0-10, how willing are you to let this urge pass for those reasons?",quitting,1
R_xuddpHh0ap4e7pD,"If leaving social situations to avoid smokers feels awkward, make sure you have something to do instead - take sugar free mints, lollipops or low fat snacks to chew, or use a stress ball.",quitting,3
R_1NyBd9879uhiFyx,"Just because letting an urge pass isn't easy, doesn't mean that you can't do it. Try it, you might surprise yourself.",quitting,3
R_2qDxOq8iUGTDZa0,"To keep on track, small changes can really help. For example, keep a list of quit reasons where you used to keep cigarettes, rearrange your living space, or grab some extra pens to fiddle with to keep your hands busy.",quitting,3
R_1NyBd9879uhiFyx,"Are you feeling down because you are thinking of smoking? It's really important to be kind to yourself, and to make sure you give yourself praise too!",quitting,1
R_1ds5LKcvfdjTshC,What can you do right now to break the automatic habit of smoking to help you feel better? Pause. Close your eyes. And take 10 slow breaths.,quitting,3
R_2qDxOq8iUGTDZa0,"Notice what is triggering your urge. Have understanding and kindness for yourself for feeling this urge. It isn't easy, but can you choose to let it be there without smoking?",quitting,4
R_1ds5LKcvfdjTshC,"Stress is temporary. It comes and goes like passing clouds in the sky. When stress demands you to light up, remember you can let it pass by without smoking.",quitting,1
R_1ds5LKcvfdjTshC,"Instead of smoking, use the next two minutes to pay close attention to your senses. Notice what you see, hear, feel, taste, and smell. Urges are just one part of your experience.",quitting,5
R_u4EivuT6QzFNA9r,Try chewing gum if you have trouble resisting smoking when other people light up around you.,quitting,3
R_1ds5LKcvfdjTshC,"Ask yourself, ""From 0-10, how willing am I to let this urge pass without smoking?"" Let it pass to be closer to the things that matter most to you.",quitting,4
R_1ds5LKcvfdjTshC,"Life can get you really stressed out, but turning to cigs isn't the answer. Call or text family and friends instead. Ask them to help you stay on track.",quitting,3
R_3lS0u7Fds4dvaHE,"Have confidence in knowing that you can have this urge, choose not to smoke, be okay, and choose to do things that matter most to you.",quitting,4
R_1ds5LKcvfdjTshC,Take a deep breath and let it out slowly. Notice that you are completely OK for this one breath. Do it again.,quitting,3
R_u4EivuT6QzFNA9r,Stop! Breathe. What is going on around you? Inside you? Allow everything to be just as it is. Breathe again.,quitting,1
R_sZgOwiAHEVTra1z,"Instead of smoking, use the next two minutes to pay close attention to your senses. Notice what you see, hear, feel, taste, and smell. Urges are just one part of your experience.",quitting,1
R_sZgOwiAHEVTra1z,Stop! Breathe. What is going on around you? Inside you? Allow everything to be just as it is. Breathe again.,quitting,4
R_2CCcdZctBtZISqw,Keep picturing yourself getting home later today knowing that you've gained a smoke-free day. It's nearly a reality!,quitting,3
R_2CCcdZctBtZISqw,"Try to avoid seeing other people smoke. It might sound basic but brain see, brain want! If you can, make life easier and avoid the people you used to smoke with for some time where possible.",quitting,4
R_sZgOwiAHEVTra1z,What can you do right now to break the automatic habit of smoking to help you feel better? Pause. Close your eyes. And take 10 slow breaths.,quitting,5
R_2CCcdZctBtZISqw,Try chewing gum if you have trouble resisting smoking when other people light up around you.,quitting,3
R_2CCcdZctBtZISqw,"Life can get you really stressed out, but turning to cigs isn't the answer. Call or text family and friends instead. Ask them to help you stay on track.",quitting,3
R_sZgOwiAHEVTra1z,"If you have trouble resisting a craving when other smokers are around, try carrying a water bottle and taking a sip every time you want to ask for a cig.",quitting,5
R_AbSAO54dJQqYqBz,"Ask yourself, ""From 0-10, how willing am I to let this urge pass without smoking?"" Let it pass to be closer to the things that matter most to you.",quitting,1
R_AbSAO54dJQqYqBz,"Try to avoid seeing other people smoke. It might sound basic but brain see, brain want! If you can, make life easier and avoid the people you used to smoke with for some time where possible.",quitting,2
R_AbSAO54dJQqYqBz,"If leaving social situations to avoid smokers feels awkward, make sure you have something to do instead - take sugar free mints, lollipops or low fat snacks to chew, or use a stress ball.",quitting,3
R_31Z5qWarXAdC3n8,Try chewing gum if you have trouble resisting smoking when other people light up around you.,quitting,4
R_31Z5qWarXAdC3n8,"Think about times in the past when you have let urges pass during a stressful moment, and notice what helped make that moment easier.",quitting,3
R_31Z5qWarXAdC3n8,"Ask yourself, ""From 0-10, how willing am I to let this urge pass without smoking?"" Let it pass to be closer to the things that matter most to you.",quitting,5
R_sUxSt3ehJsAth2F,"Tell yourself, “I am going to quit smoking soon.” Say it out loud. Say to yourself, “I am too strong to continue smoking for the rest of my life.""",quitting,3
R_2tb59F08SGoKIol,Keep picturing yourself getting home later today knowing that you've gained a smoke-free day. It's nearly a reality!,quitting,5
R_2tb59F08SGoKIol,"When your mind tells you that you will be less stressed after smoking a cigarette, remember that you don't have to listen to that thought. It's just a thought and nothing more.",quitting,4
R_2XniPJa9AUwPfVI,"Try to avoid seeing other people smoke. It might sound basic but brain see, brain want! If you can, make life easier and avoid the people you used to smoke with for some time where possible.",quitting,4
R_2tb59F08SGoKIol,Take a deep breath and let it out slowly. Notice that you are completely OK for this one breath. Do it again.,quitting,5
R_2XniPJa9AUwPfVI,"To help get through a 'risky situation', remind yourself of how far you've come and the effort that you've put in. Don't ruin your hard work - stay strong!",quitting,5
R_2XniPJa9AUwPfVI,"If leaving social situations to avoid smokers feels awkward, make sure you have something to do instead - take sugar free mints, lollipops or low fat snacks to chew, or use a stress ball.",quitting,5
R_2XniPJa9AUwPfVI,"Tell yourself, “I am going to quit smoking soon.” Say it out loud. Say to yourself, “I am too strong to continue smoking for the rest of my life.""",quitting,5
R_egP8p0fYmBRXwYx,"When you notice yourself trapped in stressful thoughts or worry, say out loud, ""I'm noticing that I'm having some worrisome thoughts."" This helps unhook you from your thoughts so you don't stay caught in them.",quitting,5
R_3M0aldiZ8uqHWMY,"When your mind tells you that you will be less stressed after smoking a cigarette, remember that you don't have to listen to that thought. It's just a thought and nothing more.",quitting,3
R_egP8p0fYmBRXwYx,"To help get through a 'risky situation', remind yourself of how far you've come and the effort that you've put in. Don't ruin your hard work - stay strong!",quitting,5
R_3M0aldiZ8uqHWMY,"Have confidence in knowing that you can have this urge, choose not to smoke, be okay, and choose to do things that matter most to you.",quitting,4
R_XtWSw8c5Mx7OJTX,You don’t need to get rid of or change your thoughts about smoking—just let them pass by like a cloud in the sky.,quitting,4
R_XtWSw8c5Mx7OJTX,"Picture the people or things you care deeply about. On a scale of 0-10, how willing are you to let this urge pass for those reasons?",quitting,5
R_XtWSw8c5Mx7OJTX,"Tell yourself, “I am going to quit smoking soon.” Say it out loud. Say to yourself, “I am too strong to continue smoking for the rest of my life.""",quitting,5
R_1CHf8El9WmqE3l2,Take a deep breath and let it out slowly. Notice that you are completely OK for this one breath. Do it again.,quitting,1
R_1hGdyupzAvVpcYn,Keep picturing yourself getting home later today knowing that you've gained a smoke-free day. It's nearly a reality!,quitting,4
R_1hGdyupzAvVpcYn,"If you have trouble resisting a craving when other smokers are around, try carrying a water bottle and taking a sip every time you want to ask for a cig.",quitting,5
R_egP8p0fYmBRXwYx,Stop! Breathe. What is going on around you? Inside you? Allow everything to be just as it is. Breathe again.,quitting,4
R_1hGdyupzAvVpcYn,"To keep on track, small changes can really help. For example, keep a list of quit reasons where you used to keep cigarettes, rearrange your living space, or grab some extra pens to fiddle with to keep your hands busy.",quitting,5
R_1CHf8El9WmqE3l2,"You don't have to act on this feeling by smoking or doing anything about it. Give it some space, breathe, and see if it changes. Let the urge and feeling be there while you focus on doing something you care about.",quitting,2
R_1hGdyupzAvVpcYn,What can you do right now to break the automatic habit of smoking to help you feel better? Pause. Close your eyes. And take 10 slow breaths.,quitting,5
R_10UkJMK4Op6BJmj,"When you notice yourself trapped in stressful thoughts or worry, say out loud, ""I'm noticing that I'm having some worrisome thoughts."" This helps unhook you from your thoughts so you don't stay caught in them.",quitting,1
R_31FOaXvTdYgAuoh,"To keep on track, small changes can really help. For example, keep a list of quit reasons where you used to keep cigarettes, rearrange your living space, or grab some extra pens to fiddle with to keep your hands busy.",quitting,4
R_31FOaXvTdYgAuoh,You don’t need to get rid of or change your thoughts about smoking—just let them pass by like a cloud in the sky.,quitting,2
R_31FOaXvTdYgAuoh,"Stress is temporary. It comes and goes like passing clouds in the sky. When stress demands you to light up, remember you can let it pass by without smoking.",quitting,3
R_1K42Ti9DFVWU3di,"When you notice yourself trapped in stressful thoughts or worry, say out loud, ""I'm noticing that I'm having some worrisome thoughts."" This helps unhook you from your thoughts so you don't stay caught in them.",quitting,3
R_3ltdTCyEKIzUnHq,"To keep on track, small changes can really help. For example, keep a list of quit reasons where you used to keep cigarettes, rearrange your living space, or grab some extra pens to fiddle with to keep your hands busy.",quitting,5
R_3ltdTCyEKIzUnHq,"Try to avoid seeing other people smoke. It might sound basic but brain see, brain want! If you can, make life easier and avoid the people you used to smoke with for some time where possible.",quitting,4
R_2VqdeoAw1Hb3FNk,"Stress is temporary. It comes and goes like passing clouds in the sky. When stress demands you to light up, remember you can let it pass by without smoking.",quitting,3
R_1K42Ti9DFVWU3di,"Instead of smoking, use the next two minutes to pay close attention to your senses. Notice what you see, hear, feel, taste, and smell. Urges are just one part of your experience.",quitting,5
R_1rNXF2yItjOwGZ3,"Notice what is triggering your urge. Have understanding and kindness for yourself for feeling this urge. It isn't easy, but can you choose to let it be there without smoking?",quitting,4
R_2VqdeoAw1Hb3FNk,Craving a cig? Plan a fun activity you can do when you get home as a reward for not smoking.,quitting,4
R_2VqdeoAw1Hb3FNk,Try chewing gum if you have trouble resisting smoking when other people light up around you.,quitting,3
R_12rPPrdKuJ9sdXW,"Have confidence in knowing that you can have this urge, choose not to smoke, be okay, and choose to do things that matter most to you.",quitting,4
R_12rPPrdKuJ9sdXW,"If leaving social situations to avoid smokers feels awkward, make sure you have something to do instead - take sugar free mints, lollipops or low fat snacks to chew, or use a stress ball.",quitting,3
R_12rPPrdKuJ9sdXW,Take a deep breath and let it out slowly. Notice that you are completely OK for this one breath. Do it again.,quitting,3
R_12rPPrdKuJ9sdXW,"Just because letting an urge pass isn't easy, doesn't mean that you can't do it. Try it, you might surprise yourself.",quitting,4
R_12rPPrdKuJ9sdXW,You don’t need to get rid of or change your thoughts about smoking—just let them pass by like a cloud in the sky.,quitting,1
R_82ClRmKpQdZDe3n,Pause and take 5 slow breaths. Pausing just for a moment breaks the automatic habit of reaching for a smoke.,quitting,4
R_82ClRmKpQdZDe3n,"Each time you choose to not smoke after seeing someone else light up, you lessen the habit a little more.",quitting,4
R_82ClRmKpQdZDe3n,"Tell yourself, “I am going to quit smoking soon.” Say it out loud. Say to yourself, “I am too strong to continue smoking for the rest of my life.""",quitting,4
R_1esMtHY09tTvIAq,"If you have trouble resisting a craving when other smokers are around, try carrying a water bottle and taking a sip every time you want to ask for a cig.",quitting,5
R_1esMtHY09tTvIAq,Pause and take 5 slow breaths. Pausing just for a moment breaks the automatic habit of reaching for a smoke.,quitting,4
R_1esMtHY09tTvIAq,Take a deep breath and let it out slowly. Notice that you are completely OK for this one breath. Do it again.,quitting,4
R_1esMtHY09tTvIAq,"Life can get you really stressed out, but turning to cigs isn't the answer. Call or text family and friends instead. Ask them to help you stay on track.",quitting,4
R_2f2nPA3eDsUQlKb,"Try to avoid seeing other people smoke. It might sound basic but brain see, brain want! If you can, make life easier and avoid the people you used to smoke with for some time where possible.",quitting,3
R_2f2nPA3eDsUQlKb,"Think about times in the past when you have let urges pass during a stressful moment, and notice what helped make that moment easier.",quitting,5
R_T6CQ6JPAYZK3IzL,"Tell yourself, “I am going to quit smoking soon.” Say it out loud. Say to yourself, “I am too strong to continue smoking for the rest of my life.""",quitting,5
R_T6CQ6JPAYZK3IzL,"Instead of smoking, use the next two minutes to pay close attention to your senses. Notice what you see, hear, feel, taste, and smell. Urges are just one part of your experience.",quitting,4
R_2f2nPA3eDsUQlKb,Craving a cig? Plan a fun activity you can do when you get home as a reward for not smoking.,quitting,5
R_2f2nPA3eDsUQlKb,"You don't have to act on this feeling by smoking or doing anything about it. Give it some space, breathe, and see if it changes. Let the urge and feeling be there while you focus on doing something you care about.",quitting,5
R_T6CQ6JPAYZK3IzL,"Think about times in the past when you have let urges pass during a stressful moment, and notice what helped make that moment easier.",quitting,4
R_T6CQ6JPAYZK3IzL,What can you do right now to break the automatic habit of smoking to help you feel better? Pause. Close your eyes. And take 10 slow breaths.,quitting,5
R_cZOk0g6CWiEvwSB,Stop! Breathe. What is going on around you? Inside you? Allow everything to be just as it is. Breathe again.,quitting,4
R_cZOk0g6CWiEvwSB,Take a deep breath and let it out slowly. Notice that you are completely OK for this one breath. Do it again.,quitting,3
R_cZOk0g6CWiEvwSB,"Ask yourself, ""From 0-10, how willing am I to let this urge pass without smoking?"" Let it pass to be closer to the things that matter most to you.",quitting,1
R_cZOk0g6CWiEvwSB,"Are you feeling down because you are thinking of smoking? It's really important to be kind to yourself, and to make sure you give yourself praise too!",quitting,3
R_SGHOnkO1bWVTwK5,"Just because letting an urge pass isn't easy, doesn't mean that you can't do it. Try it, you might surprise yourself.",quitting,4
R_SGHOnkO1bWVTwK5,Try chewing gum if you have trouble resisting smoking when other people light up around you.,quitting,3
R_zS8b1z8J3S5YeT7,"If you have trouble resisting a craving when other smokers are around, try carrying a water bottle and taking a sip every time you want to ask for a cig.",quitting,4
R_cZOk0g6CWiEvwSB,"Tell yourself, “I am going to quit smoking soon.” Say it out loud. Say to yourself, “I am too strong to continue smoking for the rest of my life.""",quitting,1
R_2fiytMMvH1ACnEs,"Have confidence in knowing that you can have this urge, choose not to smoke, be okay, and choose to do things that matter most to you.",quitting,4
R_zS8b1z8J3S5YeT7,"To help get through a 'risky situation', remind yourself of how far you've come and the effort that you've put in. Don't ruin your hard work - stay strong!",quitting,4
R_zS8b1z8J3S5YeT7,"Just because letting an urge pass isn't easy, doesn't mean that you can't do it. Try it, you might surprise yourself.",quitting,1
R_yvzD1ua3vtIv4xb,"If you have trouble resisting a craving when other smokers are around, try carrying a water bottle and taking a sip every time you want to ask for a cig.",quitting,1
R_yvzD1ua3vtIv4xb,"Each time you choose to not smoke after seeing someone else light up, you lessen the habit a little more.",quitting,1
R_2fiytMMvH1ACnEs,"Tell yourself, “I am going to quit smoking soon.” Say it out loud. Say to yourself, “I am too strong to continue smoking for the rest of my life.""",quitting,3
R_C8pYdLeRXuxGO65,"Instead of smoking, use the next two minutes to pay close attention to your senses. Notice what you see, hear, feel, taste, and smell. Urges are just one part of your experience.",quitting,3
R_C8pYdLeRXuxGO65,"Try to avoid seeing other people smoke. It might sound basic but brain see, brain want! If you can, make life easier and avoid the people you used to smoke with for some time where possible.",quitting,4
R_9BIWYw553BOZ5U5,"To help get through a 'risky situation', remind yourself of how far you've come and the effort that you've put in. Don't ruin your hard work - stay strong!",quitting,3
R_C8pYdLeRXuxGO65,"Have confidence in knowing that you can have this urge, choose not to smoke, be okay, and choose to do things that matter most to you.",quitting,5
R_elhRWkV8yJfLqjD,"Just because letting an urge pass isn't easy, doesn't mean that you can't do it. Try it, you might surprise yourself.",quitting,5
R_elhRWkV8yJfLqjD,Take a deep breath. Focus on today and the things you have accomplished. How many urges have you let pass? Give yourself some credit!,quitting,5
R_C8pYdLeRXuxGO65,"You don't have to act on this feeling by smoking or doing anything about it. Give it some space, breathe, and see if it changes. Let the urge and feeling be there while you focus on doing something you care about.",quitting,3
R_elhRWkV8yJfLqjD,"To keep on track, small changes can really help. For example, keep a list of quit reasons where you used to keep cigarettes, rearrange your living space, or grab some extra pens to fiddle with to keep your hands busy.",quitting,4
R_ezZGx0ILza2umwV,"Tell yourself, “I am going to quit smoking soon.” Say it out loud. Say to yourself, “I am too strong to continue smoking for the rest of my life.""",quitting,4
R_ezZGx0ILza2umwV,"Instead of smoking, keep your fingers busy by scrolling through your phone.",quitting,2
R_ezZGx0ILza2umwV,You don’t need to get rid of or change your thoughts about smoking—just let them pass by like a cloud in the sky.,quitting,3
R_6eVLls0XtmmyGeB,Take a deep breath and let it out slowly. Notice that you are completely OK for this one breath. Do it again.,quitting,5
R_ezZGx0ILza2umwV,"Life can get you really stressed out, but turning to cigs isn't the answer. Call or text family and friends instead. Ask them to help you stay on track.",quitting,3
R_2wGNF35bI9iFZIx,"Tell yourself, “I am going to quit smoking soon.” Say it out loud. Say to yourself, “I am too strong to continue smoking for the rest of my life.""",quitting,1
R_AzogNvRUe1115sZ,"Life can get you really stressed out, but turning to cigs isn't the answer. Call or text family and friends instead. Ask them to help you stay on track.",quitting,5
R_1oi0yOHxlfJ9NrC,Stop! Breathe. What is going on around you? Inside you? Allow everything to be just as it is. Breathe again.,quitting,1
R_ymcaGl7POG3cDdL,What can you do right now to break the automatic habit of smoking to help you feel better? Pause. Close your eyes. And take 10 slow breaths.,quitting,2
R_ymcaGl7POG3cDdL,"Life can get you really stressed out, but turning to cigs isn't the answer. Call or text family and friends instead. Ask them to help you stay on track.",quitting,2
R_2wGNF35bI9iFZIx,"Are you feeling down because you are thinking of smoking? It's really important to be kind to yourself, and to make sure you give yourself praise too!",quitting,1
R_3h3FfjsJGVluXdM,"When you notice yourself trapped in stressful thoughts or worry, say out loud, ""I'm noticing that I'm having some worrisome thoughts."" This helps unhook you from your thoughts so you don't stay caught in them.",quitting,1
R_3h3FfjsJGVluXdM,Craving a cig? Plan a fun activity you can do when you get home as a reward for not smoking.,quitting,3
R_3h3FfjsJGVluXdM,"Each time you choose to not smoke after seeing someone else light up, you lessen the habit a little more.",quitting,3
R_3h3FfjsJGVluXdM,What can you do right now to break the automatic habit of smoking to help you feel better? Pause. Close your eyes. And take 10 slow breaths.,quitting,1
R_3iX1Rd8mpJcVEqL,Pause and take 5 slow breaths. Pausing just for a moment breaks the automatic habit of reaching for a smoke.,quitting,4
R_6eVLls0XtmmyGeB,Try chewing gum if you have trouble resisting smoking when other people light up around you.,quitting,5
R_1QmcgaFY0Bk8vz2,"Instead of smoking, keep your fingers busy by scrolling through your phone.",quitting,3
R_1QmcgaFY0Bk8vz2,"Think about times in the past when you have let urges pass during a stressful moment, and notice what helped make that moment easier.",quitting,5
R_1QmcgaFY0Bk8vz2,"Notice what is triggering your urge. Have understanding and kindness for yourself for feeling this urge. It isn't easy, but can you choose to let it be there without smoking?",quitting,3
R_1hYlNpwgs7jBnfG,You don’t need to get rid of or change your thoughts about smoking—just let them pass by like a cloud in the sky.,quitting,5
R_1dElxzh4oksIAE7,Pause and take 5 slow breaths. Pausing just for a moment breaks the automatic habit of reaching for a smoke.,quitting,5
R_1dElxzh4oksIAE7,"To help get through a 'risky situation', remind yourself of how far you've come and the effort that you've put in. Don't ruin your hard work - stay strong!",quitting,5
R_2uUOTtjLJuW79MA,"Picture the people or things you care deeply about. On a scale of 0-10, how willing are you to let this urge pass for those reasons?",quitting,5
R_2uUOTtjLJuW79MA,Try chewing gum if you have trouble resisting smoking when other people light up around you.,quitting,5
R_3DAxhMwsbbHPLhL,"Instead of smoking, use the next two minutes to pay close attention to your senses. Notice what you see, hear, feel, taste, and smell. Urges are just one part of your experience.",quitting,4
R_2uUOTtjLJuW79MA,"Ask yourself, ""From 0-10, how willing am I to let this urge pass without smoking?"" Let it pass to be closer to the things that matter most to you.",quitting,5
R_1FLMFlfSs0QU2xJ,"Think about times in the past when you have let urges pass during a stressful moment, and notice what helped make that moment easier.",quitting,4
R_1FLMFlfSs0QU2xJ,Craving a cig? Plan a fun activity you can do when you get home as a reward for not smoking.,quitting,5
R_1FLMFlfSs0QU2xJ,"Have confidence in knowing that you can have this urge, choose not to smoke, be okay, and choose to do things that matter most to you.",quitting,4
R_1FLMFlfSs0QU2xJ,"Each time you choose to not smoke after seeing someone else light up, you lessen the habit a little more.",quitting,5
R_1dB5HW7R2HG2880,"Are you feeling down because you are thinking of smoking? It's really important to be kind to yourself, and to make sure you give yourself praise too!",quitting,5
R_1dB5HW7R2HG2880,Pause and take 5 slow breaths. Pausing just for a moment breaks the automatic habit of reaching for a smoke.,quitting,3
R_1dB5HW7R2HG2880,"Have confidence in knowing that you can have this urge, choose not to smoke, be okay, and choose to do things that matter most to you.",quitting,5
R_3KvguqEakrMcnY3,"If leaving social situations to avoid smokers feels awkward, make sure you have something to do instead - take sugar free mints, lollipops or low fat snacks to chew, or use a stress ball.",quitting,3
R_3KvguqEakrMcnY3,"Try to avoid seeing other people smoke. It might sound basic but brain see, brain want! If you can, make life easier and avoid the people you used to smoke with for some time where possible.",quitting,3
R_1dB5HW7R2HG2880,"When you notice yourself trapped in stressful thoughts or worry, say out loud, ""I'm noticing that I'm having some worrisome thoughts."" This helps unhook you from your thoughts so you don't stay caught in them.",quitting,5
R_3RgXfJmoKNcXlYA,"When you notice yourself trapped in stressful thoughts or worry, say out loud, ""I'm noticing that I'm having some worrisome thoughts."" This helps unhook you from your thoughts so you don't stay caught in them.",quitting,3
R_33Ds3kTSgABzwcn,"To keep on track, small changes can really help. For example, keep a list of quit reasons where you used to keep cigarettes, rearrange your living space, or grab some extra pens to fiddle with to keep your hands busy.",quitting,5
R_3LZSl6PaL6s21ta,"Are you feeling down because you are thinking of smoking? It's really important to be kind to yourself, and to make sure you give yourself praise too!",quitting,4
R_DwKx5csKPfJ7qUh,"To keep on track, small changes can really help. For example, keep a list of quit reasons where you used to keep cigarettes, rearrange your living space, or grab some extra pens to fiddle with to keep your hands busy.",quitting,5
R_3LZSl6PaL6s21ta,Take a deep breath. Focus on today and the things you have accomplished. How many urges have you let pass? Give yourself some credit!,quitting,5
R_3LZSl6PaL6s21ta,Try chewing gum if you have trouble resisting smoking when other people light up around you.,quitting,5
R_3LZSl6PaL6s21ta,Keep picturing yourself getting home later today knowing that you've gained a smoke-free day. It's nearly a reality!,quitting,5
R_1P0JC5vXBXu7qsw,"Instead of smoking, keep your fingers busy by scrolling through your phone.",quitting,5
R_YSqVRffx3jVGTHr,"Picture the people or things you care deeply about. On a scale of 0-10, how willing are you to let this urge pass for those reasons?",quitting,4
R_1P0JC5vXBXu7qsw,"Stress is temporary. It comes and goes like passing clouds in the sky. When stress demands you to light up, remember you can let it pass by without smoking.",quitting,5
R_1P0JC5vXBXu7qsw,Keep picturing yourself getting home later today knowing that you've gained a smoke-free day. It's nearly a reality!,quitting,5
R_YSqVRffx3jVGTHr,Stop! Breathe. What is going on around you? Inside you? Allow everything to be just as it is. Breathe again.,quitting,3
R_DwKx5csKPfJ7qUh,"Think about times in the past when you have let urges pass during a stressful moment, and notice what helped make that moment easier.",quitting,5
R_sC0QUFDMAWehkS5,"To help get through a 'risky situation', remind yourself of how far you've come and the effort that you've put in. Don't ruin your hard work - stay strong!",quitting,5
R_2CKhUP7XjrnmiCb,"To help get through a 'risky situation', remind yourself of how far you've come and the effort that you've put in. Don't ruin your hard work - stay strong!",quitting,4
R_2CKhUP7XjrnmiCb,Take a deep breath and let it out slowly. Notice that you are completely OK for this one breath. Do it again.,quitting,3
R_sC0QUFDMAWehkS5,Take a deep breath. Focus on today and the things you have accomplished. How many urges have you let pass? Give yourself some credit!,quitting,5
R_2RRpmlLMjgGXowQ,"If you have trouble resisting a craving when other smokers are around, try carrying a water bottle and taking a sip every time you want to ask for a cig.",quitting,5
R_2TAkxIhQQ1K2kKb,"Notice what is triggering your urge. Have understanding and kindness for yourself for feeling this urge. It isn't easy, but can you choose to let it be there without smoking?",quitting,5
R_sC0QUFDMAWehkS5,Pause and take 5 slow breaths. Pausing just for a moment breaks the automatic habit of reaching for a smoke.,quitting,3
R_2TAkxIhQQ1K2kKb,"Think about times in the past when you have let urges pass during a stressful moment, and notice what helped make that moment easier.",quitting,4
R_2RRpmlLMjgGXowQ,You don’t need to get rid of or change your thoughts about smoking—just let them pass by like a cloud in the sky.,quitting,4
R_2TAkxIhQQ1K2kKb,"Instead of smoking, keep your fingers busy by scrolling through your phone.",quitting,5
R_3sB4F7dfT1MpVPK,Pause and take 5 slow breaths. Pausing just for a moment breaks the automatic habit of reaching for a smoke.,quitting,5
R_2TAkxIhQQ1K2kKb,"Picture the people or things you care deeply about. On a scale of 0-10, how willing are you to let this urge pass for those reasons?",quitting,4
R_2TAkxIhQQ1K2kKb,"Tell yourself, “I am going to quit smoking soon.” Say it out loud. Say to yourself, “I am too strong to continue smoking for the rest of my life.""",quitting,5
R_9nRwImVX1vIl1Lz,"Think about times in the past when you have let urges pass during a stressful moment, and notice what helped make that moment easier.",quitting,3
R_3oMlHDYNS7qjrv0,Craving a cig? Plan a fun activity you can do when you get home as a reward for not smoking.,quitting,5
R_ZIxAlCoJeIjNicF,What can you do right now to break the automatic habit of smoking to help you feel better? Pause. Close your eyes. And take 10 slow breaths.,quitting,5
R_9nRwImVX1vIl1Lz,"Instead of smoking, keep your fingers busy by scrolling through your phone.",quitting,5
R_2TAkxIhQQ1K2kKb,You don’t need to get rid of or change your thoughts about smoking—just let them pass by like a cloud in the sky.,quitting,1
R_3oMlHDYNS7qjrv0,"You don't have to act on this feeling by smoking or doing anything about it. Give it some space, breathe, and see if it changes. Let the urge and feeling be there while you focus on doing something you care about.",quitting,5
R_1r6T6TGhL5Skoum,"Just because letting an urge pass isn't easy, doesn't mean that you can't do it. Try it, you might surprise yourself.",quitting,3
R_2dKLJ1c0ag7Kj74,Take a deep breath and let it out slowly. Notice that you are completely OK for this one breath. Do it again.,quitting,2
R_1r6T6TGhL5Skoum,"When you notice yourself trapped in stressful thoughts or worry, say out loud, ""I'm noticing that I'm having some worrisome thoughts."" This helps unhook you from your thoughts so you don't stay caught in them.",quitting,2
R_31yAQ1GCGjcYECK,"To keep on track, small changes can really help. For example, keep a list of quit reasons where you used to keep cigarettes, rearrange your living space, or grab some extra pens to fiddle with to keep your hands busy.",quitting,4
R_2dKLJ1c0ag7Kj74,Take a deep breath. Focus on today and the things you have accomplished. How many urges have you let pass? Give yourself some credit!,quitting,5
R_214xgyW6yDCmLVE,"To help get through a 'risky situation', remind yourself of how far you've come and the effort that you've put in. Don't ruin your hard work - stay strong!",quitting,4
R_214xgyW6yDCmLVE,"Notice what is triggering your urge. Have understanding and kindness for yourself for feeling this urge. It isn't easy, but can you choose to let it be there without smoking?",quitting,3
R_3KCJ41qoCrzI4Cw,"When you notice yourself trapped in stressful thoughts or worry, say out loud, ""I'm noticing that I'm having some worrisome thoughts."" This helps unhook you from your thoughts so you don't stay caught in them.",quitting,5
R_3KpigFoEHllOztA,Try chewing gum if you have trouble resisting smoking when other people light up around you.,quitting,5
R_3KpigFoEHllOztA,"When you notice yourself trapped in stressful thoughts or worry, say out loud, ""I'm noticing that I'm having some worrisome thoughts."" This helps unhook you from your thoughts so you don't stay caught in them.",quitting,5
R_eeoRDsfUd94L8Ln,"You don't have to act on this feeling by smoking or doing anything about it. Give it some space, breathe, and see if it changes. Let the urge and feeling be there while you focus on doing something you care about.",quitting,3
R_eeoRDsfUd94L8Ln,"When you notice yourself trapped in stressful thoughts or worry, say out loud, ""I'm noticing that I'm having some worrisome thoughts."" This helps unhook you from your thoughts so you don't stay caught in them.",quitting,4
R_1OGJQJib5PQag6L,"Think about times in the past when you have let urges pass during a stressful moment, and notice what helped make that moment easier.",quitting,3
R_1OGJQJib5PQag6L,"When you notice yourself trapped in stressful thoughts or worry, say out loud, ""I'm noticing that I'm having some worrisome thoughts."" This helps unhook you from your thoughts so you don't stay caught in them.",quitting,5
R_3KCJ41qoCrzI4Cw,"Life can get you really stressed out, but turning to cigs isn't the answer. Call or text family and friends instead. Ask them to help you stay on track.",quitting,5
R_2xCWMKetnQTbHhS,"To keep on track, small changes can really help. For example, keep a list of quit reasons where you used to keep cigarettes, rearrange your living space, or grab some extra pens to fiddle with to keep your hands busy.",quitting,5
R_2xCWMKetnQTbHhS,"Just because letting an urge pass isn't easy, doesn't mean that you can't do it. Try it, you might surprise yourself.",quitting,3
R_2xCWMKetnQTbHhS,"Have confidence in knowing that you can have this urge, choose not to smoke, be okay, and choose to do things that matter most to you.",quitting,4
R_eeoRDsfUd94L8Ln,Craving a cig? Plan a fun activity you can do when you get home as a reward for not smoking.,quitting,1
R_2D5eAUdJrz9ljRo,"Try to avoid seeing other people smoke. It might sound basic but brain see, brain want! If you can, make life easier and avoid the people you used to smoke with for some time where possible.",quitting,5
R_3p5tv5AOzLSkjxE,You don’t need to get rid of or change your thoughts about smoking—just let them pass by like a cloud in the sky.,quitting,1
R_2xCWMKetnQTbHhS,"Stress is temporary. It comes and goes like passing clouds in the sky. When stress demands you to light up, remember you can let it pass by without smoking.",quitting,5
R_2D5eAUdJrz9ljRo,"Picture the people or things you care deeply about. On a scale of 0-10, how willing are you to let this urge pass for those reasons?",quitting,3
R_1DO5uW1wPiGe750,"Instead of smoking, keep your fingers busy by scrolling through your phone.",quitting,5
R_1DO5uW1wPiGe750,"Instead of smoking, use the next two minutes to pay close attention to your senses. Notice what you see, hear, feel, taste, and smell. Urges are just one part of your experience.",quitting,1
R_3p5tv5AOzLSkjxE,"If you have trouble resisting a craving when other smokers are around, try carrying a water bottle and taking a sip every time you want to ask for a cig.",quitting,3
R_2D5eAUdJrz9ljRo,Stop! Breathe. What is going on around you? Inside you? Allow everything to be just as it is. Breathe again.,quitting,3
R_1DO5uW1wPiGe750,"Have confidence in knowing that you can have this urge, choose not to smoke, be okay, and choose to do things that matter most to you.",quitting,1
R_3p5tv5AOzLSkjxE,"Just because letting an urge pass isn't easy, doesn't mean that you can't do it. Try it, you might surprise yourself.",quitting,4
R_3p5tv5AOzLSkjxE,"When your mind tells you that you will be less stressed after smoking a cigarette, remember that you don't have to listen to that thought. It's just a thought and nothing more.",quitting,3
R_2aFQUBYU4fG1WCS,"Notice what is triggering your urge. Have understanding and kindness for yourself for feeling this urge. It isn't easy, but can you choose to let it be there without smoking?",quitting,4
R_2aFQUBYU4fG1WCS,"Are you feeling down because you are thinking of smoking? It's really important to be kind to yourself, and to make sure you give yourself praise too!",quitting,5
R_2aFQUBYU4fG1WCS,Try chewing gum if you have trouble resisting smoking when other people light up around you.,quitting,5
R_2aFQUBYU4fG1WCS,"Just because letting an urge pass isn't easy, doesn't mean that you can't do it. Try it, you might surprise yourself.",quitting,5
R_3e982vYopcufMzA,"Think about times in the past when you have let urges pass during a stressful moment, and notice what helped make that moment easier.",quitting,3
R_3e982vYopcufMzA,"Notice what is triggering your urge. Have understanding and kindness for yourself for feeling this urge. It isn't easy, but can you choose to let it be there without smoking?",quitting,1
R_3e982vYopcufMzA,Take a deep breath. Focus on today and the things you have accomplished. How many urges have you let pass? Give yourself some credit!,quitting,3
R_2aFQUBYU4fG1WCS,"When your mind tells you that you will be less stressed after smoking a cigarette, remember that you don't have to listen to that thought. It's just a thought and nothing more.",quitting,2
R_QcZ397s04VIIIaB,"When you notice yourself trapped in stressful thoughts or worry, say out loud, ""I'm noticing that I'm having some worrisome thoughts."" This helps unhook you from your thoughts so you don't stay caught in them.",quitting,5
R_3e982vYopcufMzA,"Picture the people or things you care deeply about. On a scale of 0-10, how willing are you to let this urge pass for those reasons?",quitting,3
R_QcZ397s04VIIIaB,Take a deep breath. Focus on today and the things you have accomplished. How many urges have you let pass? Give yourself some credit!,quitting,4
R_QcZ397s04VIIIaB,"Tell yourself, “I am going to quit smoking soon.” Say it out loud. Say to yourself, “I am too strong to continue smoking for the rest of my life.""",quitting,5
R_ulhYfRjXleGLnFf,"If leaving social situations to avoid smokers feels awkward, make sure you have something to do instead - take sugar free mints, lollipops or low fat snacks to chew, or use a stress ball.",quitting,1
R_QcZ397s04VIIIaB,"Try to avoid seeing other people smoke. It might sound basic but brain see, brain want! If you can, make life easier and avoid the people you used to smoke with for some time where possible.",quitting,5
R_ulhYfRjXleGLnFf,"Ask yourself, ""From 0-10, how willing am I to let this urge pass without smoking?"" Let it pass to be closer to the things that matter most to you.",quitting,4
R_ulhYfRjXleGLnFf,"When your mind tells you that you will be less stressed after smoking a cigarette, remember that you don't have to listen to that thought. It's just a thought and nothing more.",quitting,5
R_324x8C5qA1KSQnk,"Picture the people or things you care deeply about. On a scale of 0-10, how willing are you to let this urge pass for those reasons?",quitting,3
R_2dGZLRLdzQOUyAt,"Try to avoid seeing other people smoke. It might sound basic but brain see, brain want! If you can, make life easier and avoid the people you used to smoke with for some time where possible.",quitting,2
R_324x8C5qA1KSQnk,Take a deep breath. Focus on today and the things you have accomplished. How many urges have you let pass? Give yourself some credit!,quitting,3
R_2dGZLRLdzQOUyAt,"Each time you choose to not smoke after seeing someone else light up, you lessen the habit a little more.",quitting,3
R_2dGZLRLdzQOUyAt,"Instead of smoking, keep your fingers busy by scrolling through your phone.",quitting,3
R_ZIxAlCoJeIjNicF,"Are you feeling down because you are thinking of smoking? It's really important to be kind to yourself, and to make sure you give yourself praise too!",quitting,5
R_1qfHfv9YPgooAYU,"Think about times in the past when you have let urges pass during a stressful moment, and notice what helped make that moment easier.",quitting,3
R_1qfHfv9YPgooAYU,Pause and take 5 slow breaths. Pausing just for a moment breaks the automatic habit of reaching for a smoke.,quitting,1
R_3korBxVN9OVSKuB,Take a deep breath and let it out slowly. Notice that you are completely OK for this one breath. Do it again.,quitting,4
R_3korBxVN9OVSKuB,"Notice what is triggering your urge. Have understanding and kindness for yourself for feeling this urge. It isn't easy, but can you choose to let it be there without smoking?",quitting,3
R_2dGZLRLdzQOUyAt,"If leaving social situations to avoid smokers feels awkward, make sure you have something to do instead - take sugar free mints, lollipops or low fat snacks to chew, or use a stress ball.",quitting,3
R_3p3HtZSt7tVTDzF,"Life can get you really stressed out, but turning to cigs isn't the answer. Call or text family and friends instead. Ask them to help you stay on track.",quitting,1
R_zfooO7wvXURPJMR,"Have confidence in knowing that you can have this urge, choose not to smoke, be okay, and choose to do things that matter most to you.",quitting,4
R_3p3HtZSt7tVTDzF,"Just because letting an urge pass isn't easy, doesn't mean that you can't do it. Try it, you might surprise yourself.",quitting,2
R_2TLhxI7m8vFOtSM,"Ask yourself, ""From 0-10, how willing am I to let this urge pass without smoking?"" Let it pass to be closer to the things that matter most to you.",content,5
R_3RdpC3AksevXjV3,Try chewing gum if you have trouble resisting smoking when other people light up around you.,content,4
R_2TLhxI7m8vFOtSM,"Life can get you really stressed out, but turning to cigs isn't the answer. Call or text family and friends instead. Ask them to help you stay on track.",content,5
R_1CsBI6n0sickaMf,"Try to avoid seeing other people smoke. It might sound basic but brain see, brain want! If you can, make life easier and avoid the people you used to smoke with for some time where possible.",content,3
R_3RdpC3AksevXjV3,Stop! Breathe. What is going on around you? Inside you? Allow everything to be just as it is. Breathe again.,content,4
R_3RdpC3AksevXjV3,Craving a cig? Plan a fun activity you can do when you get home as a reward for not smoking.,content,4
R_1CsBI6n0sickaMf,"Have confidence in knowing that you can have this urge, choose not to smoke, be okay, and choose to do things that matter most to you.",content,4
R_3iXqzrMBoirLzI3,"Each time you choose to not smoke after seeing someone else light up, you lessen the habit a little more.",content,3
R_3iXqzrMBoirLzI3,"Have confidence in knowing that you can have this urge, choose not to smoke, be okay, and choose to do things that matter most to you.",content,5
R_3iXqzrMBoirLzI3,Take a deep breath. Focus on today and the things you have accomplished. How many urges have you let pass? Give yourself some credit!,content,4
R_1FIAY0n0YUhZ8qj,"Instead of smoking, keep your fingers busy by scrolling through your phone.",content,3
R_1FIAY0n0YUhZ8qj,Stop! Breathe. What is going on around you? Inside you? Allow everything to be just as it is. Breathe again.,content,3
R_1jJ7gWFgCCJECio,You don’t need to get rid of or change your thoughts about smoking—just let them pass by like a cloud in the sky.,content,4
R_1jJ7gWFgCCJECio,"Are you feeling down because you are thinking of smoking? It's really important to be kind to yourself, and to make sure you give yourself praise too!",content,3
R_1jJ7gWFgCCJECio,"Tell yourself, “I am going to quit smoking soon.” Say it out loud. Say to yourself, “I am too strong to continue smoking for the rest of my life.""",content,5
R_1jJ7gWFgCCJECio,"To keep on track, small changes can really help. For example, keep a list of quit reasons where you used to keep cigarettes, rearrange your living space, or grab some extra pens to fiddle with to keep your hands busy.",content,4
R_1P0oczpTJACNgTu,"To keep on track, small changes can really help. For example, keep a list of quit reasons where you used to keep cigarettes, rearrange your living space, or grab some extra pens to fiddle with to keep your hands busy.",content,1
R_1P0oczpTJACNgTu,"Instead of smoking, keep your fingers busy by scrolling through your phone.",content,3
R_1NrGB4f0oxbF9dB,"Try to avoid seeing other people smoke. It might sound basic but brain see, brain want! If you can, make life easier and avoid the people you used to smoke with for some time where possible.",content,5
R_1P0oczpTJACNgTu,"Tell yourself, “I am going to quit smoking soon.” Say it out loud. Say to yourself, “I am too strong to continue smoking for the rest of my life.""",content,3
R_1NrGB4f0oxbF9dB,What can you do right now to break the automatic habit of smoking to help you feel better? Pause. Close your eyes. And take 10 slow breaths.,content,5
R_1NrGB4f0oxbF9dB,Pause and take 5 slow breaths. Pausing just for a moment breaks the automatic habit of reaching for a smoke.,content,5
R_1FIAY0n0YUhZ8qj,"When your mind tells you that you will be less stressed after smoking a cigarette, remember that you don't have to listen to that thought. It's just a thought and nothing more.",content,3
R_Uzk0AyJkisH4VgJ,"When your mind tells you that you will be less stressed after smoking a cigarette, remember that you don't have to listen to that thought. It's just a thought and nothing more.",content,3
R_Uzk0AyJkisH4VgJ,You don’t need to get rid of or change your thoughts about smoking—just let them pass by like a cloud in the sky.,content,3
R_2B3VWlCR2CLiZVA,"Stress is temporary. It comes and goes like passing clouds in the sky. When stress demands you to light up, remember you can let it pass by without smoking.",content,4
R_1IEhFJEEO3AovIB,You don’t need to get rid of or change your thoughts about smoking—just let them pass by like a cloud in the sky.,content,2
R_2slOAXD2vKd78bv,"Think about times in the past when you have let urges pass during a stressful moment, and notice what helped make that moment easier.",content,5
R_2PBQT9n6oKAcXSA,"If you have trouble resisting a craving when other smokers are around, try carrying a water bottle and taking a sip every time you want to ask for a cig.",content,3
R_2B3VWlCR2CLiZVA,"When your mind tells you that you will be less stressed after smoking a cigarette, remember that you don't have to listen to that thought. It's just a thought and nothing more.",content,2
R_3O0Uk2yBlfPpJ8d,Keep picturing yourself getting home later today knowing that you've gained a smoke-free day. It's nearly a reality!,content,5
R_1lrEGL7SbqIoxZL,"Tell yourself, “I am going to quit smoking soon.” Say it out loud. Say to yourself, “I am too strong to continue smoking for the rest of my life.""",content,4
R_3O0Uk2yBlfPpJ8d,"Instead of smoking, keep your fingers busy by scrolling through your phone.",content,5
R_2slOAXD2vKd78bv,"Instead of smoking, keep your fingers busy by scrolling through your phone.",content,5
R_2mLgm3ND8fQh2cV,"To help get through a 'risky situation', remind yourself of how far you've come and the effort that you've put in. Don't ruin your hard work - stay strong!",content,2
R_ThjMPFNDnRudi4F,What can you do right now to break the automatic habit of smoking to help you feel better? Pause. Close your eyes. And take 10 slow breaths.,content,5
R_ThjMPFNDnRudi4F,"Picture the people or things you care deeply about. On a scale of 0-10, how willing are you to let this urge pass for those reasons?",content,5
R_1LheFLgdNhZk1kA,Keep picturing yourself getting home later today knowing that you've gained a smoke-free day. It's nearly a reality!,content,4
R_1rHeHtccIYUu1bq,Take a deep breath and let it out slowly. Notice that you are completely OK for this one breath. Do it again.,content,2
R_1rHeHtccIYUu1bq,"Instead of smoking, keep your fingers busy by scrolling through your phone.",content,1
R_1rHeHtccIYUu1bq,"Tell yourself, “I am going to quit smoking soon.” Say it out loud. Say to yourself, “I am too strong to continue smoking for the rest of my life.""",content,3
R_1LheFLgdNhZk1kA,"Instead of smoking, use the next two minutes to pay close attention to your senses. Notice what you see, hear, feel, taste, and smell. Urges are just one part of your experience.",content,3
R_1LheFLgdNhZk1kA,Take a deep breath. Focus on today and the things you have accomplished. How many urges have you let pass? Give yourself some credit!,content,4
R_z1mUxVN8eA6R7Ut,Take a deep breath. Focus on today and the things you have accomplished. How many urges have you let pass? Give yourself some credit!,content,3
R_3VibJ58gSES3NNn,Pause and take 5 slow breaths. Pausing just for a moment breaks the automatic habit of reaching for a smoke.,content,4
R_3Matzl9c3RQUXt4,"You don't have to act on this feeling by smoking or doing anything about it. Give it some space, breathe, and see if it changes. Let the urge and feeling be there while you focus on doing something you care about.",content,3
R_3Matzl9c3RQUXt4,Keep picturing yourself getting home later today knowing that you've gained a smoke-free day. It's nearly a reality!,content,4
R_3VibJ58gSES3NNn,"Instead of smoking, use the next two minutes to pay close attention to your senses. Notice what you see, hear, feel, taste, and smell. Urges are just one part of your experience.",content,4
R_3Matzl9c3RQUXt4,"If you have trouble resisting a craving when other smokers are around, try carrying a water bottle and taking a sip every time you want to ask for a cig.",content,5
R_3Matzl9c3RQUXt4,Take a deep breath. Focus on today and the things you have accomplished. How many urges have you let pass? Give yourself some credit!,content,4
R_ZrsDNbJydm2C4Jr,"Instead of smoking, keep your fingers busy by scrolling through your phone.",content,3
R_ZrsDNbJydm2C4Jr,"You don't have to act on this feeling by smoking or doing anything about it. Give it some space, breathe, and see if it changes. Let the urge and feeling be there while you focus on doing something you care about.",content,4
R_1Fbqbnf6dLMy4tn,"Instead of smoking, keep your fingers busy by scrolling through your phone.",content,4
R_3Matzl9c3RQUXt4,"Just because letting an urge pass isn't easy, doesn't mean that you can't do it. Try it, you might surprise yourself.",content,5
R_1Fbqbnf6dLMy4tn,Try chewing gum if you have trouble resisting smoking when other people light up around you.,content,3
R_1Fbqbnf6dLMy4tn,"Are you feeling down because you are thinking of smoking? It's really important to be kind to yourself, and to make sure you give yourself praise too!",content,4
R_1Fbqbnf6dLMy4tn,"Try to avoid seeing other people smoke. It might sound basic but brain see, brain want! If you can, make life easier and avoid the people you used to smoke with for some time where possible.",content,2
R_udANxFQbhOMyrrr,"Picture the people or things you care deeply about. On a scale of 0-10, how willing are you to let this urge pass for those reasons?",content,3
R_1Fbqbnf6dLMy4tn,Pause and take 5 slow breaths. Pausing just for a moment breaks the automatic habit of reaching for a smoke.,content,5
R_ddqI4krc2dw6wX7,"To help get through a 'risky situation', remind yourself of how far you've come and the effort that you've put in. Don't ruin your hard work - stay strong!",content,5
R_9QCagB11uqmXtMB,"Picture the people or things you care deeply about. On a scale of 0-10, how willing are you to let this urge pass for those reasons?",content,3
R_ddqI4krc2dw6wX7,"To keep on track, small changes can really help. For example, keep a list of quit reasons where you used to keep cigarettes, rearrange your living space, or grab some extra pens to fiddle with to keep your hands busy.",content,4
R_ypzX7ic0obI1ZOp,"Tell yourself, “I am going to quit smoking soon.” Say it out loud. Say to yourself, “I am too strong to continue smoking for the rest of my life.""",content,5
R_2EtsWpbAEibZktI,What can you do right now to break the automatic habit of smoking to help you feel better? Pause. Close your eyes. And take 10 slow breaths.,content,4
R_2EtsWpbAEibZktI,"When your mind tells you that you will be less stressed after smoking a cigarette, remember that you don't have to listen to that thought. It's just a thought and nothing more.",content,4
R_ddqI4krc2dw6wX7,Craving a cig? Plan a fun activity you can do when you get home as a reward for not smoking.,content,4
R_9QCagB11uqmXtMB,"Instead of smoking, use the next two minutes to pay close attention to your senses. Notice what you see, hear, feel, taste, and smell. Urges are just one part of your experience.",content,4
R_9QCagB11uqmXtMB,"If you have trouble resisting a craving when other smokers are around, try carrying a water bottle and taking a sip every time you want to ask for a cig.",content,4
R_9QCagB11uqmXtMB,"To keep on track, small changes can really help. For example, keep a list of quit reasons where you used to keep cigarettes, rearrange your living space, or grab some extra pens to fiddle with to keep your hands busy.",content,4
R_1LcUKccxzjxAb5y,Take a deep breath. Focus on today and the things you have accomplished. How many urges have you let pass? Give yourself some credit!,content,5
R_1MJS8JtYhdp36EW,"Try to avoid seeing other people smoke. It might sound basic but brain see, brain want! If you can, make life easier and avoid the people you used to smoke with for some time where possible.",content,3
R_1MJS8JtYhdp36EW,Stop! Breathe. What is going on around you? Inside you? Allow everything to be just as it is. Breathe again.,content,4
R_1LcUKccxzjxAb5y,"Instead of smoking, use the next two minutes to pay close attention to your senses. Notice what you see, hear, feel, taste, and smell. Urges are just one part of your experience.",content,2
R_1LcUKccxzjxAb5y,"Have confidence in knowing that you can have this urge, choose not to smoke, be okay, and choose to do things that matter most to you.",content,5
R_1M01cLnmxZSOivi,"Each time you choose to not smoke after seeing someone else light up, you lessen the habit a little more.",content,5
R_2aIvTcmiow4EtsN,"Have confidence in knowing that you can have this urge, choose not to smoke, be okay, and choose to do things that matter most to you.",content,2
R_30l3R10aOCVGe5w,"To keep on track, small changes can really help. For example, keep a list of quit reasons where you used to keep cigarettes, rearrange your living space, or grab some extra pens to fiddle with to keep your hands busy.",content,5
R_2wn1SLP3ekGoOSw,"When you notice yourself trapped in stressful thoughts or worry, say out loud, ""I'm noticing that I'm having some worrisome thoughts."" This helps unhook you from your thoughts so you don't stay caught in them.",content,5
R_2aIvTcmiow4EtsN,"Instead of smoking, use the next two minutes to pay close attention to your senses. Notice what you see, hear, feel, taste, and smell. Urges are just one part of your experience.",content,3
R_30l3R10aOCVGe5w,"If you have trouble resisting a craving when other smokers are around, try carrying a water bottle and taking a sip every time you want to ask for a cig.",content,4
R_2hJAKbiGgSIIvux,"If you have trouble resisting a craving when other smokers are around, try carrying a water bottle and taking a sip every time you want to ask for a cig.",content,5
R_2hJAKbiGgSIIvux,"Notice what is triggering your urge. Have understanding and kindness for yourself for feeling this urge. It isn't easy, but can you choose to let it be there without smoking?",content,5
R_30l3R10aOCVGe5w,"Tell yourself, “I am going to quit smoking soon.” Say it out loud. Say to yourself, “I am too strong to continue smoking for the rest of my life.""",content,4
R_2xS1ZxFMCNBndN0,"Instead of smoking, use the next two minutes to pay close attention to your senses. Notice what you see, hear, feel, taste, and smell. Urges are just one part of your experience.",content,5
R_27DJFH0whD8lucv,"When your mind tells you that you will be less stressed after smoking a cigarette, remember that you don't have to listen to that thought. It's just a thought and nothing more.",content,5
R_A5SrtEB9WH4MqMp,"Try to avoid seeing other people smoke. It might sound basic but brain see, brain want! If you can, make life easier and avoid the people you used to smoke with for some time where possible.",content,4
R_A5SrtEB9WH4MqMp,Stop! Breathe. What is going on around you? Inside you? Allow everything to be just as it is. Breathe again.,content,4
R_27DJFH0whD8lucv,"Think about times in the past when you have let urges pass during a stressful moment, and notice what helped make that moment easier.",content,5
R_A5SrtEB9WH4MqMp,"Have confidence in knowing that you can have this urge, choose not to smoke, be okay, and choose to do things that matter most to you.",content,2
R_A5SrtEB9WH4MqMp,Take a deep breath and let it out slowly. Notice that you are completely OK for this one breath. Do it again.,content,3
R_A5SrtEB9WH4MqMp,"When your mind tells you that you will be less stressed after smoking a cigarette, remember that you don't have to listen to that thought. It's just a thought and nothing more.",content,3
R_sjRaT0GEpLySTwl,Take a deep breath and let it out slowly. Notice that you are completely OK for this one breath. Do it again.,content,5
R_sjRaT0GEpLySTwl,"Picture the people or things you care deeply about. On a scale of 0-10, how willing are you to let this urge pass for those reasons?",content,5
R_2QWcjBtboYh3Ak5,What can you do right now to break the automatic habit of smoking to help you feel better? Pause. Close your eyes. And take 10 slow breaths.,content,4
R_2q3n28BIAEykB1r,"If you have trouble resisting a craving when other smokers are around, try carrying a water bottle and taking a sip every time you want to ask for a cig.",content,5
R_2VQHk5jScvQlebK,What can you do right now to break the automatic habit of smoking to help you feel better? Pause. Close your eyes. And take 10 slow breaths.,content,3
R_PHxxPmpTAyXYltn,"Just because letting an urge pass isn't easy, doesn't mean that you can't do it. Try it, you might surprise yourself.",content,2
R_2q3n28BIAEykB1r,"Try to avoid seeing other people smoke. It might sound basic but brain see, brain want! If you can, make life easier and avoid the people you used to smoke with for some time where possible.",content,4
R_2q3n28BIAEykB1r,Take a deep breath. Focus on today and the things you have accomplished. How many urges have you let pass? Give yourself some credit!,content,4
R_2q3n28BIAEykB1r,What can you do right now to break the automatic habit of smoking to help you feel better? Pause. Close your eyes. And take 10 slow breaths.,content,2
R_WD8Xnns8UZBfaSd,Pause and take 5 slow breaths. Pausing just for a moment breaks the automatic habit of reaching for a smoke.,content,5
R_WD8Xnns8UZBfaSd,Craving a cig? Plan a fun activity you can do when you get home as a reward for not smoking.,content,5
R_WD8Xnns8UZBfaSd,"Instead of smoking, keep your fingers busy by scrolling through your phone.",content,5
R_WD8Xnns8UZBfaSd,Try chewing gum if you have trouble resisting smoking when other people light up around you.,content,5
R_2ANmmam6glhzevO,"To keep on track, small changes can really help. For example, keep a list of quit reasons where you used to keep cigarettes, rearrange your living space, or grab some extra pens to fiddle with to keep your hands busy.",content,5
R_2ANmmam6glhzevO,"If leaving social situations to avoid smokers feels awkward, make sure you have something to do instead - take sugar free mints, lollipops or low fat snacks to chew, or use a stress ball.",content,4
R_2ANmmam6glhzevO,"Tell yourself, “I am going to quit smoking soon.” Say it out loud. Say to yourself, “I am too strong to continue smoking for the rest of my life.""",content,4
R_6X4Tvyh6UHRAfyV,"To help get through a 'risky situation', remind yourself of how far you've come and the effort that you've put in. Don't ruin your hard work - stay strong!",content,5
R_2VQHk5jScvQlebK,Pause and take 5 slow breaths. Pausing just for a moment breaks the automatic habit of reaching for a smoke.,content,3
R_6X4Tvyh6UHRAfyV,"Just because letting an urge pass isn't easy, doesn't mean that you can't do it. Try it, you might surprise yourself.",content,5
R_sjRaT0GEpLySTwl,"Tell yourself, “I am going to quit smoking soon.” Say it out loud. Say to yourself, “I am too strong to continue smoking for the rest of my life.""",content,5
R_3ExPCGeioFxwyAb,"Instead of smoking, use the next two minutes to pay close attention to your senses. Notice what you see, hear, feel, taste, and smell. Urges are just one part of your experience.",content,4
R_3ExPCGeioFxwyAb,"If leaving social situations to avoid smokers feels awkward, make sure you have something to do instead - take sugar free mints, lollipops or low fat snacks to chew, or use a stress ball.",content,5
R_uz9k0k0tnfVxXnr,"When your mind tells you that you will be less stressed after smoking a cigarette, remember that you don't have to listen to that thought. It's just a thought and nothing more.",content,5
R_3Old3ne64pjZMhR,What can you do right now to break the automatic habit of smoking to help you feel better? Pause. Close your eyes. And take 10 slow breaths.,content,4
R_1lieuGdN9qSzQWj,"Picture the people or things you care deeply about. On a scale of 0-10, how willing are you to let this urge pass for those reasons?",content,5
R_1lieuGdN9qSzQWj,"Each time you choose to not smoke after seeing someone else light up, you lessen the habit a little more.",content,5
R_3Old3ne64pjZMhR,"If you have trouble resisting a craving when other smokers are around, try carrying a water bottle and taking a sip every time you want to ask for a cig.",content,4
R_uz9k0k0tnfVxXnr,"If leaving social situations to avoid smokers feels awkward, make sure you have something to do instead - take sugar free mints, lollipops or low fat snacks to chew, or use a stress ball.",content,5
R_1lieuGdN9qSzQWj,"You don't have to act on this feeling by smoking or doing anything about it. Give it some space, breathe, and see if it changes. Let the urge and feeling be there while you focus on doing something you care about.",content,5
R_WD8Xnns8UZBfaSd,"Each time you choose to not smoke after seeing someone else light up, you lessen the habit a little more.",content,5
R_2t4J3K6lDaCCRTU,What can you do right now to break the automatic habit of smoking to help you feel better? Pause. Close your eyes. And take 10 slow breaths.,content,5
R_2t4J3K6lDaCCRTU,"Have confidence in knowing that you can have this urge, choose not to smoke, be okay, and choose to do things that matter most to you.",content,5
R_2t4J3K6lDaCCRTU,"If leaving social situations to avoid smokers feels awkward, make sure you have something to do instead - take sugar free mints, lollipops or low fat snacks to chew, or use a stress ball.",content,5
R_2t4J3K6lDaCCRTU,"When you notice yourself trapped in stressful thoughts or worry, say out loud, ""I'm noticing that I'm having some worrisome thoughts."" This helps unhook you from your thoughts so you don't stay caught in them.",content,5
R_2t4J3K6lDaCCRTU,Pause and take 5 slow breaths. Pausing just for a moment breaks the automatic habit of reaching for a smoke.,content,5
R_3PRLOS6qU0lddMs,Keep picturing yourself getting home later today knowing that you've gained a smoke-free day. It's nearly a reality!,content,4
R_1lieuGdN9qSzQWj,"Ask yourself, ""From 0-10, how willing am I to let this urge pass without smoking?"" Let it pass to be closer to the things that matter most to you.",content,5
R_3PRLOS6qU0lddMs,"Instead of smoking, keep your fingers busy by scrolling through your phone.",content,4
R_3PRLOS6qU0lddMs,You don’t need to get rid of or change your thoughts about smoking—just let them pass by like a cloud in the sky.,content,4
R_3PRLOS6qU0lddMs,"To keep on track, small changes can really help. For example, keep a list of quit reasons where you used to keep cigarettes, rearrange your living space, or grab some extra pens to fiddle with to keep your hands busy.",content,4
R_BXS3k87bIDHXMOJ,Keep picturing yourself getting home later today knowing that you've gained a smoke-free day. It's nearly a reality!,content,5
R_8Gm4PIZJeorKjwR,"Each time you choose to not smoke after seeing someone else light up, you lessen the habit a little more.",content,4
R_8Gm4PIZJeorKjwR,"Life can get you really stressed out, but turning to cigs isn't the answer. Call or text family and friends instead. Ask them to help you stay on track.",content,4
R_2zMeTFlURNN8JIW,Craving a cig? Plan a fun activity you can do when you get home as a reward for not smoking.,content,4
R_2zMeTFlURNN8JIW,"Life can get you really stressed out, but turning to cigs isn't the answer. Call or text family and friends instead. Ask them to help you stay on track.",content,4
R_8Gm4PIZJeorKjwR,Keep picturing yourself getting home later today knowing that you've gained a smoke-free day. It's nearly a reality!,content,4
R_8Gm4PIZJeorKjwR,Take a deep breath. Focus on today and the things you have accomplished. How many urges have you let pass? Give yourself some credit!,content,4
R_2zMeTFlURNN8JIW,"Ask yourself, ""From 0-10, how willing am I to let this urge pass without smoking?"" Let it pass to be closer to the things that matter most to you.",content,5
R_1i5xawGdcYZxTq1,What can you do right now to break the automatic habit of smoking to help you feel better? Pause. Close your eyes. And take 10 slow breaths.,content,4
R_1i5xawGdcYZxTq1,"Just because letting an urge pass isn't easy, doesn't mean that you can't do it. Try it, you might surprise yourself.",content,4
R_1i5xawGdcYZxTq1,"Try to avoid seeing other people smoke. It might sound basic but brain see, brain want! If you can, make life easier and avoid the people you used to smoke with for some time where possible.",content,4
R_20M5OkxYYP8lBbX,Pause and take 5 slow breaths. Pausing just for a moment breaks the automatic habit of reaching for a smoke.,content,5
R_AGqE7z6Gj26NxUl,"If leaving social situations to avoid smokers feels awkward, make sure you have something to do instead - take sugar free mints, lollipops or low fat snacks to chew, or use a stress ball.",content,4
R_20M5OkxYYP8lBbX,"When your mind tells you that you will be less stressed after smoking a cigarette, remember that you don't have to listen to that thought. It's just a thought and nothing more.",content,4
R_AGqE7z6Gj26NxUl,"Each time you choose to not smoke after seeing someone else light up, you lessen the habit a little more.",content,5
R_20M5OkxYYP8lBbX,"Instead of smoking, use the next two minutes to pay close attention to your senses. Notice what you see, hear, feel, taste, and smell. Urges are just one part of your experience.",content,5
R_1q9Rim7BuByZwyO,"Stress is temporary. It comes and goes like passing clouds in the sky. When stress demands you to light up, remember you can let it pass by without smoking.",content,5
R_20M5OkxYYP8lBbX,What can you do right now to break the automatic habit of smoking to help you feel better? Pause. Close your eyes. And take 10 slow breaths.,content,5
R_1q9Rim7BuByZwyO,"If leaving social situations to avoid smokers feels awkward, make sure you have something to do instead - take sugar free mints, lollipops or low fat snacks to chew, or use a stress ball.",content,4
R_32QljfPmjp0y9oP,"Instead of smoking, keep your fingers busy by scrolling through your phone.",content,4
R_12goR3q8H29V9wo,"Are you feeling down because you are thinking of smoking? It's really important to be kind to yourself, and to make sure you give yourself praise too!",content,5
R_1obFr0yWctWXGZp,"If leaving social situations to avoid smokers feels awkward, make sure you have something to do instead - take sugar free mints, lollipops or low fat snacks to chew, or use a stress ball.",content,4
R_1LG1SlUQdJOQXzg,Take a deep breath and let it out slowly. Notice that you are completely OK for this one breath. Do it again.,content,5
R_R4sQnvoUm005mEx,"Each time you choose to not smoke after seeing someone else light up, you lessen the habit a little more.",content,5
R_R4sQnvoUm005mEx,Take a deep breath. Focus on today and the things you have accomplished. How many urges have you let pass? Give yourself some credit!,content,4
R_1obFr0yWctWXGZp,"Tell yourself, “I am going to quit smoking soon.” Say it out loud. Say to yourself, “I am too strong to continue smoking for the rest of my life.""",content,3
R_UfNqx4ZNtpLPjGh,You don’t need to get rid of or change your thoughts about smoking—just let them pass by like a cloud in the sky.,content,2
R_2akLi8f3ekB0W5A,"Stress is temporary. It comes and goes like passing clouds in the sky. When stress demands you to light up, remember you can let it pass by without smoking.",content,4
R_2akLi8f3ekB0W5A,"Picture the people or things you care deeply about. On a scale of 0-10, how willing are you to let this urge pass for those reasons?",content,4
R_2s1GiahIIuFLBws,"Each time you choose to not smoke after seeing someone else light up, you lessen the habit a little more.",content,5
R_1PXijlEZI444JKq,"If leaving social situations to avoid smokers feels awkward, make sure you have something to do instead - take sugar free mints, lollipops or low fat snacks to chew, or use a stress ball.",content,4
R_2akLi8f3ekB0W5A,"Tell yourself, “I am going to quit smoking soon.” Say it out loud. Say to yourself, “I am too strong to continue smoking for the rest of my life.""",content,4
R_2s1GiahIIuFLBws,What can you do right now to break the automatic habit of smoking to help you feel better? Pause. Close your eyes. And take 10 slow breaths.,content,4
R_UfNqx4ZNtpLPjGh,"Instead of smoking, use the next two minutes to pay close attention to your senses. Notice what you see, hear, feel, taste, and smell. Urges are just one part of your experience.",content,4
R_1PTVOhQexSxePFM,"Just because letting an urge pass isn't easy, doesn't mean that you can't do it. Try it, you might surprise yourself.",content,4
R_2wLEOVbebzghPyp,"If you have trouble resisting a craving when other smokers are around, try carrying a water bottle and taking a sip every time you want to ask for a cig.",content,2
R_2s1GiahIIuFLBws,"Picture the people or things you care deeply about. On a scale of 0-10, how willing are you to let this urge pass for those reasons?",content,5
R_2wLEOVbebzghPyp,Keep picturing yourself getting home later today knowing that you've gained a smoke-free day. It's nearly a reality!,content,5
R_2YbN5gubGXzJndw,Stop! Breathe. What is going on around you? Inside you? Allow everything to be just as it is. Breathe again.,content,4
R_1PTVOhQexSxePFM,"Picture the people or things you care deeply about. On a scale of 0-10, how willing are you to let this urge pass for those reasons?",content,4
R_1PTVOhQexSxePFM,"Think about times in the past when you have let urges pass during a stressful moment, and notice what helped make that moment easier.",content,4
R_2f2t38YdAmanMyj,"You don't have to act on this feeling by smoking or doing anything about it. Give it some space, breathe, and see if it changes. Let the urge and feeling be there while you focus on doing something you care about.",content,4
R_1PTVOhQexSxePFM,"If you have trouble resisting a craving when other smokers are around, try carrying a water bottle and taking a sip every time you want to ask for a cig.",content,4
R_2f2t38YdAmanMyj,"If leaving social situations to avoid smokers feels awkward, make sure you have something to do instead - take sugar free mints, lollipops or low fat snacks to chew, or use a stress ball.",content,4
R_2f2t38YdAmanMyj,Take a deep breath and let it out slowly. Notice that you are completely OK for this one breath. Do it again.,content,3
R_1BS2nuFOswlOC2l,"When your mind tells you that you will be less stressed after smoking a cigarette, remember that you don't have to listen to that thought. It's just a thought and nothing more.",content,4
R_2SB2beGSkKtkj8R,"Picture the people or things you care deeply about. On a scale of 0-10, how willing are you to let this urge pass for those reasons?",content,4
R_2scgCkZ5nT43GPc,"Are you feeling down because you are thinking of smoking? It's really important to be kind to yourself, and to make sure you give yourself praise too!",content,5
R_2SB2beGSkKtkj8R,Try chewing gum if you have trouble resisting smoking when other people light up around you.,content,4
R_2wi55Y8Szv3A64a,Take a deep breath and let it out slowly. Notice that you are completely OK for this one breath. Do it again.,content,5
R_2wi55Y8Szv3A64a,"Notice what is triggering your urge. Have understanding and kindness for yourself for feeling this urge. It isn't easy, but can you choose to let it be there without smoking?",content,5
R_2SB2beGSkKtkj8R,"Tell yourself, “I am going to quit smoking soon.” Say it out loud. Say to yourself, “I am too strong to continue smoking for the rest of my life.""",content,5
R_2wi55Y8Szv3A64a,What can you do right now to break the automatic habit of smoking to help you feel better? Pause. Close your eyes. And take 10 slow breaths.,content,5
R_2wi55Y8Szv3A64a,"Instead of smoking, use the next two minutes to pay close attention to your senses. Notice what you see, hear, feel, taste, and smell. Urges are just one part of your experience.",content,5
R_2wi55Y8Szv3A64a,"Think about times in the past when you have let urges pass during a stressful moment, and notice what helped make that moment easier.",content,5
R_3gMhVykTKg9svb2,"Tell yourself, “I am going to quit smoking soon.” Say it out loud. Say to yourself, “I am too strong to continue smoking for the rest of my life.""",content,4
R_3gMhVykTKg9svb2,"Life can get you really stressed out, but turning to cigs isn't the answer. Call or text family and friends instead. Ask them to help you stay on track.",content,4
R_OdINEEhkfMxwJB7,Take a deep breath. Focus on today and the things you have accomplished. How many urges have you let pass? Give yourself some credit!,content,4
R_3j7Brs4OzZYgDDM,Take a deep breath. Focus on today and the things you have accomplished. How many urges have you let pass? Give yourself some credit!,content,4
R_3j7Brs4OzZYgDDM,"If leaving social situations to avoid smokers feels awkward, make sure you have something to do instead - take sugar free mints, lollipops or low fat snacks to chew, or use a stress ball.",content,4
R_3j7Brs4OzZYgDDM,"To keep on track, small changes can really help. For example, keep a list of quit reasons where you used to keep cigarettes, rearrange your living space, or grab some extra pens to fiddle with to keep your hands busy.",content,5
R_OdINEEhkfMxwJB7,"Try to avoid seeing other people smoke. It might sound basic but brain see, brain want! If you can, make life easier and avoid the people you used to smoke with for some time where possible.",content,5
R_3k6czszJzgX8ywq,"Each time you choose to not smoke after seeing someone else light up, you lessen the habit a little more.",content,3
R_DuiFYpo4a2NWuat,What can you do right now to break the automatic habit of smoking to help you feel better? Pause. Close your eyes. And take 10 slow breaths.,content,5
R_33BGkOxFCUVUO7H,"When your mind tells you that you will be less stressed after smoking a cigarette, remember that you don't have to listen to that thought. It's just a thought and nothing more.",content,4
R_3k6czszJzgX8ywq,You don’t need to get rid of or change your thoughts about smoking—just let them pass by like a cloud in the sky.,content,3
R_DuiFYpo4a2NWuat,"Notice what is triggering your urge. Have understanding and kindness for yourself for feeling this urge. It isn't easy, but can you choose to let it be there without smoking?",content,5
R_3k6czszJzgX8ywq,"Notice what is triggering your urge. Have understanding and kindness for yourself for feeling this urge. It isn't easy, but can you choose to let it be there without smoking?",content,4
R_33BGkOxFCUVUO7H,Take a deep breath. Focus on today and the things you have accomplished. How many urges have you let pass? Give yourself some credit!,content,5
R_2ccIViRetpYIQaJ,Craving a cig? Plan a fun activity you can do when you get home as a reward for not smoking.,content,4
R_2ccIViRetpYIQaJ,What can you do right now to break the automatic habit of smoking to help you feel better? Pause. Close your eyes. And take 10 slow breaths.,content,3
R_2ONru3vWAs5R1nH,Take a deep breath. Focus on today and the things you have accomplished. How many urges have you let pass? Give yourself some credit!,content,5
R_2ONru3vWAs5R1nH,"Notice what is triggering your urge. Have understanding and kindness for yourself for feeling this urge. It isn't easy, but can you choose to let it be there without smoking?",content,5
R_2rvIwe0LPS53Pkx,Try chewing gum if you have trouble resisting smoking when other people light up around you.,content,4
R_2ccIViRetpYIQaJ,"Instead of smoking, use the next two minutes to pay close attention to your senses. Notice what you see, hear, feel, taste, and smell. Urges are just one part of your experience.",content,4
R_332LhRE8iquoyX1,"Stress is temporary. It comes and goes like passing clouds in the sky. When stress demands you to light up, remember you can let it pass by without smoking.",content,5
R_2qque2GwbtMO3RI,What can you do right now to break the automatic habit of smoking to help you feel better? Pause. Close your eyes. And take 10 slow breaths.,content,4
R_2THwUIEkbN0Bm9k,Take a deep breath. Focus on today and the things you have accomplished. How many urges have you let pass? Give yourself some credit!,content,4
R_2rvIwe0LPS53Pkx,"When your mind tells you that you will be less stressed after smoking a cigarette, remember that you don't have to listen to that thought. It's just a thought and nothing more.",content,4
R_2qque2GwbtMO3RI,"Try to avoid seeing other people smoke. It might sound basic but brain see, brain want! If you can, make life easier and avoid the people you used to smoke with for some time where possible.",content,4
R_1eLjd8J9bWKz0ta,"To help get through a 'risky situation', remind yourself of how far you've come and the effort that you've put in. Don't ruin your hard work - stay strong!",content,4
R_3hnIiXUxh2NqHHz,"You don't have to act on this feeling by smoking or doing anything about it. Give it some space, breathe, and see if it changes. Let the urge and feeling be there while you focus on doing something you care about.",content,2
R_2ccIViRetpYIQaJ,Take a deep breath. Focus on today and the things you have accomplished. How many urges have you let pass? Give yourself some credit!,content,4
R_2qque2GwbtMO3RI,"Each time you choose to not smoke after seeing someone else light up, you lessen the habit a little more.",content,4
R_1mI4ds4xsqeSdci,Take a deep breath and let it out slowly. Notice that you are completely OK for this one breath. Do it again.,content,4
R_1mI4ds4xsqeSdci,Keep picturing yourself getting home later today knowing that you've gained a smoke-free day. It's nearly a reality!,content,4
R_3hnIiXUxh2NqHHz,Try chewing gum if you have trouble resisting smoking when other people light up around you.,content,5
R_2dyJA4Wh1yB3AGi,What can you do right now to break the automatic habit of smoking to help you feel better? Pause. Close your eyes. And take 10 slow breaths.,content,5
R_1nZUIBgFJ15OHJ7,Stop! Breathe. What is going on around you? Inside you? Allow everything to be just as it is. Breathe again.,content,4
R_2dyJA4Wh1yB3AGi,"Try to avoid seeing other people smoke. It might sound basic but brain see, brain want! If you can, make life easier and avoid the people you used to smoke with for some time where possible.",content,3
R_2SB2beGSkKtkj8R,You don’t need to get rid of or change your thoughts about smoking—just let them pass by like a cloud in the sky.,content,4
R_2dyJA4Wh1yB3AGi,"Life can get you really stressed out, but turning to cigs isn't the answer. Call or text family and friends instead. Ask them to help you stay on track.",content,5
R_2dyJA4Wh1yB3AGi,"Instead of smoking, keep your fingers busy by scrolling through your phone.",content,5
R_2xXVFkkOBY0yIlg,"If you have trouble resisting a craving when other smokers are around, try carrying a water bottle and taking a sip every time you want to ask for a cig.",content,4
R_31ZYFOPdKtbGhMI,"Instead of smoking, keep your fingers busy by scrolling through your phone.",content,4
R_2fcy9U0QpwQPKDh,"Picture the people or things you care deeply about. On a scale of 0-10, how willing are you to let this urge pass for those reasons?",content,5
R_2fcy9U0QpwQPKDh,"Try to avoid seeing other people smoke. It might sound basic but brain see, brain want! If you can, make life easier and avoid the people you used to smoke with for some time where possible.",content,4
R_31ZYFOPdKtbGhMI,"Tell yourself, “I am going to quit smoking soon.” Say it out loud. Say to yourself, “I am too strong to continue smoking for the rest of my life.""",content,4
R_2fcy9U0QpwQPKDh,"When your mind tells you that you will be less stressed after smoking a cigarette, remember that you don't have to listen to that thought. It's just a thought and nothing more.",content,4
R_U9qxn3gJ6pk3Dk5,"Notice what is triggering your urge. Have understanding and kindness for yourself for feeling this urge. It isn't easy, but can you choose to let it be there without smoking?",content,5
R_3nxFDwBbpI5MYNb,Craving a cig? Plan a fun activity you can do when you get home as a reward for not smoking.,content,3
R_3nxFDwBbpI5MYNb,"You don't have to act on this feeling by smoking or doing anything about it. Give it some space, breathe, and see if it changes. Let the urge and feeling be there while you focus on doing something you care about.",content,4
R_01DKDv1e2j40qE9,"Try to avoid seeing other people smoke. It might sound basic but brain see, brain want! If you can, make life easier and avoid the people you used to smoke with for some time where possible.",content,4
R_U9qxn3gJ6pk3Dk5,"Instead of smoking, keep your fingers busy by scrolling through your phone.",content,5
R_01DKDv1e2j40qE9,"Instead of smoking, use the next two minutes to pay close attention to your senses. Notice what you see, hear, feel, taste, and smell. Urges are just one part of your experience.",content,4
R_U9qxn3gJ6pk3Dk5,"Ask yourself, ""From 0-10, how willing am I to let this urge pass without smoking?"" Let it pass to be closer to the things that matter most to you.",content,5
R_2SCsyhhlzSuIKDq,"Are you feeling down because you are thinking of smoking? It's really important to be kind to yourself, and to make sure you give yourself praise too!",content,4
R_2SCsyhhlzSuIKDq,"If you have trouble resisting a craving when other smokers are around, try carrying a water bottle and taking a sip every time you want to ask for a cig.",content,4
R_2SCsyhhlzSuIKDq,"Picture the people or things you care deeply about. On a scale of 0-10, how willing are you to let this urge pass for those reasons?",content,4
R_31ZYFOPdKtbGhMI,"Instead of smoking, use the next two minutes to pay close attention to your senses. Notice what you see, hear, feel, taste, and smell. Urges are just one part of your experience.",content,4
R_22XjWwgWUKHPliH,"To keep on track, small changes can really help. For example, keep a list of quit reasons where you used to keep cigarettes, rearrange your living space, or grab some extra pens to fiddle with to keep your hands busy.",content,4
R_DMZKu2d7cs3fqGR,Craving a cig? Plan a fun activity you can do when you get home as a reward for not smoking.,content,5
R_22XjWwgWUKHPliH,"Just because letting an urge pass isn't easy, doesn't mean that you can't do it. Try it, you might surprise yourself.",content,4
R_DMZKu2d7cs3fqGR,"To keep on track, small changes can really help. For example, keep a list of quit reasons where you used to keep cigarettes, rearrange your living space, or grab some extra pens to fiddle with to keep your hands busy.",content,5
R_DMZKu2d7cs3fqGR,You don’t need to get rid of or change your thoughts about smoking—just let them pass by like a cloud in the sky.,content,2
R_DMZKu2d7cs3fqGR,Pause and take 5 slow breaths. Pausing just for a moment breaks the automatic habit of reaching for a smoke.,content,3
R_3luJtR1KDLtcfvc,"If you have trouble resisting a craving when other smokers are around, try carrying a water bottle and taking a sip every time you want to ask for a cig.",content,4
R_d1460dHCavzgFzj,"When your mind tells you that you will be less stressed after smoking a cigarette, remember that you don't have to listen to that thought. It's just a thought and nothing more.",content,4
R_3luJtR1KDLtcfvc,"When your mind tells you that you will be less stressed after smoking a cigarette, remember that you don't have to listen to that thought. It's just a thought and nothing more.",content,2
R_2t8LCdJNRE1BhG2,Try chewing gum if you have trouble resisting smoking when other people light up around you.,content,5
R_2t8LCdJNRE1BhG2,"Instead of smoking, use the next two minutes to pay close attention to your senses. Notice what you see, hear, feel, taste, and smell. Urges are just one part of your experience.",content,4
R_vHs2EcdK5PGxSWB,Try chewing gum if you have trouble resisting smoking when other people light up around you.,content,4
R_vHs2EcdK5PGxSWB,"If leaving social situations to avoid smokers feels awkward, make sure you have something to do instead - take sugar free mints, lollipops or low fat snacks to chew, or use a stress ball.",content,4
R_3luJtR1KDLtcfvc,"Try to avoid seeing other people smoke. It might sound basic but brain see, brain want! If you can, make life easier and avoid the people you used to smoke with for some time where possible.",content,4
R_vHs2EcdK5PGxSWB,"You don't have to act on this feeling by smoking or doing anything about it. Give it some space, breathe, and see if it changes. Let the urge and feeling be there while you focus on doing something you care about.",content,4
R_2t8LCdJNRE1BhG2,Take a deep breath. Focus on today and the things you have accomplished. How many urges have you let pass? Give yourself some credit!,content,5
R_vHs2EcdK5PGxSWB,Take a deep breath and let it out slowly. Notice that you are completely OK for this one breath. Do it again.,content,5
R_1OocvpnKdfKUf3b,"Stress is temporary. It comes and goes like passing clouds in the sky. When stress demands you to light up, remember you can let it pass by without smoking.",content,3
R_1n7SXwc1XwuIERT,"Have confidence in knowing that you can have this urge, choose not to smoke, be okay, and choose to do things that matter most to you.",content,4
R_vHs2EcdK5PGxSWB,"When you notice yourself trapped in stressful thoughts or worry, say out loud, ""I'm noticing that I'm having some worrisome thoughts."" This helps unhook you from your thoughts so you don't stay caught in them.",content,4
R_1OocvpnKdfKUf3b,"Life can get you really stressed out, but turning to cigs isn't the answer. Call or text family and friends instead. Ask them to help you stay on track.",content,3
R_1OocvpnKdfKUf3b,"You don't have to act on this feeling by smoking or doing anything about it. Give it some space, breathe, and see if it changes. Let the urge and feeling be there while you focus on doing something you care about.",content,5
R_1n7SXwc1XwuIERT,"Are you feeling down because you are thinking of smoking? It's really important to be kind to yourself, and to make sure you give yourself praise too!",content,4
R_1C9jAHOirFAm72N,"Stress is temporary. It comes and goes like passing clouds in the sky. When stress demands you to light up, remember you can let it pass by without smoking.",content,4
R_1C9jAHOirFAm72N,Try chewing gum if you have trouble resisting smoking when other people light up around you.,content,3
R_2e5qlB5kQj1XJWn,"When your mind tells you that you will be less stressed after smoking a cigarette, remember that you don't have to listen to that thought. It's just a thought and nothing more.",content,5
R_1ifWmpBENew4BWi,Stop! Breathe. What is going on around you? Inside you? Allow everything to be just as it is. Breathe again.,content,5
R_1C9jAHOirFAm72N,"If you have trouble resisting a craving when other smokers are around, try carrying a water bottle and taking a sip every time you want to ask for a cig.",content,3
R_1ifWmpBENew4BWi,"You don't have to act on this feeling by smoking or doing anything about it. Give it some space, breathe, and see if it changes. Let the urge and feeling be there while you focus on doing something you care about.",content,5
R_2e5qlB5kQj1XJWn,"When you notice yourself trapped in stressful thoughts or worry, say out loud, ""I'm noticing that I'm having some worrisome thoughts."" This helps unhook you from your thoughts so you don't stay caught in them.",content,3
R_2Qs1DPL7HxlSFWT,"Picture the people or things you care deeply about. On a scale of 0-10, how willing are you to let this urge pass for those reasons?",content,4
R_1ifWmpBENew4BWi,"Picture the people or things you care deeply about. On a scale of 0-10, how willing are you to let this urge pass for those reasons?",content,5
R_cZPMSJQ0H2cCJA5,"Notice what is triggering your urge. Have understanding and kindness for yourself for feeling this urge. It isn't easy, but can you choose to let it be there without smoking?",content,5
R_2Qs1DPL7HxlSFWT,"Ask yourself, ""From 0-10, how willing am I to let this urge pass without smoking?"" Let it pass to be closer to the things that matter most to you.",content,4
R_cZPMSJQ0H2cCJA5,What can you do right now to break the automatic habit of smoking to help you feel better? Pause. Close your eyes. And take 10 slow breaths.,content,3
R_cZPMSJQ0H2cCJA5,"When your mind tells you that you will be less stressed after smoking a cigarette, remember that you don't have to listen to that thought. It's just a thought and nothing more.",content,2
R_1ifWmpBENew4BWi,"Just because letting an urge pass isn't easy, doesn't mean that you can't do it. Try it, you might surprise yourself.",content,5
R_cZPMSJQ0H2cCJA5,"You don't have to act on this feeling by smoking or doing anything about it. Give it some space, breathe, and see if it changes. Let the urge and feeling be there while you focus on doing something you care about.",content,4
R_1IWrjtFa8vDJfpk,Keep picturing yourself getting home later today knowing that you've gained a smoke-free day. It's nearly a reality!,content,4
R_spc4ss1J4cslrJn,Pause and take 5 slow breaths. Pausing just for a moment breaks the automatic habit of reaching for a smoke.,content,4
R_spc4ss1J4cslrJn,"Tell yourself, “I am going to quit smoking soon.” Say it out loud. Say to yourself, “I am too strong to continue smoking for the rest of my life.""",content,4
R_1IWrjtFa8vDJfpk,"Just because letting an urge pass isn't easy, doesn't mean that you can't do it. Try it, you might surprise yourself.",content,4
R_1IWrjtFa8vDJfpk,"To help get through a 'risky situation', remind yourself of how far you've come and the effort that you've put in. Don't ruin your hard work - stay strong!",content,4
R_1IWrjtFa8vDJfpk,Stop! Breathe. What is going on around you? Inside you? Allow everything to be just as it is. Breathe again.,content,4
R_3HzwS0g8RrVjx2x,"Notice what is triggering your urge. Have understanding and kindness for yourself for feeling this urge. It isn't easy, but can you choose to let it be there without smoking?",content,4
R_3HzwS0g8RrVjx2x,"Try to avoid seeing other people smoke. It might sound basic but brain see, brain want! If you can, make life easier and avoid the people you used to smoke with for some time where possible.",content,4
R_3HzwS0g8RrVjx2x,"When your mind tells you that you will be less stressed after smoking a cigarette, remember that you don't have to listen to that thought. It's just a thought and nothing more.",content,5
R_WpaOO7bA1Obhmx3,Keep picturing yourself getting home later today knowing that you've gained a smoke-free day. It's nearly a reality!,content,5
R_WpaOO7bA1Obhmx3,"Life can get you really stressed out, but turning to cigs isn't the answer. Call or text family and friends instead. Ask them to help you stay on track.",content,4
R_DOldzndi0ud9173,What can you do right now to break the automatic habit of smoking to help you feel better? Pause. Close your eyes. And take 10 slow breaths.,content,4
R_DOldzndi0ud9173,"To help get through a 'risky situation', remind yourself of how far you've come and the effort that you've put in. Don't ruin your hard work - stay strong!",content,5
R_DOldzndi0ud9173,"Picture the people or things you care deeply about. On a scale of 0-10, how willing are you to let this urge pass for those reasons?",content,4
R_DOldzndi0ud9173,Try chewing gum if you have trouble resisting smoking when other people light up around you.,content,4
R_WpaOO7bA1Obhmx3,"Picture the people or things you care deeply about. On a scale of 0-10, how willing are you to let this urge pass for those reasons?",content,5
R_3ktQ5GWFgXS9Juk,Keep picturing yourself getting home later today knowing that you've gained a smoke-free day. It's nearly a reality!,content,4
R_DOldzndi0ud9173,"Just because letting an urge pass isn't easy, doesn't mean that you can't do it. Try it, you might surprise yourself.",content,4
R_3ktQ5GWFgXS9Juk,Take a deep breath. Focus on today and the things you have accomplished. How many urges have you let pass? Give yourself some credit!,content,4
R_3ktQ5GWFgXS9Juk,"Think about times in the past when you have let urges pass during a stressful moment, and notice what helped make that moment easier.",content,5
R_PTFFeCfq2vHstaN,Take a deep breath. Focus on today and the things you have accomplished. How many urges have you let pass? Give yourself some credit!,content,5
R_PTFFeCfq2vHstaN,Try chewing gum if you have trouble resisting smoking when other people light up around you.,content,5
R_1eFc3o9lO4Xcg1L,"Have confidence in knowing that you can have this urge, choose not to smoke, be okay, and choose to do things that matter most to you.",content,3
R_PTFFeCfq2vHstaN,Pause and take 5 slow breaths. Pausing just for a moment breaks the automatic habit of reaching for a smoke.,content,5
R_1eFc3o9lO4Xcg1L,"You don't have to act on this feeling by smoking or doing anything about it. Give it some space, breathe, and see if it changes. Let the urge and feeling be there while you focus on doing something you care about.",content,5
R_1eFc3o9lO4Xcg1L,"When your mind tells you that you will be less stressed after smoking a cigarette, remember that you don't have to listen to that thought. It's just a thought and nothing more.",content,5
R_1eFc3o9lO4Xcg1L,"Are you feeling down because you are thinking of smoking? It's really important to be kind to yourself, and to make sure you give yourself praise too!",content,1
R_3hcqIT5vkQbdIyE,"Tell yourself, “I am going to quit smoking soon.” Say it out loud. Say to yourself, “I am too strong to continue smoking for the rest of my life.""",content,2
R_1eFc3o9lO4Xcg1L,"Tell yourself, “I am going to quit smoking soon.” Say it out loud. Say to yourself, “I am too strong to continue smoking for the rest of my life.""",content,5
R_1eFc3o9lO4Xcg1L,Pause and take 5 slow breaths. Pausing just for a moment breaks the automatic habit of reaching for a smoke.,content,1
R_1oALjJEmuRRwJwQ,"Tell yourself, “I am going to quit smoking soon.” Say it out loud. Say to yourself, “I am too strong to continue smoking for the rest of my life.""",content,5
R_3hcqIT5vkQbdIyE,"Think about times in the past when you have let urges pass during a stressful moment, and notice what helped make that moment easier.",content,1
R_OvdnYwfFYxHtVyV,What can you do right now to break the automatic habit of smoking to help you feel better? Pause. Close your eyes. And take 10 slow breaths.,content,4
R_OvdnYwfFYxHtVyV,"When you notice yourself trapped in stressful thoughts or worry, say out loud, ""I'm noticing that I'm having some worrisome thoughts."" This helps unhook you from your thoughts so you don't stay caught in them.",content,5
R_OvdnYwfFYxHtVyV,"Stress is temporary. It comes and goes like passing clouds in the sky. When stress demands you to light up, remember you can let it pass by without smoking.",content,5
R_1oALjJEmuRRwJwQ,"Life can get you really stressed out, but turning to cigs isn't the answer. Call or text family and friends instead. Ask them to help you stay on track.",content,5
R_OvdnYwfFYxHtVyV,"If you have trouble resisting a craving when other smokers are around, try carrying a water bottle and taking a sip every time you want to ask for a cig.",content,5
R_2CTUZMFsPrfz0fU,"Stress is temporary. It comes and goes like passing clouds in the sky. When stress demands you to light up, remember you can let it pass by without smoking.",content,4
R_2CTUZMFsPrfz0fU,"Think about times in the past when you have let urges pass during a stressful moment, and notice what helped make that moment easier.",content,4
R_2CTUZMFsPrfz0fU,"When your mind tells you that you will be less stressed after smoking a cigarette, remember that you don't have to listen to that thought. It's just a thought and nothing more.",content,5
R_37WD4Tk0gT211Ch,"Just because letting an urge pass isn't easy, doesn't mean that you can't do it. Try it, you might surprise yourself.",content,4
R_OqbDrNn3mOe62cx,"Stress is temporary. It comes and goes like passing clouds in the sky. When stress demands you to light up, remember you can let it pass by without smoking.",content,5
R_yvImsfpnidvdn9f,Pause and take 5 slow breaths. Pausing just for a moment breaks the automatic habit of reaching for a smoke.,content,4
R_5mX0y5OjLa3HGJr,Try chewing gum if you have trouble resisting smoking when other people light up around you.,content,4
R_324wIUNGqZHiJU8,"Think about times in the past when you have let urges pass during a stressful moment, and notice what helped make that moment easier.",content,3
R_2CN9do64xa7SBVO,"Ask yourself, ""From 0-10, how willing am I to let this urge pass without smoking?"" Let it pass to be closer to the things that matter most to you.",content,5
R_2CN9do64xa7SBVO,"Are you feeling down because you are thinking of smoking? It's really important to be kind to yourself, and to make sure you give yourself praise too!",content,5
R_27pAyfbKynLvuPb,Take a deep breath. Focus on today and the things you have accomplished. How many urges have you let pass? Give yourself some credit!,content,5
R_37WD4Tk0gT211Ch,"Have confidence in knowing that you can have this urge, choose not to smoke, be okay, and choose to do things that matter most to you.",content,3
R_2CN9do64xa7SBVO,Try chewing gum if you have trouble resisting smoking when other people light up around you.,content,5
R_phoakqRZVCOzOjn,Take a deep breath. Focus on today and the things you have accomplished. How many urges have you let pass? Give yourself some credit!,content,4
R_phoakqRZVCOzOjn,"Each time you choose to not smoke after seeing someone else light up, you lessen the habit a little more.",content,4
R_27pAyfbKynLvuPb,"Are you feeling down because you are thinking of smoking? It's really important to be kind to yourself, and to make sure you give yourself praise too!",content,3
R_phoakqRZVCOzOjn,"Picture the people or things you care deeply about. On a scale of 0-10, how willing are you to let this urge pass for those reasons?",content,5
R_27pAyfbKynLvuPb,"When you notice yourself trapped in stressful thoughts or worry, say out loud, ""I'm noticing that I'm having some worrisome thoughts."" This helps unhook you from your thoughts so you don't stay caught in them.",content,4
R_22oaTRQmQd44IFl,Take a deep breath and let it out slowly. Notice that you are completely OK for this one breath. Do it again.,content,4
R_22oaTRQmQd44IFl,"Just because letting an urge pass isn't easy, doesn't mean that you can't do it. Try it, you might surprise yourself.",content,4
R_22oaTRQmQd44IFl,"Life can get you really stressed out, but turning to cigs isn't the answer. Call or text family and friends instead. Ask them to help you stay on track.",content,4
R_31BnQYKmCqYgAeX,"Instead of smoking, keep your fingers busy by scrolling through your phone.",content,3
R_2Cf9smO3s7AfjAX,"When your mind tells you that you will be less stressed after smoking a cigarette, remember that you don't have to listen to that thought. It's just a thought and nothing more.",content,5
R_31BnQYKmCqYgAeX,"You don't have to act on this feeling by smoking or doing anything about it. Give it some space, breathe, and see if it changes. Let the urge and feeling be there while you focus on doing something you care about.",content,3
R_1GUrB0irVlc74QJ,"Instead of smoking, keep your fingers busy by scrolling through your phone.",content,4
R_1CkfsApsWiEMs27,Craving a cig? Plan a fun activity you can do when you get home as a reward for not smoking.,content,4
R_31BnQYKmCqYgAeX,"To help get through a 'risky situation', remind yourself of how far you've come and the effort that you've put in. Don't ruin your hard work - stay strong!",content,4
R_1GUrB0irVlc74QJ,"Have confidence in knowing that you can have this urge, choose not to smoke, be okay, and choose to do things that matter most to you.",content,3
R_2Cf9smO3s7AfjAX,"Notice what is triggering your urge. Have understanding and kindness for yourself for feeling this urge. It isn't easy, but can you choose to let it be there without smoking?",content,4
R_1GUrB0irVlc74QJ,"Life can get you really stressed out, but turning to cigs isn't the answer. Call or text family and friends instead. Ask them to help you stay on track.",content,3
R_3PuSTNLM9GLlWcY,"Stress is temporary. It comes and goes like passing clouds in the sky. When stress demands you to light up, remember you can let it pass by without smoking.",content,3
R_3PuSTNLM9GLlWcY,"When you notice yourself trapped in stressful thoughts or worry, say out loud, ""I'm noticing that I'm having some worrisome thoughts."" This helps unhook you from your thoughts so you don't stay caught in them.",content,3
R_3PuSTNLM9GLlWcY,"Picture the people or things you care deeply about. On a scale of 0-10, how willing are you to let this urge pass for those reasons?",content,4
R_3PuSTNLM9GLlWcY,"Tell yourself, “I am going to quit smoking soon.” Say it out loud. Say to yourself, “I am too strong to continue smoking for the rest of my life.""",content,3
R_3PuSTNLM9GLlWcY,"When your mind tells you that you will be less stressed after smoking a cigarette, remember that you don't have to listen to that thought. It's just a thought and nothing more.",content,3
R_3PuSTNLM9GLlWcY,"Instead of smoking, keep your fingers busy by scrolling through your phone.",content,3
R_12LPH7GTH14aPlV,"When your mind tells you that you will be less stressed after smoking a cigarette, remember that you don't have to listen to that thought. It's just a thought and nothing more.",content,5
R_3PuSTNLM9GLlWcY,"Notice what is triggering your urge. Have understanding and kindness for yourself for feeling this urge. It isn't easy, but can you choose to let it be there without smoking?",content,3
R_2zu3tGxubSjZX5Z,"Notice what is triggering your urge. Have understanding and kindness for yourself for feeling this urge. It isn't easy, but can you choose to let it be there without smoking?",content,4
R_2zu3tGxubSjZX5Z,"Think about times in the past when you have let urges pass during a stressful moment, and notice what helped make that moment easier.",content,2
R_12LPH7GTH14aPlV,"To keep on track, small changes can really help. For example, keep a list of quit reasons where you used to keep cigarettes, rearrange your living space, or grab some extra pens to fiddle with to keep your hands busy.",content,4
R_12LPH7GTH14aPlV,"To help get through a 'risky situation', remind yourself of how far you've come and the effort that you've put in. Don't ruin your hard work - stay strong!",content,5
R_2zu3tGxubSjZX5Z,Stop! Breathe. What is going on around you? Inside you? Allow everything to be just as it is. Breathe again.,content,4
R_2fkxlU74PbYfTb5,"Tell yourself, “I am going to quit smoking soon.” Say it out loud. Say to yourself, “I am too strong to continue smoking for the rest of my life.""",content,5
R_2fkxlU74PbYfTb5,"To help get through a 'risky situation', remind yourself of how far you've come and the effort that you've put in. Don't ruin your hard work - stay strong!",content,5
R_1r31XVArejuHyCu,"Just because letting an urge pass isn't easy, doesn't mean that you can't do it. Try it, you might surprise yourself.",content,4
R_2fkxlU74PbYfTb5,What can you do right now to break the automatic habit of smoking to help you feel better? Pause. Close your eyes. And take 10 slow breaths.,content,4
R_1r31XVArejuHyCu,You don’t need to get rid of or change your thoughts about smoking—just let them pass by like a cloud in the sky.,content,3
R_1r31XVArejuHyCu,"Life can get you really stressed out, but turning to cigs isn't the answer. Call or text family and friends instead. Ask them to help you stay on track.",content,2
R_8tYqU6qBiZJTnYB,"Ask yourself, ""From 0-10, how willing am I to let this urge pass without smoking?"" Let it pass to be closer to the things that matter most to you.",content,3
R_8tYqU6qBiZJTnYB,"Instead of smoking, use the next two minutes to pay close attention to your senses. Notice what you see, hear, feel, taste, and smell. Urges are just one part of your experience.",content,4
R_1r31XVArejuHyCu,"If you have trouble resisting a craving when other smokers are around, try carrying a water bottle and taking a sip every time you want to ask for a cig.",content,4
R_8tYqU6qBiZJTnYB,"If leaving social situations to avoid smokers feels awkward, make sure you have something to do instead - take sugar free mints, lollipops or low fat snacks to chew, or use a stress ball.",content,4
R_cJ5P14fHuWBlTGh,"If you have trouble resisting a craving when other smokers are around, try carrying a water bottle and taking a sip every time you want to ask for a cig.",content,4
R_cJ5P14fHuWBlTGh,"If leaving social situations to avoid smokers feels awkward, make sure you have something to do instead - take sugar free mints, lollipops or low fat snacks to chew, or use a stress ball.",content,4
R_1jYSNhH8TKlGXBn,"Stress is temporary. It comes and goes like passing clouds in the sky. When stress demands you to light up, remember you can let it pass by without smoking.",content,5
R_1gNlwQajvqtmFFC,"When your mind tells you that you will be less stressed after smoking a cigarette, remember that you don't have to listen to that thought. It's just a thought and nothing more.",content,2
R_1gNlwQajvqtmFFC,"Notice what is triggering your urge. Have understanding and kindness for yourself for feeling this urge. It isn't easy, but can you choose to let it be there without smoking?",content,5
R_1gNlwQajvqtmFFC,"Life can get you really stressed out, but turning to cigs isn't the answer. Call or text family and friends instead. Ask them to help you stay on track.",content,3
R_1gNlwQajvqtmFFC,Take a deep breath and let it out slowly. Notice that you are completely OK for this one breath. Do it again.,content,2
R_1dtsmb4QLy6R9yU,"When your mind tells you that you will be less stressed after smoking a cigarette, remember that you don't have to listen to that thought. It's just a thought and nothing more.",content,1
R_1dtsmb4QLy6R9yU,Stop! Breathe. What is going on around you? Inside you? Allow everything to be just as it is. Breathe again.,content,3
R_1dtsmb4QLy6R9yU,"Think about times in the past when you have let urges pass during a stressful moment, and notice what helped make that moment easier.",content,3
R_cJ5P14fHuWBlTGh,Take a deep breath. Focus on today and the things you have accomplished. How many urges have you let pass? Give yourself some credit!,content,5
R_1C10qfFg7sq8PnZ,"Life can get you really stressed out, but turning to cigs isn't the answer. Call or text family and friends instead. Ask them to help you stay on track.",content,5
R_sL886btNB2lJFip,"When your mind tells you that you will be less stressed after smoking a cigarette, remember that you don't have to listen to that thought. It's just a thought and nothing more.",content,3
R_sL886btNB2lJFip,"Stress is temporary. It comes and goes like passing clouds in the sky. When stress demands you to light up, remember you can let it pass by without smoking.",content,3
R_1C10qfFg7sq8PnZ,"When you notice yourself trapped in stressful thoughts or worry, say out loud, ""I'm noticing that I'm having some worrisome thoughts."" This helps unhook you from your thoughts so you don't stay caught in them.",content,4
R_vdccq3M3JYMA01z,"If you have trouble resisting a craving when other smokers are around, try carrying a water bottle and taking a sip every time you want to ask for a cig.",content,5
R_vdccq3M3JYMA01z,"To keep on track, small changes can really help. For example, keep a list of quit reasons where you used to keep cigarettes, rearrange your living space, or grab some extra pens to fiddle with to keep your hands busy.",content,2
R_2D5GfkXQvKZhy7R,Take a deep breath and let it out slowly. Notice that you are completely OK for this one breath. Do it again.,content,4
R_33pfHRhyVX98OfK,Keep picturing yourself getting home later today knowing that you've gained a smoke-free day. It's nearly a reality!,content,4
R_2D5GfkXQvKZhy7R,"If you have trouble resisting a craving when other smokers are around, try carrying a water bottle and taking a sip every time you want to ask for a cig.",content,4
R_33pfHRhyVX98OfK,Take a deep breath and let it out slowly. Notice that you are completely OK for this one breath. Do it again.,content,3
R_vdccq3M3JYMA01z,"Think about times in the past when you have let urges pass during a stressful moment, and notice what helped make that moment easier.",content,4
R_33pfHRhyVX98OfK,"Picture the people or things you care deeply about. On a scale of 0-10, how willing are you to let this urge pass for those reasons?",content,3
R_33pfHRhyVX98OfK,What can you do right now to break the automatic habit of smoking to help you feel better? Pause. Close your eyes. And take 10 slow breaths.,content,3
R_33pfHRhyVX98OfK,"If you have trouble resisting a craving when other smokers are around, try carrying a water bottle and taking a sip every time you want to ask for a cig.",content,5
R_1JEZlmL8mqBFu3R,Keep picturing yourself getting home later today knowing that you've gained a smoke-free day. It's nearly a reality!,content,2
R_2bTejjl5u0LExen,"Instead of smoking, use the next two minutes to pay close attention to your senses. Notice what you see, hear, feel, taste, and smell. Urges are just one part of your experience.",content,5
R_2D5GfkXQvKZhy7R,"To keep on track, small changes can really help. For example, keep a list of quit reasons where you used to keep cigarettes, rearrange your living space, or grab some extra pens to fiddle with to keep your hands busy.",content,3
R_2bTejjl5u0LExen,Pause and take 5 slow breaths. Pausing just for a moment breaks the automatic habit of reaching for a smoke.,content,5
R_YbHOcU9YdROT161,"Think about times in the past when you have let urges pass during a stressful moment, and notice what helped make that moment easier.",content,4
R_d1460dHCavzgFzj,"Just because letting an urge pass isn't easy, doesn't mean that you can't do it. Try it, you might surprise yourself.",content,4
R_1JEZlmL8mqBFu3R,"Each time you choose to not smoke after seeing someone else light up, you lessen the habit a little more.",content,3
R_2V8dStdHXS0wj0c,"Just because letting an urge pass isn't easy, doesn't mean that you can't do it. Try it, you might surprise yourself.",content,5
R_2qfu7ht5gDHoJ68,"Try to avoid seeing other people smoke. It might sound basic but brain see, brain want! If you can, make life easier and avoid the people you used to smoke with for some time where possible.",content,4
R_2V8dStdHXS0wj0c,"Are you feeling down because you are thinking of smoking? It's really important to be kind to yourself, and to make sure you give yourself praise too!",content,3
R_2qfu7ht5gDHoJ68,"When your mind tells you that you will be less stressed after smoking a cigarette, remember that you don't have to listen to that thought. It's just a thought and nothing more.",content,5
R_2qfu7ht5gDHoJ68,Take a deep breath and let it out slowly. Notice that you are completely OK for this one breath. Do it again.,content,5
R_1CpabloI0nh2LY9,You don’t need to get rid of or change your thoughts about smoking—just let them pass by like a cloud in the sky.,content,3
R_2qfu7ht5gDHoJ68,"Are you feeling down because you are thinking of smoking? It's really important to be kind to yourself, and to make sure you give yourself praise too!",content,5
R_06bvVqddFPEe0xj,"Try to avoid seeing other people smoke. It might sound basic but brain see, brain want! If you can, make life easier and avoid the people you used to smoke with for some time where possible.",content,4
R_1CpabloI0nh2LY9,"Life can get you really stressed out, but turning to cigs isn't the answer. Call or text family and friends instead. Ask them to help you stay on track.",content,4
R_06bvVqddFPEe0xj,What can you do right now to break the automatic habit of smoking to help you feel better? Pause. Close your eyes. And take 10 slow breaths.,content,3
R_1CpabloI0nh2LY9,Keep picturing yourself getting home later today knowing that you've gained a smoke-free day. It's nearly a reality!,content,5
R_06bvVqddFPEe0xj,Take a deep breath and let it out slowly. Notice that you are completely OK for this one breath. Do it again.,content,4
R_06bvVqddFPEe0xj,Craving a cig? Plan a fun activity you can do when you get home as a reward for not smoking.,content,3
R_5581mqJDqDHHTK9,Take a deep breath and let it out slowly. Notice that you are completely OK for this one breath. Do it again.,content,5
R_1KlteoBwFzRAW7d,"If you have trouble resisting a craving when other smokers are around, try carrying a water bottle and taking a sip every time you want to ask for a cig.",content,5
R_29cx1PWbEL77woj,"Life can get you really stressed out, but turning to cigs isn't the answer. Call or text family and friends instead. Ask them to help you stay on track.",content,2
R_29cx1PWbEL77woj,"Have confidence in knowing that you can have this urge, choose not to smoke, be okay, and choose to do things that matter most to you.",content,3
R_2di4TZhO3O4jH9N,"To keep on track, small changes can really help. For example, keep a list of quit reasons where you used to keep cigarettes, rearrange your living space, or grab some extra pens to fiddle with to keep your hands busy.",content,3
R_2di4TZhO3O4jH9N,"Instead of smoking, keep your fingers busy by scrolling through your phone.",content,3
R_1IPZxQCxUMfpeJi,"Instead of smoking, keep your fingers busy by scrolling through your phone.",content,5
R_1IPZxQCxUMfpeJi,"Have confidence in knowing that you can have this urge, choose not to smoke, be okay, and choose to do things that matter most to you.",content,4
R_1IPZxQCxUMfpeJi,Take a deep breath. Focus on today and the things you have accomplished. How many urges have you let pass? Give yourself some credit!,content,5
R_2X5TsjxMUoHZwYx,"To help get through a 'risky situation', remind yourself of how far you've come and the effort that you've put in. Don't ruin your hard work - stay strong!",content,5
R_2X5TsjxMUoHZwYx,"Think about times in the past when you have let urges pass during a stressful moment, and notice what helped make that moment easier.",content,4
R_2QmoWsUORX5qZ5t,"Life can get you really stressed out, but turning to cigs isn't the answer. Call or text family and friends instead. Ask them to help you stay on track.",content,5
R_3NJLRjV6sukDhjC,"Have confidence in knowing that you can have this urge, choose not to smoke, be okay, and choose to do things that matter most to you.",content,5
R_2QmoWsUORX5qZ5t,You don’t need to get rid of or change your thoughts about smoking—just let them pass by like a cloud in the sky.,content,5
R_3NwafBF6nuik1KI,"If you have trouble resisting a craving when other smokers are around, try carrying a water bottle and taking a sip every time you want to ask for a cig.",content,5
R_2ydSXZ4KTN86Vxz,"Notice what is triggering your urge. Have understanding and kindness for yourself for feeling this urge. It isn't easy, but can you choose to let it be there without smoking?",content,5
R_2ydSXZ4KTN86Vxz,"If you have trouble resisting a craving when other smokers are around, try carrying a water bottle and taking a sip every time you want to ask for a cig.",content,3
R_3NJLRjV6sukDhjC,Take a deep breath and let it out slowly. Notice that you are completely OK for this one breath. Do it again.,content,3
R_ron7qNN08EfD1MB,"If you have trouble resisting a craving when other smokers are around, try carrying a water bottle and taking a sip every time you want to ask for a cig.",content,2
R_2ydSXZ4KTN86Vxz,"Instead of smoking, use the next two minutes to pay close attention to your senses. Notice what you see, hear, feel, taste, and smell. Urges are just one part of your experience.",content,4
R_3e8jljgMGHnAWTy,"Think about times in the past when you have let urges pass during a stressful moment, and notice what helped make that moment easier.",content,4
R_ron7qNN08EfD1MB,"Instead of smoking, keep your fingers busy by scrolling through your phone.",content,1
R_1LwozRPwgjauHo0,"You don't have to act on this feeling by smoking or doing anything about it. Give it some space, breathe, and see if it changes. Let the urge and feeling be there while you focus on doing something you care about.",content,4
R_3e8jljgMGHnAWTy,"Try to avoid seeing other people smoke. It might sound basic but brain see, brain want! If you can, make life easier and avoid the people you used to smoke with for some time where possible.",content,4
R_1LwozRPwgjauHo0,"Picture the people or things you care deeply about. On a scale of 0-10, how willing are you to let this urge pass for those reasons?",content,4
R_0cDQjWb7D2enSal,"You don't have to act on this feeling by smoking or doing anything about it. Give it some space, breathe, and see if it changes. Let the urge and feeling be there while you focus on doing something you care about.",content,3
R_1obbBTKOWsvBFTD,"Are you feeling down because you are thinking of smoking? It's really important to be kind to yourself, and to make sure you give yourself praise too!",content,2
R_1obbBTKOWsvBFTD,"If you have trouble resisting a craving when other smokers are around, try carrying a water bottle and taking a sip every time you want to ask for a cig.",content,3
R_1obbBTKOWsvBFTD,"Have confidence in knowing that you can have this urge, choose not to smoke, be okay, and choose to do things that matter most to you.",content,4
R_2qa5UXjIiCSXwpU,Keep picturing yourself getting home later today knowing that you've gained a smoke-free day. It's nearly a reality!,content,5
R_1obbBTKOWsvBFTD,Try chewing gum if you have trouble resisting smoking when other people light up around you.,content,5
R_325v3XtZe1kiMAD,Take a deep breath and let it out slowly. Notice that you are completely OK for this one breath. Do it again.,content,5
R_1ozCPfdkIIVAtNL,"Tell yourself, “I am going to quit smoking soon.” Say it out loud. Say to yourself, “I am too strong to continue smoking for the rest of my life.""",content,1
R_2qa5UXjIiCSXwpU,"Instead of smoking, keep your fingers busy by scrolling through your phone.",content,4
R_1ozCPfdkIIVAtNL,"Are you feeling down because you are thinking of smoking? It's really important to be kind to yourself, and to make sure you give yourself praise too!",content,3
R_1ozCPfdkIIVAtNL,Try chewing gum if you have trouble resisting smoking when other people light up around you.,content,4
R_2Cdp8NLSajs0mGd,"Tell yourself, “I am going to quit smoking soon.” Say it out loud. Say to yourself, “I am too strong to continue smoking for the rest of my life.""",content,3
R_3IcswPzQGdQJXBO,"To help get through a 'risky situation', remind yourself of how far you've come and the effort that you've put in. Don't ruin your hard work - stay strong!",content,5
R_3qX1qtZP29pwbZU,Pause and take 5 slow breaths. Pausing just for a moment breaks the automatic habit of reaching for a smoke.,content,4
R_3IcswPzQGdQJXBO,Take a deep breath. Focus on today and the things you have accomplished. How many urges have you let pass? Give yourself some credit!,content,5
R_5vBc98CV7uM1Hi1,Stop! Breathe. What is going on around you? Inside you? Allow everything to be just as it is. Breathe again.,content,4
R_31sCaKffv6oSRPR,"If you have trouble resisting a craving when other smokers are around, try carrying a water bottle and taking a sip every time you want to ask for a cig.",content,5
R_2EHv0kcjcqhMnVs,"You don't have to act on this feeling by smoking or doing anything about it. Give it some space, breathe, and see if it changes. Let the urge and feeling be there while you focus on doing something you care about.",content,4
R_2Cdp8NLSajs0mGd,"Stress is temporary. It comes and goes like passing clouds in the sky. When stress demands you to light up, remember you can let it pass by without smoking.",content,4
R_2EHv0kcjcqhMnVs,"To keep on track, small changes can really help. For example, keep a list of quit reasons where you used to keep cigarettes, rearrange your living space, or grab some extra pens to fiddle with to keep your hands busy.",content,4
R_2EHv0kcjcqhMnVs,"Try to avoid seeing other people smoke. It might sound basic but brain see, brain want! If you can, make life easier and avoid the people you used to smoke with for some time where possible.",content,4
R_2EHv0kcjcqhMnVs,"Stress is temporary. It comes and goes like passing clouds in the sky. When stress demands you to light up, remember you can let it pass by without smoking.",content,4
R_2EHv0kcjcqhMnVs,"Think about times in the past when you have let urges pass during a stressful moment, and notice what helped make that moment easier.",content,4
R_2sdUZoZn7JczJ3L,What can you do right now to break the automatic habit of smoking to help you feel better? Pause. Close your eyes. And take 10 slow breaths.,content,4
R_2sdUZoZn7JczJ3L,Keep picturing yourself getting home later today knowing that you've gained a smoke-free day. It's nearly a reality!,content,4
R_2sdUZoZn7JczJ3L,"Think about times in the past when you have let urges pass during a stressful moment, and notice what helped make that moment easier.",content,5
R_2sdUZoZn7JczJ3L,"If you have trouble resisting a craving when other smokers are around, try carrying a water bottle and taking a sip every time you want to ask for a cig.",content,4
R_2dGYkvoPWfbZ5mW,Take a deep breath and let it out slowly. Notice that you are completely OK for this one breath. Do it again.,content,4
R_3qX1qtZP29pwbZU,"Try to avoid seeing other people smoke. It might sound basic but brain see, brain want! If you can, make life easier and avoid the people you used to smoke with for some time where possible.",content,4
R_2dGYkvoPWfbZ5mW,"Just because letting an urge pass isn't easy, doesn't mean that you can't do it. Try it, you might surprise yourself.",content,4
R_2w6stFpiFcI2p5B,"Think about times in the past when you have let urges pass during a stressful moment, and notice what helped make that moment easier.",content,4
R_ufyczALtFUdvzCF,"Each time you choose to not smoke after seeing someone else light up, you lessen the habit a little more.",content,3
R_2aaHToN1j0MnNZS,"Think about times in the past when you have let urges pass during a stressful moment, and notice what helped make that moment easier.",content,3
R_2qDxOq8iUGTDZa0,"Notice what is triggering your urge. Have understanding and kindness for yourself for feeling this urge. It isn't easy, but can you choose to let it be there without smoking?",content,4
R_xuddpHh0ap4e7pD,"Picture the people or things you care deeply about. On a scale of 0-10, how willing are you to let this urge pass for those reasons?",content,2
R_1NyBd9879uhiFyx,"Just because letting an urge pass isn't easy, doesn't mean that you can't do it. Try it, you might surprise yourself.",content,3
R_xuddpHh0ap4e7pD,"Instead of smoking, use the next two minutes to pay close attention to your senses. Notice what you see, hear, feel, taste, and smell. Urges are just one part of your experience.",content,2
R_2qDxOq8iUGTDZa0,"To keep on track, small changes can really help. For example, keep a list of quit reasons where you used to keep cigarettes, rearrange your living space, or grab some extra pens to fiddle with to keep your hands busy.",content,3
R_xuddpHh0ap4e7pD,"If leaving social situations to avoid smokers feels awkward, make sure you have something to do instead - take sugar free mints, lollipops or low fat snacks to chew, or use a stress ball.",content,2
R_1ds5LKcvfdjTshC,What can you do right now to break the automatic habit of smoking to help you feel better? Pause. Close your eyes. And take 10 slow breaths.,content,3
R_1ds5LKcvfdjTshC,"Stress is temporary. It comes and goes like passing clouds in the sky. When stress demands you to light up, remember you can let it pass by without smoking.",content,1
R_1NyBd9879uhiFyx,"Are you feeling down because you are thinking of smoking? It's really important to be kind to yourself, and to make sure you give yourself praise too!",content,1
R_1ds5LKcvfdjTshC,"Instead of smoking, use the next two minutes to pay close attention to your senses. Notice what you see, hear, feel, taste, and smell. Urges are just one part of your experience.",content,5
R_2w6stFpiFcI2p5B,"When you notice yourself trapped in stressful thoughts or worry, say out loud, ""I'm noticing that I'm having some worrisome thoughts."" This helps unhook you from your thoughts so you don't stay caught in them.",content,4
R_2w6stFpiFcI2p5B,Take a deep breath. Focus on today and the things you have accomplished. How many urges have you let pass? Give yourself some credit!,content,4
R_1ds5LKcvfdjTshC,"Life can get you really stressed out, but turning to cigs isn't the answer. Call or text family and friends instead. Ask them to help you stay on track.",content,3
R_1ds5LKcvfdjTshC,Take a deep breath and let it out slowly. Notice that you are completely OK for this one breath. Do it again.,content,3
R_3lS0u7Fds4dvaHE,"Have confidence in knowing that you can have this urge, choose not to smoke, be okay, and choose to do things that matter most to you.",content,4
R_1ds5LKcvfdjTshC,"Ask yourself, ""From 0-10, how willing am I to let this urge pass without smoking?"" Let it pass to be closer to the things that matter most to you.",content,4
R_u4EivuT6QzFNA9r,Try chewing gum if you have trouble resisting smoking when other people light up around you.,content,4
R_u4EivuT6QzFNA9r,Stop! Breathe. What is going on around you? Inside you? Allow everything to be just as it is. Breathe again.,content,4
R_sZgOwiAHEVTra1z,"If you have trouble resisting a craving when other smokers are around, try carrying a water bottle and taking a sip every time you want to ask for a cig.",content,5
R_ufyczALtFUdvzCF,"Just because letting an urge pass isn't easy, doesn't mean that you can't do it. Try it, you might surprise yourself.",content,3
R_2CCcdZctBtZISqw,Try chewing gum if you have trouble resisting smoking when other people light up around you.,content,3
R_2CCcdZctBtZISqw,"Try to avoid seeing other people smoke. It might sound basic but brain see, brain want! If you can, make life easier and avoid the people you used to smoke with for some time where possible.",content,3
R_sZgOwiAHEVTra1z,Stop! Breathe. What is going on around you? Inside you? Allow everything to be just as it is. Breathe again.,content,4
R_2CCcdZctBtZISqw,Keep picturing yourself getting home later today knowing that you've gained a smoke-free day. It's nearly a reality!,content,2
R_sZgOwiAHEVTra1z,"Instead of smoking, use the next two minutes to pay close attention to your senses. Notice what you see, hear, feel, taste, and smell. Urges are just one part of your experience.",content,1
R_sZgOwiAHEVTra1z,What can you do right now to break the automatic habit of smoking to help you feel better? Pause. Close your eyes. And take 10 slow breaths.,content,5
R_2CCcdZctBtZISqw,"Life can get you really stressed out, but turning to cigs isn't the answer. Call or text family and friends instead. Ask them to help you stay on track.",content,4
R_AbSAO54dJQqYqBz,"Ask yourself, ""From 0-10, how willing am I to let this urge pass without smoking?"" Let it pass to be closer to the things that matter most to you.",content,2
R_AbSAO54dJQqYqBz,"Try to avoid seeing other people smoke. It might sound basic but brain see, brain want! If you can, make life easier and avoid the people you used to smoke with for some time where possible.",content,2
R_AbSAO54dJQqYqBz,"If leaving social situations to avoid smokers feels awkward, make sure you have something to do instead - take sugar free mints, lollipops or low fat snacks to chew, or use a stress ball.",content,3
R_sUxSt3ehJsAth2F,"Tell yourself, “I am going to quit smoking soon.” Say it out loud. Say to yourself, “I am too strong to continue smoking for the rest of my life.""",content,3
R_31Z5qWarXAdC3n8,"Think about times in the past when you have let urges pass during a stressful moment, and notice what helped make that moment easier.",content,3
R_31Z5qWarXAdC3n8,"Ask yourself, ""From 0-10, how willing am I to let this urge pass without smoking?"" Let it pass to be closer to the things that matter most to you.",content,4
R_31Z5qWarXAdC3n8,Try chewing gum if you have trouble resisting smoking when other people light up around you.,content,4
R_2XniPJa9AUwPfVI,"If leaving social situations to avoid smokers feels awkward, make sure you have something to do instead - take sugar free mints, lollipops or low fat snacks to chew, or use a stress ball.",content,5
R_2tb59F08SGoKIol,Take a deep breath and let it out slowly. Notice that you are completely OK for this one breath. Do it again.,content,4
R_2XniPJa9AUwPfVI,"To help get through a 'risky situation', remind yourself of how far you've come and the effort that you've put in. Don't ruin your hard work - stay strong!",content,5
R_2XniPJa9AUwPfVI,"Tell yourself, “I am going to quit smoking soon.” Say it out loud. Say to yourself, “I am too strong to continue smoking for the rest of my life.""",content,5
R_2tb59F08SGoKIol,"When your mind tells you that you will be less stressed after smoking a cigarette, remember that you don't have to listen to that thought. It's just a thought and nothing more.",content,4
R_egP8p0fYmBRXwYx,"When you notice yourself trapped in stressful thoughts or worry, say out loud, ""I'm noticing that I'm having some worrisome thoughts."" This helps unhook you from your thoughts so you don't stay caught in them.",content,4
R_2XniPJa9AUwPfVI,"Try to avoid seeing other people smoke. It might sound basic but brain see, brain want! If you can, make life easier and avoid the people you used to smoke with for some time where possible.",content,4
R_2tb59F08SGoKIol,Keep picturing yourself getting home later today knowing that you've gained a smoke-free day. It's nearly a reality!,content,4
R_egP8p0fYmBRXwYx,Stop! Breathe. What is going on around you? Inside you? Allow everything to be just as it is. Breathe again.,content,4
R_3M0aldiZ8uqHWMY,"When your mind tells you that you will be less stressed after smoking a cigarette, remember that you don't have to listen to that thought. It's just a thought and nothing more.",content,3
R_XtWSw8c5Mx7OJTX,You don’t need to get rid of or change your thoughts about smoking—just let them pass by like a cloud in the sky.,content,3
R_XtWSw8c5Mx7OJTX,"Picture the people or things you care deeply about. On a scale of 0-10, how willing are you to let this urge pass for those reasons?",content,3
R_1CHf8El9WmqE3l2,Take a deep breath and let it out slowly. Notice that you are completely OK for this one breath. Do it again.,content,2
R_egP8p0fYmBRXwYx,"To help get through a 'risky situation', remind yourself of how far you've come and the effort that you've put in. Don't ruin your hard work - stay strong!",content,5
R_1CHf8El9WmqE3l2,"You don't have to act on this feeling by smoking or doing anything about it. Give it some space, breathe, and see if it changes. Let the urge and feeling be there while you focus on doing something you care about.",content,3
R_3M0aldiZ8uqHWMY,"Have confidence in knowing that you can have this urge, choose not to smoke, be okay, and choose to do things that matter most to you.",content,3
R_XtWSw8c5Mx7OJTX,"Tell yourself, “I am going to quit smoking soon.” Say it out loud. Say to yourself, “I am too strong to continue smoking for the rest of my life.""",content,4
R_1hGdyupzAvVpcYn,"If you have trouble resisting a craving when other smokers are around, try carrying a water bottle and taking a sip every time you want to ask for a cig.",content,4
R_1hGdyupzAvVpcYn,Keep picturing yourself getting home later today knowing that you've gained a smoke-free day. It's nearly a reality!,content,4
R_31FOaXvTdYgAuoh,"To keep on track, small changes can really help. For example, keep a list of quit reasons where you used to keep cigarettes, rearrange your living space, or grab some extra pens to fiddle with to keep your hands busy.",content,5
R_1hGdyupzAvVpcYn,"To keep on track, small changes can really help. For example, keep a list of quit reasons where you used to keep cigarettes, rearrange your living space, or grab some extra pens to fiddle with to keep your hands busy.",content,4
R_1hGdyupzAvVpcYn,What can you do right now to break the automatic habit of smoking to help you feel better? Pause. Close your eyes. And take 10 slow breaths.,content,5
R_31FOaXvTdYgAuoh,"Stress is temporary. It comes and goes like passing clouds in the sky. When stress demands you to light up, remember you can let it pass by without smoking.",content,4
R_10UkJMK4Op6BJmj,"When you notice yourself trapped in stressful thoughts or worry, say out loud, ""I'm noticing that I'm having some worrisome thoughts."" This helps unhook you from your thoughts so you don't stay caught in them.",content,1
R_1K42Ti9DFVWU3di,"Instead of smoking, use the next two minutes to pay close attention to your senses. Notice what you see, hear, feel, taste, and smell. Urges are just one part of your experience.",content,5
R_2VqdeoAw1Hb3FNk,Craving a cig? Plan a fun activity you can do when you get home as a reward for not smoking.,content,5
R_3ltdTCyEKIzUnHq,"To keep on track, small changes can really help. For example, keep a list of quit reasons where you used to keep cigarettes, rearrange your living space, or grab some extra pens to fiddle with to keep your hands busy.",content,4
R_1rNXF2yItjOwGZ3,"Notice what is triggering your urge. Have understanding and kindness for yourself for feeling this urge. It isn't easy, but can you choose to let it be there without smoking?",content,4
R_3ltdTCyEKIzUnHq,"Try to avoid seeing other people smoke. It might sound basic but brain see, brain want! If you can, make life easier and avoid the people you used to smoke with for some time where possible.",content,4
R_2VqdeoAw1Hb3FNk,"Stress is temporary. It comes and goes like passing clouds in the sky. When stress demands you to light up, remember you can let it pass by without smoking.",content,3
R_2VqdeoAw1Hb3FNk,Try chewing gum if you have trouble resisting smoking when other people light up around you.,content,3
R_12rPPrdKuJ9sdXW,"Just because letting an urge pass isn't easy, doesn't mean that you can't do it. Try it, you might surprise yourself.",content,3
R_1K42Ti9DFVWU3di,"When you notice yourself trapped in stressful thoughts or worry, say out loud, ""I'm noticing that I'm having some worrisome thoughts."" This helps unhook you from your thoughts so you don't stay caught in them.",content,4
R_12rPPrdKuJ9sdXW,Take a deep breath and let it out slowly. Notice that you are completely OK for this one breath. Do it again.,content,3
R_12rPPrdKuJ9sdXW,"If leaving social situations to avoid smokers feels awkward, make sure you have something to do instead - take sugar free mints, lollipops or low fat snacks to chew, or use a stress ball.",content,3
R_12rPPrdKuJ9sdXW,"Have confidence in knowing that you can have this urge, choose not to smoke, be okay, and choose to do things that matter most to you.",content,3
R_82ClRmKpQdZDe3n,"Each time you choose to not smoke after seeing someone else light up, you lessen the habit a little more.",content,3
R_12rPPrdKuJ9sdXW,You don’t need to get rid of or change your thoughts about smoking—just let them pass by like a cloud in the sky.,content,3
R_82ClRmKpQdZDe3n,"Tell yourself, “I am going to quit smoking soon.” Say it out loud. Say to yourself, “I am too strong to continue smoking for the rest of my life.""",content,4
R_1esMtHY09tTvIAq,Pause and take 5 slow breaths. Pausing just for a moment breaks the automatic habit of reaching for a smoke.,content,4
R_1esMtHY09tTvIAq,Take a deep breath and let it out slowly. Notice that you are completely OK for this one breath. Do it again.,content,4
R_1esMtHY09tTvIAq,"If you have trouble resisting a craving when other smokers are around, try carrying a water bottle and taking a sip every time you want to ask for a cig.",content,4
R_1esMtHY09tTvIAq,"Life can get you really stressed out, but turning to cigs isn't the answer. Call or text family and friends instead. Ask them to help you stay on track.",content,4
R_2f2nPA3eDsUQlKb,"You don't have to act on this feeling by smoking or doing anything about it. Give it some space, breathe, and see if it changes. Let the urge and feeling be there while you focus on doing something you care about.",content,5
R_T6CQ6JPAYZK3IzL,"Instead of smoking, use the next two minutes to pay close attention to your senses. Notice what you see, hear, feel, taste, and smell. Urges are just one part of your experience.",content,3
R_2f2nPA3eDsUQlKb,Craving a cig? Plan a fun activity you can do when you get home as a reward for not smoking.,content,5
R_2f2nPA3eDsUQlKb,"Think about times in the past when you have let urges pass during a stressful moment, and notice what helped make that moment easier.",content,5
R_2f2nPA3eDsUQlKb,"Try to avoid seeing other people smoke. It might sound basic but brain see, brain want! If you can, make life easier and avoid the people you used to smoke with for some time where possible.",content,3
R_T6CQ6JPAYZK3IzL,"Tell yourself, “I am going to quit smoking soon.” Say it out loud. Say to yourself, “I am too strong to continue smoking for the rest of my life.""",content,5
R_cZOk0g6CWiEvwSB,Take a deep breath and let it out slowly. Notice that you are completely OK for this one breath. Do it again.,content,4
R_cZOk0g6CWiEvwSB,"Tell yourself, “I am going to quit smoking soon.” Say it out loud. Say to yourself, “I am too strong to continue smoking for the rest of my life.""",content,2
R_T6CQ6JPAYZK3IzL,"Think about times in the past when you have let urges pass during a stressful moment, and notice what helped make that moment easier.",content,4
R_cZOk0g6CWiEvwSB,Stop! Breathe. What is going on around you? Inside you? Allow everything to be just as it is. Breathe again.,content,4
R_82ClRmKpQdZDe3n,Pause and take 5 slow breaths. Pausing just for a moment breaks the automatic habit of reaching for a smoke.,content,4
R_T6CQ6JPAYZK3IzL,What can you do right now to break the automatic habit of smoking to help you feel better? Pause. Close your eyes. And take 10 slow breaths.,content,5
R_cZOk0g6CWiEvwSB,"Are you feeling down because you are thinking of smoking? It's really important to be kind to yourself, and to make sure you give yourself praise too!",content,5
R_SGHOnkO1bWVTwK5,"Just because letting an urge pass isn't easy, doesn't mean that you can't do it. Try it, you might surprise yourself.",content,4
R_cZOk0g6CWiEvwSB,"Ask yourself, ""From 0-10, how willing am I to let this urge pass without smoking?"" Let it pass to be closer to the things that matter most to you.",content,1
R_zS8b1z8J3S5YeT7,"Just because letting an urge pass isn't easy, doesn't mean that you can't do it. Try it, you might surprise yourself.",content,1
R_SGHOnkO1bWVTwK5,Try chewing gum if you have trouble resisting smoking when other people light up around you.,content,3
R_zS8b1z8J3S5YeT7,"To help get through a 'risky situation', remind yourself of how far you've come and the effort that you've put in. Don't ruin your hard work - stay strong!",content,4
R_zS8b1z8J3S5YeT7,"If you have trouble resisting a craving when other smokers are around, try carrying a water bottle and taking a sip every time you want to ask for a cig.",content,4
R_31FOaXvTdYgAuoh,You don’t need to get rid of or change your thoughts about smoking—just let them pass by like a cloud in the sky.,content,1
R_2fiytMMvH1ACnEs,"Have confidence in knowing that you can have this urge, choose not to smoke, be okay, and choose to do things that matter most to you.",content,4
R_2fiytMMvH1ACnEs,"Tell yourself, “I am going to quit smoking soon.” Say it out loud. Say to yourself, “I am too strong to continue smoking for the rest of my life.""",content,3
R_C8pYdLeRXuxGO65,"Instead of smoking, use the next two minutes to pay close attention to your senses. Notice what you see, hear, feel, taste, and smell. Urges are just one part of your experience.",content,4
R_C8pYdLeRXuxGO65,"Try to avoid seeing other people smoke. It might sound basic but brain see, brain want! If you can, make life easier and avoid the people you used to smoke with for some time where possible.",content,4
R_yvzD1ua3vtIv4xb,"Each time you choose to not smoke after seeing someone else light up, you lessen the habit a little more.",content,2
R_C8pYdLeRXuxGO65,"You don't have to act on this feeling by smoking or doing anything about it. Give it some space, breathe, and see if it changes. Let the urge and feeling be there while you focus on doing something you care about.",content,4
R_yvzD1ua3vtIv4xb,"If you have trouble resisting a craving when other smokers are around, try carrying a water bottle and taking a sip every time you want to ask for a cig.",content,3
R_elhRWkV8yJfLqjD,"To keep on track, small changes can really help. For example, keep a list of quit reasons where you used to keep cigarettes, rearrange your living space, or grab some extra pens to fiddle with to keep your hands busy.",content,5
R_C8pYdLeRXuxGO65,"Have confidence in knowing that you can have this urge, choose not to smoke, be okay, and choose to do things that matter most to you.",content,5
R_elhRWkV8yJfLqjD,Take a deep breath. Focus on today and the things you have accomplished. How many urges have you let pass? Give yourself some credit!,content,5
R_elhRWkV8yJfLqjD,"Just because letting an urge pass isn't easy, doesn't mean that you can't do it. Try it, you might surprise yourself.",content,5
R_AzogNvRUe1115sZ,"Life can get you really stressed out, but turning to cigs isn't the answer. Call or text family and friends instead. Ask them to help you stay on track.",content,5
R_ezZGx0ILza2umwV,"Life can get you really stressed out, but turning to cigs isn't the answer. Call or text family and friends instead. Ask them to help you stay on track.",content,3
R_ezZGx0ILza2umwV,"Tell yourself, “I am going to quit smoking soon.” Say it out loud. Say to yourself, “I am too strong to continue smoking for the rest of my life.""",content,5
R_ezZGx0ILza2umwV,"Instead of smoking, keep your fingers busy by scrolling through your phone.",content,3
R_ezZGx0ILza2umwV,You don’t need to get rid of or change your thoughts about smoking—just let them pass by like a cloud in the sky.,content,3
R_6eVLls0XtmmyGeB,Take a deep breath and let it out slowly. Notice that you are completely OK for this one breath. Do it again.,content,4
R_6eVLls0XtmmyGeB,Try chewing gum if you have trouble resisting smoking when other people light up around you.,content,5
R_1oi0yOHxlfJ9NrC,Stop! Breathe. What is going on around you? Inside you? Allow everything to be just as it is. Breathe again.,content,3
R_2wGNF35bI9iFZIx,"Tell yourself, “I am going to quit smoking soon.” Say it out loud. Say to yourself, “I am too strong to continue smoking for the rest of my life.""",content,1
R_ymcaGl7POG3cDdL,"Life can get you really stressed out, but turning to cigs isn't the answer. Call or text family and friends instead. Ask them to help you stay on track.",content,2
R_ymcaGl7POG3cDdL,What can you do right now to break the automatic habit of smoking to help you feel better? Pause. Close your eyes. And take 10 slow breaths.,content,2
R_3h3FfjsJGVluXdM,"When you notice yourself trapped in stressful thoughts or worry, say out loud, ""I'm noticing that I'm having some worrisome thoughts."" This helps unhook you from your thoughts so you don't stay caught in them.",content,2
R_3h3FfjsJGVluXdM,Craving a cig? Plan a fun activity you can do when you get home as a reward for not smoking.,content,2
R_9BIWYw553BOZ5U5,"To help get through a 'risky situation', remind yourself of how far you've come and the effort that you've put in. Don't ruin your hard work - stay strong!",content,3
R_3h3FfjsJGVluXdM,"Each time you choose to not smoke after seeing someone else light up, you lessen the habit a little more.",content,4
R_3h3FfjsJGVluXdM,What can you do right now to break the automatic habit of smoking to help you feel better? Pause. Close your eyes. And take 10 slow breaths.,content,1
R_2wGNF35bI9iFZIx,"Are you feeling down because you are thinking of smoking? It's really important to be kind to yourself, and to make sure you give yourself praise too!",content,1
R_1QmcgaFY0Bk8vz2,"Think about times in the past when you have let urges pass during a stressful moment, and notice what helped make that moment easier.",content,4
R_1hYlNpwgs7jBnfG,You don’t need to get rid of or change your thoughts about smoking—just let them pass by like a cloud in the sky.,content,5
R_1dElxzh4oksIAE7,"To help get through a 'risky situation', remind yourself of how far you've come and the effort that you've put in. Don't ruin your hard work - stay strong!",content,5
R_1dElxzh4oksIAE7,Pause and take 5 slow breaths. Pausing just for a moment breaks the automatic habit of reaching for a smoke.,content,5
R_1QmcgaFY0Bk8vz2,"Notice what is triggering your urge. Have understanding and kindness for yourself for feeling this urge. It isn't easy, but can you choose to let it be there without smoking?",content,4
R_1QmcgaFY0Bk8vz2,"Instead of smoking, keep your fingers busy by scrolling through your phone.",content,3
R_3DAxhMwsbbHPLhL,"Instead of smoking, use the next two minutes to pay close attention to your senses. Notice what you see, hear, feel, taste, and smell. Urges are just one part of your experience.",content,5
R_2uUOTtjLJuW79MA,"Picture the people or things you care deeply about. On a scale of 0-10, how willing are you to let this urge pass for those reasons?",content,5
R_2uUOTtjLJuW79MA,Try chewing gum if you have trouble resisting smoking when other people light up around you.,content,5
R_2uUOTtjLJuW79MA,"Ask yourself, ""From 0-10, how willing am I to let this urge pass without smoking?"" Let it pass to be closer to the things that matter most to you.",content,5
R_1FLMFlfSs0QU2xJ,"Have confidence in knowing that you can have this urge, choose not to smoke, be okay, and choose to do things that matter most to you.",content,5
R_1FLMFlfSs0QU2xJ,"Each time you choose to not smoke after seeing someone else light up, you lessen the habit a little more.",content,5
R_1FLMFlfSs0QU2xJ,Craving a cig? Plan a fun activity you can do when you get home as a reward for not smoking.,content,5
R_1dB5HW7R2HG2880,"Have confidence in knowing that you can have this urge, choose not to smoke, be okay, and choose to do things that matter most to you.",content,4
R_1dB5HW7R2HG2880,"Are you feeling down because you are thinking of smoking? It's really important to be kind to yourself, and to make sure you give yourself praise too!",content,5
R_3KvguqEakrMcnY3,"If leaving social situations to avoid smokers feels awkward, make sure you have something to do instead - take sugar free mints, lollipops or low fat snacks to chew, or use a stress ball.",content,3
R_1FLMFlfSs0QU2xJ,"Think about times in the past when you have let urges pass during a stressful moment, and notice what helped make that moment easier.",content,5
R_3KvguqEakrMcnY3,"Try to avoid seeing other people smoke. It might sound basic but brain see, brain want! If you can, make life easier and avoid the people you used to smoke with for some time where possible.",content,3
R_1dB5HW7R2HG2880,Pause and take 5 slow breaths. Pausing just for a moment breaks the automatic habit of reaching for a smoke.,content,4
R_1dB5HW7R2HG2880,"When you notice yourself trapped in stressful thoughts or worry, say out loud, ""I'm noticing that I'm having some worrisome thoughts."" This helps unhook you from your thoughts so you don't stay caught in them.",content,5
R_DwKx5csKPfJ7qUh,"Think about times in the past when you have let urges pass during a stressful moment, and notice what helped make that moment easier.",content,5
R_33Ds3kTSgABzwcn,"To keep on track, small changes can really help. For example, keep a list of quit reasons where you used to keep cigarettes, rearrange your living space, or grab some extra pens to fiddle with to keep your hands busy.",content,5
R_3RgXfJmoKNcXlYA,"When you notice yourself trapped in stressful thoughts or worry, say out loud, ""I'm noticing that I'm having some worrisome thoughts."" This helps unhook you from your thoughts so you don't stay caught in them.",content,3
R_DwKx5csKPfJ7qUh,"To keep on track, small changes can really help. For example, keep a list of quit reasons where you used to keep cigarettes, rearrange your living space, or grab some extra pens to fiddle with to keep your hands busy.",content,5
R_3LZSl6PaL6s21ta,Take a deep breath. Focus on today and the things you have accomplished. How many urges have you let pass? Give yourself some credit!,content,5
R_3LZSl6PaL6s21ta,"Are you feeling down because you are thinking of smoking? It's really important to be kind to yourself, and to make sure you give yourself praise too!",content,4
R_3iX1Rd8mpJcVEqL,Pause and take 5 slow breaths. Pausing just for a moment breaks the automatic habit of reaching for a smoke.,content,4
R_3LZSl6PaL6s21ta,Try chewing gum if you have trouble resisting smoking when other people light up around you.,content,5
R_YSqVRffx3jVGTHr,"Picture the people or things you care deeply about. On a scale of 0-10, how willing are you to let this urge pass for those reasons?",content,4
R_1P0JC5vXBXu7qsw,"Instead of smoking, keep your fingers busy by scrolling through your phone.",content,5
R_YSqVRffx3jVGTHr,Stop! Breathe. What is going on around you? Inside you? Allow everything to be just as it is. Breathe again.,content,4
R_1P0JC5vXBXu7qsw,"Stress is temporary. It comes and goes like passing clouds in the sky. When stress demands you to light up, remember you can let it pass by without smoking.",content,5
R_3sB4F7dfT1MpVPK,Pause and take 5 slow breaths. Pausing just for a moment breaks the automatic habit of reaching for a smoke.,content,4
R_2RRpmlLMjgGXowQ,You don’t need to get rid of or change your thoughts about smoking—just let them pass by like a cloud in the sky.,content,5
R_3LZSl6PaL6s21ta,Keep picturing yourself getting home later today knowing that you've gained a smoke-free day. It's nearly a reality!,content,5
R_sC0QUFDMAWehkS5,Take a deep breath. Focus on today and the things you have accomplished. How many urges have you let pass? Give yourself some credit!,content,4
R_2RRpmlLMjgGXowQ,"If you have trouble resisting a craving when other smokers are around, try carrying a water bottle and taking a sip every time you want to ask for a cig.",content,4
R_2CKhUP7XjrnmiCb,Take a deep breath and let it out slowly. Notice that you are completely OK for this one breath. Do it again.,content,3
R_2CKhUP7XjrnmiCb,"To help get through a 'risky situation', remind yourself of how far you've come and the effort that you've put in. Don't ruin your hard work - stay strong!",content,4
R_1P0JC5vXBXu7qsw,Keep picturing yourself getting home later today knowing that you've gained a smoke-free day. It's nearly a reality!,content,5
R_2TAkxIhQQ1K2kKb,"Think about times in the past when you have let urges pass during a stressful moment, and notice what helped make that moment easier.",content,5
R_2TAkxIhQQ1K2kKb,"Picture the people or things you care deeply about. On a scale of 0-10, how willing are you to let this urge pass for those reasons?",content,5
R_sC0QUFDMAWehkS5,Pause and take 5 slow breaths. Pausing just for a moment breaks the automatic habit of reaching for a smoke.,content,4
R_2TAkxIhQQ1K2kKb,"Notice what is triggering your urge. Have understanding and kindness for yourself for feeling this urge. It isn't easy, but can you choose to let it be there without smoking?",content,5
R_sC0QUFDMAWehkS5,"To help get through a 'risky situation', remind yourself of how far you've come and the effort that you've put in. Don't ruin your hard work - stay strong!",content,4
R_2TAkxIhQQ1K2kKb,"Instead of smoking, keep your fingers busy by scrolling through your phone.",content,5
R_2TAkxIhQQ1K2kKb,"Tell yourself, “I am going to quit smoking soon.” Say it out loud. Say to yourself, “I am too strong to continue smoking for the rest of my life.""",content,5
R_2TAkxIhQQ1K2kKb,You don’t need to get rid of or change your thoughts about smoking—just let them pass by like a cloud in the sky.,content,1
R_ZIxAlCoJeIjNicF,What can you do right now to break the automatic habit of smoking to help you feel better? Pause. Close your eyes. And take 10 slow breaths.,content,4
R_9nRwImVX1vIl1Lz,"Think about times in the past when you have let urges pass during a stressful moment, and notice what helped make that moment easier.",content,4
R_ZIxAlCoJeIjNicF,"Are you feeling down because you are thinking of smoking? It's really important to be kind to yourself, and to make sure you give yourself praise too!",content,5
R_3oMlHDYNS7qjrv0,"You don't have to act on this feeling by smoking or doing anything about it. Give it some space, breathe, and see if it changes. Let the urge and feeling be there while you focus on doing something you care about.",content,4
R_3oMlHDYNS7qjrv0,Craving a cig? Plan a fun activity you can do when you get home as a reward for not smoking.,content,4
R_9nRwImVX1vIl1Lz,"Instead of smoking, keep your fingers busy by scrolling through your phone.",content,5
R_2dKLJ1c0ag7Kj74,Take a deep breath. Focus on today and the things you have accomplished. How many urges have you let pass? Give yourself some credit!,content,4
R_2dKLJ1c0ag7Kj74,Take a deep breath and let it out slowly. Notice that you are completely OK for this one breath. Do it again.,content,2
R_1r6T6TGhL5Skoum,"When you notice yourself trapped in stressful thoughts or worry, say out loud, ""I'm noticing that I'm having some worrisome thoughts."" This helps unhook you from your thoughts so you don't stay caught in them.",content,3
R_31yAQ1GCGjcYECK,"To keep on track, small changes can really help. For example, keep a list of quit reasons where you used to keep cigarettes, rearrange your living space, or grab some extra pens to fiddle with to keep your hands busy.",content,5
R_1r6T6TGhL5Skoum,"Just because letting an urge pass isn't easy, doesn't mean that you can't do it. Try it, you might surprise yourself.",content,3
R_3KCJ41qoCrzI4Cw,"Life can get you really stressed out, but turning to cigs isn't the answer. Call or text family and friends instead. Ask them to help you stay on track.",content,4
R_3KCJ41qoCrzI4Cw,"When you notice yourself trapped in stressful thoughts or worry, say out loud, ""I'm noticing that I'm having some worrisome thoughts."" This helps unhook you from your thoughts so you don't stay caught in them.",content,5
R_1OGJQJib5PQag6L,"When you notice yourself trapped in stressful thoughts or worry, say out loud, ""I'm noticing that I'm having some worrisome thoughts."" This helps unhook you from your thoughts so you don't stay caught in them.",content,4
R_214xgyW6yDCmLVE,"Notice what is triggering your urge. Have understanding and kindness for yourself for feeling this urge. It isn't easy, but can you choose to let it be there without smoking?",content,3
R_eeoRDsfUd94L8Ln,Craving a cig? Plan a fun activity you can do when you get home as a reward for not smoking.,content,4
R_eeoRDsfUd94L8Ln,"When you notice yourself trapped in stressful thoughts or worry, say out loud, ""I'm noticing that I'm having some worrisome thoughts."" This helps unhook you from your thoughts so you don't stay caught in them.",content,3
R_3KpigFoEHllOztA,"When you notice yourself trapped in stressful thoughts or worry, say out loud, ""I'm noticing that I'm having some worrisome thoughts."" This helps unhook you from your thoughts so you don't stay caught in them.",content,5
R_3KpigFoEHllOztA,Try chewing gum if you have trouble resisting smoking when other people light up around you.,content,5
R_eeoRDsfUd94L8Ln,"You don't have to act on this feeling by smoking or doing anything about it. Give it some space, breathe, and see if it changes. Let the urge and feeling be there while you focus on doing something you care about.",content,3
R_1OGJQJib5PQag6L,"Think about times in the past when you have let urges pass during a stressful moment, and notice what helped make that moment easier.",content,4
R_214xgyW6yDCmLVE,"To help get through a 'risky situation', remind yourself of how far you've come and the effort that you've put in. Don't ruin your hard work - stay strong!",content,4
R_2D5eAUdJrz9ljRo,Stop! Breathe. What is going on around you? Inside you? Allow everything to be just as it is. Breathe again.,content,4
R_2xCWMKetnQTbHhS,"To keep on track, small changes can really help. For example, keep a list of quit reasons where you used to keep cigarettes, rearrange your living space, or grab some extra pens to fiddle with to keep your hands busy.",content,3
R_2xCWMKetnQTbHhS,"Stress is temporary. It comes and goes like passing clouds in the sky. When stress demands you to light up, remember you can let it pass by without smoking.",content,4
R_2xCWMKetnQTbHhS,"Just because letting an urge pass isn't easy, doesn't mean that you can't do it. Try it, you might surprise yourself.",content,4
R_2D5eAUdJrz9ljRo,"Try to avoid seeing other people smoke. It might sound basic but brain see, brain want! If you can, make life easier and avoid the people you used to smoke with for some time where possible.",content,5
R_2xCWMKetnQTbHhS,"Have confidence in knowing that you can have this urge, choose not to smoke, be okay, and choose to do things that matter most to you.",content,3
R_3p5tv5AOzLSkjxE,"When your mind tells you that you will be less stressed after smoking a cigarette, remember that you don't have to listen to that thought. It's just a thought and nothing more.",content,4
R_3p5tv5AOzLSkjxE,"Just because letting an urge pass isn't easy, doesn't mean that you can't do it. Try it, you might surprise yourself.",content,5
R_3p5tv5AOzLSkjxE,You don’t need to get rid of or change your thoughts about smoking—just let them pass by like a cloud in the sky.,content,4
R_3p5tv5AOzLSkjxE,"If you have trouble resisting a craving when other smokers are around, try carrying a water bottle and taking a sip every time you want to ask for a cig.",content,4
R_1DO5uW1wPiGe750,"Have confidence in knowing that you can have this urge, choose not to smoke, be okay, and choose to do things that matter most to you.",content,2
R_2D5eAUdJrz9ljRo,"Picture the people or things you care deeply about. On a scale of 0-10, how willing are you to let this urge pass for those reasons?",content,4
R_1DO5uW1wPiGe750,"Instead of smoking, use the next two minutes to pay close attention to your senses. Notice what you see, hear, feel, taste, and smell. Urges are just one part of your experience.",content,2
R_2aFQUBYU4fG1WCS,"Are you feeling down because you are thinking of smoking? It's really important to be kind to yourself, and to make sure you give yourself praise too!",content,5
R_1DO5uW1wPiGe750,"Instead of smoking, keep your fingers busy by scrolling through your phone.",content,4
R_2aFQUBYU4fG1WCS,Try chewing gum if you have trouble resisting smoking when other people light up around you.,content,4
R_2aFQUBYU4fG1WCS,"Notice what is triggering your urge. Have understanding and kindness for yourself for feeling this urge. It isn't easy, but can you choose to let it be there without smoking?",content,4
R_2aFQUBYU4fG1WCS,"When your mind tells you that you will be less stressed after smoking a cigarette, remember that you don't have to listen to that thought. It's just a thought and nothing more.",content,2
R_2aFQUBYU4fG1WCS,"Just because letting an urge pass isn't easy, doesn't mean that you can't do it. Try it, you might surprise yourself.",content,5
R_3e982vYopcufMzA,"Notice what is triggering your urge. Have understanding and kindness for yourself for feeling this urge. It isn't easy, but can you choose to let it be there without smoking?",content,2
R_3e982vYopcufMzA,"Think about times in the past when you have let urges pass during a stressful moment, and notice what helped make that moment easier.",content,3
R_3e982vYopcufMzA,Take a deep breath. Focus on today and the things you have accomplished. How many urges have you let pass? Give yourself some credit!,content,4
R_3e982vYopcufMzA,"Picture the people or things you care deeply about. On a scale of 0-10, how willing are you to let this urge pass for those reasons?",content,3
R_QcZ397s04VIIIaB,Take a deep breath. Focus on today and the things you have accomplished. How many urges have you let pass? Give yourself some credit!,content,4
R_QcZ397s04VIIIaB,"Try to avoid seeing other people smoke. It might sound basic but brain see, brain want! If you can, make life easier and avoid the people you used to smoke with for some time where possible.",content,4
R_QcZ397s04VIIIaB,"When you notice yourself trapped in stressful thoughts or worry, say out loud, ""I'm noticing that I'm having some worrisome thoughts."" This helps unhook you from your thoughts so you don't stay caught in them.",content,3
R_QcZ397s04VIIIaB,"Tell yourself, “I am going to quit smoking soon.” Say it out loud. Say to yourself, “I am too strong to continue smoking for the rest of my life.""",content,4
R_ulhYfRjXleGLnFf,"If leaving social situations to avoid smokers feels awkward, make sure you have something to do instead - take sugar free mints, lollipops or low fat snacks to chew, or use a stress ball.",content,2
R_ulhYfRjXleGLnFf,"Ask yourself, ""From 0-10, how willing am I to let this urge pass without smoking?"" Let it pass to be closer to the things that matter most to you.",content,5
R_ulhYfRjXleGLnFf,"When your mind tells you that you will be less stressed after smoking a cigarette, remember that you don't have to listen to that thought. It's just a thought and nothing more.",content,5
R_2dGZLRLdzQOUyAt,"Instead of smoking, keep your fingers busy by scrolling through your phone.",content,3
R_2dGZLRLdzQOUyAt,"If leaving social situations to avoid smokers feels awkward, make sure you have something to do instead - take sugar free mints, lollipops or low fat snacks to chew, or use a stress ball.",content,3
R_324x8C5qA1KSQnk,Take a deep breath. Focus on today and the things you have accomplished. How many urges have you let pass? Give yourself some credit!,content,3
R_2dGZLRLdzQOUyAt,"Try to avoid seeing other people smoke. It might sound basic but brain see, brain want! If you can, make life easier and avoid the people you used to smoke with for some time where possible.",content,2
R_1qfHfv9YPgooAYU,Pause and take 5 slow breaths. Pausing just for a moment breaks the automatic habit of reaching for a smoke.,content,2
R_324x8C5qA1KSQnk,"Picture the people or things you care deeply about. On a scale of 0-10, how willing are you to let this urge pass for those reasons?",content,3
R_1qfHfv9YPgooAYU,"Think about times in the past when you have let urges pass during a stressful moment, and notice what helped make that moment easier.",content,3
R_3korBxVN9OVSKuB,"Notice what is triggering your urge. Have understanding and kindness for yourself for feeling this urge. It isn't easy, but can you choose to let it be there without smoking?",content,3
R_3p3HtZSt7tVTDzF,"Just because letting an urge pass isn't easy, doesn't mean that you can't do it. Try it, you might surprise yourself.",content,2
R_2TLhxI7m8vFOtSM,"Ask yourself, ""From 0-10, how willing am I to let this urge pass without smoking?"" Let it pass to be closer to the things that matter most to you.",design,5
R_3korBxVN9OVSKuB,Take a deep breath and let it out slowly. Notice that you are completely OK for this one breath. Do it again.,content,4
R_3p3HtZSt7tVTDzF,"Life can get you really stressed out, but turning to cigs isn't the answer. Call or text family and friends instead. Ask them to help you stay on track.",content,2
R_zfooO7wvXURPJMR,"Have confidence in knowing that you can have this urge, choose not to smoke, be okay, and choose to do things that matter most to you.",content,4
R_3RdpC3AksevXjV3,Try chewing gum if you have trouble resisting smoking when other people light up around you.,design,4
R_1CsBI6n0sickaMf,"Have confidence in knowing that you can have this urge, choose not to smoke, be okay, and choose to do things that matter most to you.",design,4
R_1CsBI6n0sickaMf,"Try to avoid seeing other people smoke. It might sound basic but brain see, brain want! If you can, make life easier and avoid the people you used to smoke with for some time where possible.",design,3
R_3RdpC3AksevXjV3,Craving a cig? Plan a fun activity you can do when you get home as a reward for not smoking.,design,4
R_2TLhxI7m8vFOtSM,"Life can get you really stressed out, but turning to cigs isn't the answer. Call or text family and friends instead. Ask them to help you stay on track.",design,5
R_3iXqzrMBoirLzI3,"Each time you choose to not smoke after seeing someone else light up, you lessen the habit a little more.",design,3
R_2dGZLRLdzQOUyAt,"Each time you choose to not smoke after seeing someone else light up, you lessen the habit a little more.",content,3
R_1FIAY0n0YUhZ8qj,Stop! Breathe. What is going on around you? Inside you? Allow everything to be just as it is. Breathe again.,design,3
R_3RdpC3AksevXjV3,Stop! Breathe. What is going on around you? Inside you? Allow everything to be just as it is. Breathe again.,design,4
R_1FIAY0n0YUhZ8qj,"When your mind tells you that you will be less stressed after smoking a cigarette, remember that you don't have to listen to that thought. It's just a thought and nothing more.",design,3
R_3iXqzrMBoirLzI3,Take a deep breath. Focus on today and the things you have accomplished. How many urges have you let pass? Give yourself some credit!,design,4
R_1jJ7gWFgCCJECio,"Are you feeling down because you are thinking of smoking? It's really important to be kind to yourself, and to make sure you give yourself praise too!",design,3
R_1jJ7gWFgCCJECio,"Tell yourself, “I am going to quit smoking soon.” Say it out loud. Say to yourself, “I am too strong to continue smoking for the rest of my life.""",design,5
R_1jJ7gWFgCCJECio,You don’t need to get rid of or change your thoughts about smoking—just let them pass by like a cloud in the sky.,design,4
R_1FIAY0n0YUhZ8qj,"Instead of smoking, keep your fingers busy by scrolling through your phone.",design,3
R_1P0oczpTJACNgTu,"Instead of smoking, keep your fingers busy by scrolling through your phone.",design,4
R_1P0oczpTJACNgTu,"To keep on track, small changes can really help. For example, keep a list of quit reasons where you used to keep cigarettes, rearrange your living space, or grab some extra pens to fiddle with to keep your hands busy.",design,3
R_1jJ7gWFgCCJECio,"To keep on track, small changes can really help. For example, keep a list of quit reasons where you used to keep cigarettes, rearrange your living space, or grab some extra pens to fiddle with to keep your hands busy.",design,4
R_1NrGB4f0oxbF9dB,"Try to avoid seeing other people smoke. It might sound basic but brain see, brain want! If you can, make life easier and avoid the people you used to smoke with for some time where possible.",design,5
R_1NrGB4f0oxbF9dB,What can you do right now to break the automatic habit of smoking to help you feel better? Pause. Close your eyes. And take 10 slow breaths.,design,5
R_1NrGB4f0oxbF9dB,Pause and take 5 slow breaths. Pausing just for a moment breaks the automatic habit of reaching for a smoke.,design,5
R_1P0oczpTJACNgTu,"Tell yourself, “I am going to quit smoking soon.” Say it out loud. Say to yourself, “I am too strong to continue smoking for the rest of my life.""",design,3
R_1IEhFJEEO3AovIB,You don’t need to get rid of or change your thoughts about smoking—just let them pass by like a cloud in the sky.,design,2
R_3iXqzrMBoirLzI3,"Have confidence in knowing that you can have this urge, choose not to smoke, be okay, and choose to do things that matter most to you.",design,5
R_Uzk0AyJkisH4VgJ,"When your mind tells you that you will be less stressed after smoking a cigarette, remember that you don't have to listen to that thought. It's just a thought and nothing more.",design,3
R_2B3VWlCR2CLiZVA,"Stress is temporary. It comes and goes like passing clouds in the sky. When stress demands you to light up, remember you can let it pass by without smoking.",design,4
R_2slOAXD2vKd78bv,"Instead of smoking, keep your fingers busy by scrolling through your phone.",design,5
R_2B3VWlCR2CLiZVA,"When your mind tells you that you will be less stressed after smoking a cigarette, remember that you don't have to listen to that thought. It's just a thought and nothing more.",design,5
R_Uzk0AyJkisH4VgJ,You don’t need to get rid of or change your thoughts about smoking—just let them pass by like a cloud in the sky.,design,3
R_3O0Uk2yBlfPpJ8d,Keep picturing yourself getting home later today knowing that you've gained a smoke-free day. It's nearly a reality!,design,5
R_2slOAXD2vKd78bv,"Think about times in the past when you have let urges pass during a stressful moment, and notice what helped make that moment easier.",design,5
R_z1mUxVN8eA6R7Ut,Take a deep breath. Focus on today and the things you have accomplished. How many urges have you let pass? Give yourself some credit!,design,3
R_2PBQT9n6oKAcXSA,"If you have trouble resisting a craving when other smokers are around, try carrying a water bottle and taking a sip every time you want to ask for a cig.",design,3
R_1lrEGL7SbqIoxZL,"Tell yourself, “I am going to quit smoking soon.” Say it out loud. Say to yourself, “I am too strong to continue smoking for the rest of my life.""",design,3
R_3O0Uk2yBlfPpJ8d,"Instead of smoking, keep your fingers busy by scrolling through your phone.",design,5
R_2mLgm3ND8fQh2cV,"To help get through a 'risky situation', remind yourself of how far you've come and the effort that you've put in. Don't ruin your hard work - stay strong!",design,4
R_1rHeHtccIYUu1bq,Take a deep breath and let it out slowly. Notice that you are completely OK for this one breath. Do it again.,design,2
R_1rHeHtccIYUu1bq,"Instead of smoking, keep your fingers busy by scrolling through your phone.",design,2
R_1rHeHtccIYUu1bq,"Tell yourself, “I am going to quit smoking soon.” Say it out loud. Say to yourself, “I am too strong to continue smoking for the rest of my life.""",design,4
R_1LheFLgdNhZk1kA,"Instead of smoking, use the next two minutes to pay close attention to your senses. Notice what you see, hear, feel, taste, and smell. Urges are just one part of your experience.",design,2
R_1LheFLgdNhZk1kA,Take a deep breath. Focus on today and the things you have accomplished. How many urges have you let pass? Give yourself some credit!,design,4
R_3VibJ58gSES3NNn,Pause and take 5 slow breaths. Pausing just for a moment breaks the automatic habit of reaching for a smoke.,design,4
R_3VibJ58gSES3NNn,"Instead of smoking, use the next two minutes to pay close attention to your senses. Notice what you see, hear, feel, taste, and smell. Urges are just one part of your experience.",design,4
R_1LheFLgdNhZk1kA,Keep picturing yourself getting home later today knowing that you've gained a smoke-free day. It's nearly a reality!,design,4
R_3Matzl9c3RQUXt4,Keep picturing yourself getting home later today knowing that you've gained a smoke-free day. It's nearly a reality!,design,1
R_3Matzl9c3RQUXt4,"You don't have to act on this feeling by smoking or doing anything about it. Give it some space, breathe, and see if it changes. Let the urge and feeling be there while you focus on doing something you care about.",design,3
R_3Matzl9c3RQUXt4,"If you have trouble resisting a craving when other smokers are around, try carrying a water bottle and taking a sip every time you want to ask for a cig.",design,5
R_3Matzl9c3RQUXt4,"Just because letting an urge pass isn't easy, doesn't mean that you can't do it. Try it, you might surprise yourself.",design,5
R_ZrsDNbJydm2C4Jr,"Instead of smoking, keep your fingers busy by scrolling through your phone.",design,5
R_3Matzl9c3RQUXt4,Take a deep breath. Focus on today and the things you have accomplished. How many urges have you let pass? Give yourself some credit!,design,3
R_1Fbqbnf6dLMy4tn,"Try to avoid seeing other people smoke. It might sound basic but brain see, brain want! If you can, make life easier and avoid the people you used to smoke with for some time where possible.",design,2
R_ZrsDNbJydm2C4Jr,"You don't have to act on this feeling by smoking or doing anything about it. Give it some space, breathe, and see if it changes. Let the urge and feeling be there while you focus on doing something you care about.",design,3
R_1Fbqbnf6dLMy4tn,"Are you feeling down because you are thinking of smoking? It's really important to be kind to yourself, and to make sure you give yourself praise too!",design,4
R_1Fbqbnf6dLMy4tn,Try chewing gum if you have trouble resisting smoking when other people light up around you.,design,2
R_ddqI4krc2dw6wX7,"To keep on track, small changes can really help. For example, keep a list of quit reasons where you used to keep cigarettes, rearrange your living space, or grab some extra pens to fiddle with to keep your hands busy.",design,4
R_1Fbqbnf6dLMy4tn,Pause and take 5 slow breaths. Pausing just for a moment breaks the automatic habit of reaching for a smoke.,design,5
R_ThjMPFNDnRudi4F,What can you do right now to break the automatic habit of smoking to help you feel better? Pause. Close your eyes. And take 10 slow breaths.,design,5
R_1Fbqbnf6dLMy4tn,"Instead of smoking, keep your fingers busy by scrolling through your phone.",design,5
R_ThjMPFNDnRudi4F,"Picture the people or things you care deeply about. On a scale of 0-10, how willing are you to let this urge pass for those reasons?",design,5
R_ddqI4krc2dw6wX7,"To help get through a 'risky situation', remind yourself of how far you've come and the effort that you've put in. Don't ruin your hard work - stay strong!",design,4
R_2EtsWpbAEibZktI,What can you do right now to break the automatic habit of smoking to help you feel better? Pause. Close your eyes. And take 10 slow breaths.,design,5
R_udANxFQbhOMyrrr,"Picture the people or things you care deeply about. On a scale of 0-10, how willing are you to let this urge pass for those reasons?",design,3
R_9QCagB11uqmXtMB,"Instead of smoking, use the next two minutes to pay close attention to your senses. Notice what you see, hear, feel, taste, and smell. Urges are just one part of your experience.",design,3
R_ypzX7ic0obI1ZOp,"Tell yourself, “I am going to quit smoking soon.” Say it out loud. Say to yourself, “I am too strong to continue smoking for the rest of my life.""",design,5
R_9QCagB11uqmXtMB,"Picture the people or things you care deeply about. On a scale of 0-10, how willing are you to let this urge pass for those reasons?",design,3
R_9QCagB11uqmXtMB,"If you have trouble resisting a craving when other smokers are around, try carrying a water bottle and taking a sip every time you want to ask for a cig.",design,3
R_2EtsWpbAEibZktI,"When your mind tells you that you will be less stressed after smoking a cigarette, remember that you don't have to listen to that thought. It's just a thought and nothing more.",design,5
R_1M01cLnmxZSOivi,"Each time you choose to not smoke after seeing someone else light up, you lessen the habit a little more.",design,5
R_9QCagB11uqmXtMB,"To keep on track, small changes can really help. For example, keep a list of quit reasons where you used to keep cigarettes, rearrange your living space, or grab some extra pens to fiddle with to keep your hands busy.",design,4
R_ddqI4krc2dw6wX7,Craving a cig? Plan a fun activity you can do when you get home as a reward for not smoking.,design,4
R_2aIvTcmiow4EtsN,"Have confidence in knowing that you can have this urge, choose not to smoke, be okay, and choose to do things that matter most to you.",design,2
R_2aIvTcmiow4EtsN,"Instead of smoking, use the next two minutes to pay close attention to your senses. Notice what you see, hear, feel, taste, and smell. Urges are just one part of your experience.",design,3
R_1LcUKccxzjxAb5y,"Instead of smoking, use the next two minutes to pay close attention to your senses. Notice what you see, hear, feel, taste, and smell. Urges are just one part of your experience.",design,2
R_1LcUKccxzjxAb5y,Take a deep breath. Focus on today and the things you have accomplished. How many urges have you let pass? Give yourself some credit!,design,4
R_1MJS8JtYhdp36EW,"Try to avoid seeing other people smoke. It might sound basic but brain see, brain want! If you can, make life easier and avoid the people you used to smoke with for some time where possible.",design,3
R_30l3R10aOCVGe5w,"To keep on track, small changes can really help. For example, keep a list of quit reasons where you used to keep cigarettes, rearrange your living space, or grab some extra pens to fiddle with to keep your hands busy.",design,5
R_30l3R10aOCVGe5w,"If you have trouble resisting a craving when other smokers are around, try carrying a water bottle and taking a sip every time you want to ask for a cig.",design,4
R_1MJS8JtYhdp36EW,Stop! Breathe. What is going on around you? Inside you? Allow everything to be just as it is. Breathe again.,design,4
R_30l3R10aOCVGe5w,"Tell yourself, “I am going to quit smoking soon.” Say it out loud. Say to yourself, “I am too strong to continue smoking for the rest of my life.""",design,5
R_27DJFH0whD8lucv,"When your mind tells you that you will be less stressed after smoking a cigarette, remember that you don't have to listen to that thought. It's just a thought and nothing more.",design,5
R_1LcUKccxzjxAb5y,"Have confidence in knowing that you can have this urge, choose not to smoke, be okay, and choose to do things that matter most to you.",design,4
R_2wn1SLP3ekGoOSw,"When you notice yourself trapped in stressful thoughts or worry, say out loud, ""I'm noticing that I'm having some worrisome thoughts."" This helps unhook you from your thoughts so you don't stay caught in them.",design,4
R_A5SrtEB9WH4MqMp,"Try to avoid seeing other people smoke. It might sound basic but brain see, brain want! If you can, make life easier and avoid the people you used to smoke with for some time where possible.",design,3
R_2xS1ZxFMCNBndN0,"Instead of smoking, use the next two minutes to pay close attention to your senses. Notice what you see, hear, feel, taste, and smell. Urges are just one part of your experience.",design,5
R_2hJAKbiGgSIIvux,"If you have trouble resisting a craving when other smokers are around, try carrying a water bottle and taking a sip every time you want to ask for a cig.",design,5
R_27DJFH0whD8lucv,"Think about times in the past when you have let urges pass during a stressful moment, and notice what helped make that moment easier.",design,5
R_2hJAKbiGgSIIvux,"Notice what is triggering your urge. Have understanding and kindness for yourself for feeling this urge. It isn't easy, but can you choose to let it be there without smoking?",design,3
R_A5SrtEB9WH4MqMp,Stop! Breathe. What is going on around you? Inside you? Allow everything to be just as it is. Breathe again.,design,4
R_A5SrtEB9WH4MqMp,"When your mind tells you that you will be less stressed after smoking a cigarette, remember that you don't have to listen to that thought. It's just a thought and nothing more.",design,4
R_A5SrtEB9WH4MqMp,Take a deep breath and let it out slowly. Notice that you are completely OK for this one breath. Do it again.,design,2
R_sjRaT0GEpLySTwl,Take a deep breath and let it out slowly. Notice that you are completely OK for this one breath. Do it again.,design,5
R_2VQHk5jScvQlebK,What can you do right now to break the automatic habit of smoking to help you feel better? Pause. Close your eyes. And take 10 slow breaths.,design,3
R_A5SrtEB9WH4MqMp,"Have confidence in knowing that you can have this urge, choose not to smoke, be okay, and choose to do things that matter most to you.",design,4
R_2VQHk5jScvQlebK,Pause and take 5 slow breaths. Pausing just for a moment breaks the automatic habit of reaching for a smoke.,design,3
R_2q3n28BIAEykB1r,What can you do right now to break the automatic habit of smoking to help you feel better? Pause. Close your eyes. And take 10 slow breaths.,design,2
R_2QWcjBtboYh3Ak5,What can you do right now to break the automatic habit of smoking to help you feel better? Pause. Close your eyes. And take 10 slow breaths.,design,4
R_sjRaT0GEpLySTwl,"Picture the people or things you care deeply about. On a scale of 0-10, how willing are you to let this urge pass for those reasons?",design,5
R_PHxxPmpTAyXYltn,"Just because letting an urge pass isn't easy, doesn't mean that you can't do it. Try it, you might surprise yourself.",design,1
R_2q3n28BIAEykB1r,"Try to avoid seeing other people smoke. It might sound basic but brain see, brain want! If you can, make life easier and avoid the people you used to smoke with for some time where possible.",design,4
R_2q3n28BIAEykB1r,"If you have trouble resisting a craving when other smokers are around, try carrying a water bottle and taking a sip every time you want to ask for a cig.",design,4
R_WD8Xnns8UZBfaSd,"Each time you choose to not smoke after seeing someone else light up, you lessen the habit a little more.",design,5
R_WD8Xnns8UZBfaSd,Pause and take 5 slow breaths. Pausing just for a moment breaks the automatic habit of reaching for a smoke.,design,5
R_WD8Xnns8UZBfaSd,"Instead of smoking, keep your fingers busy by scrolling through your phone.",design,4
R_WD8Xnns8UZBfaSd,Try chewing gum if you have trouble resisting smoking when other people light up around you.,design,5
R_2ANmmam6glhzevO,"To keep on track, small changes can really help. For example, keep a list of quit reasons where you used to keep cigarettes, rearrange your living space, or grab some extra pens to fiddle with to keep your hands busy.",design,4
R_2ANmmam6glhzevO,"Tell yourself, “I am going to quit smoking soon.” Say it out loud. Say to yourself, “I am too strong to continue smoking for the rest of my life.""",design,4
R_2ANmmam6glhzevO,"If leaving social situations to avoid smokers feels awkward, make sure you have something to do instead - take sugar free mints, lollipops or low fat snacks to chew, or use a stress ball.",design,4
R_sjRaT0GEpLySTwl,"Tell yourself, “I am going to quit smoking soon.” Say it out loud. Say to yourself, “I am too strong to continue smoking for the rest of my life.""",design,5
R_6X4Tvyh6UHRAfyV,"Just because letting an urge pass isn't easy, doesn't mean that you can't do it. Try it, you might surprise yourself.",design,5
R_6X4Tvyh6UHRAfyV,"To help get through a 'risky situation', remind yourself of how far you've come and the effort that you've put in. Don't ruin your hard work - stay strong!",design,5
R_3ExPCGeioFxwyAb,"If leaving social situations to avoid smokers feels awkward, make sure you have something to do instead - take sugar free mints, lollipops or low fat snacks to chew, or use a stress ball.",design,4
R_WD8Xnns8UZBfaSd,Craving a cig? Plan a fun activity you can do when you get home as a reward for not smoking.,design,5
R_2q3n28BIAEykB1r,Take a deep breath. Focus on today and the things you have accomplished. How many urges have you let pass? Give yourself some credit!,design,4
R_3ExPCGeioFxwyAb,"Instead of smoking, use the next two minutes to pay close attention to your senses. Notice what you see, hear, feel, taste, and smell. Urges are just one part of your experience.",design,4
R_uz9k0k0tnfVxXnr,"When your mind tells you that you will be less stressed after smoking a cigarette, remember that you don't have to listen to that thought. It's just a thought and nothing more.",design,5
R_3Old3ne64pjZMhR,"If you have trouble resisting a craving when other smokers are around, try carrying a water bottle and taking a sip every time you want to ask for a cig.",design,5
R_uz9k0k0tnfVxXnr,"If leaving social situations to avoid smokers feels awkward, make sure you have something to do instead - take sugar free mints, lollipops or low fat snacks to chew, or use a stress ball.",design,4
R_3Old3ne64pjZMhR,What can you do right now to break the automatic habit of smoking to help you feel better? Pause. Close your eyes. And take 10 slow breaths.,design,4
R_2t4J3K6lDaCCRTU,What can you do right now to break the automatic habit of smoking to help you feel better? Pause. Close your eyes. And take 10 slow breaths.,design,4
R_2t4J3K6lDaCCRTU,"When you notice yourself trapped in stressful thoughts or worry, say out loud, ""I'm noticing that I'm having some worrisome thoughts."" This helps unhook you from your thoughts so you don't stay caught in them.",design,4
R_2t4J3K6lDaCCRTU,"Have confidence in knowing that you can have this urge, choose not to smoke, be okay, and choose to do things that matter most to you.",design,5
R_2t4J3K6lDaCCRTU,Pause and take 5 slow breaths. Pausing just for a moment breaks the automatic habit of reaching for a smoke.,design,4
R_2t4J3K6lDaCCRTU,"If leaving social situations to avoid smokers feels awkward, make sure you have something to do instead - take sugar free mints, lollipops or low fat snacks to chew, or use a stress ball.",design,5
R_3PRLOS6qU0lddMs,Keep picturing yourself getting home later today knowing that you've gained a smoke-free day. It's nearly a reality!,design,4
R_3PRLOS6qU0lddMs,"Instead of smoking, keep your fingers busy by scrolling through your phone.",design,4
R_3PRLOS6qU0lddMs,You don’t need to get rid of or change your thoughts about smoking—just let them pass by like a cloud in the sky.,design,4
R_3PRLOS6qU0lddMs,"To keep on track, small changes can really help. For example, keep a list of quit reasons where you used to keep cigarettes, rearrange your living space, or grab some extra pens to fiddle with to keep your hands busy.",design,4
R_1lieuGdN9qSzQWj,"Each time you choose to not smoke after seeing someone else light up, you lessen the habit a little more.",design,5
R_1lieuGdN9qSzQWj,"Ask yourself, ""From 0-10, how willing am I to let this urge pass without smoking?"" Let it pass to be closer to the things that matter most to you.",design,5
R_2zMeTFlURNN8JIW,"Life can get you really stressed out, but turning to cigs isn't the answer. Call or text family and friends instead. Ask them to help you stay on track.",design,4
R_1lieuGdN9qSzQWj,"Picture the people or things you care deeply about. On a scale of 0-10, how willing are you to let this urge pass for those reasons?",design,4
R_1lieuGdN9qSzQWj,"You don't have to act on this feeling by smoking or doing anything about it. Give it some space, breathe, and see if it changes. Let the urge and feeling be there while you focus on doing something you care about.",design,5
R_2zMeTFlURNN8JIW,"Ask yourself, ""From 0-10, how willing am I to let this urge pass without smoking?"" Let it pass to be closer to the things that matter most to you.",design,4
R_2zMeTFlURNN8JIW,Craving a cig? Plan a fun activity you can do when you get home as a reward for not smoking.,design,4
R_BXS3k87bIDHXMOJ,Keep picturing yourself getting home later today knowing that you've gained a smoke-free day. It's nearly a reality!,design,5
R_8Gm4PIZJeorKjwR,"Life can get you really stressed out, but turning to cigs isn't the answer. Call or text family and friends instead. Ask them to help you stay on track.",design,4
R_8Gm4PIZJeorKjwR,Keep picturing yourself getting home later today knowing that you've gained a smoke-free day. It's nearly a reality!,design,4
R_8Gm4PIZJeorKjwR,Take a deep breath. Focus on today and the things you have accomplished. How many urges have you let pass? Give yourself some credit!,design,4
R_8Gm4PIZJeorKjwR,"Each time you choose to not smoke after seeing someone else light up, you lessen the habit a little more.",design,4
R_1i5xawGdcYZxTq1,"Try to avoid seeing other people smoke. It might sound basic but brain see, brain want! If you can, make life easier and avoid the people you used to smoke with for some time where possible.",design,4
R_1i5xawGdcYZxTq1,What can you do right now to break the automatic habit of smoking to help you feel better? Pause. Close your eyes. And take 10 slow breaths.,design,3
R_1i5xawGdcYZxTq1,"Just because letting an urge pass isn't easy, doesn't mean that you can't do it. Try it, you might surprise yourself.",design,4
R_AGqE7z6Gj26NxUl,"If leaving social situations to avoid smokers feels awkward, make sure you have something to do instead - take sugar free mints, lollipops or low fat snacks to chew, or use a stress ball.",design,3
R_20M5OkxYYP8lBbX,"Instead of smoking, use the next two minutes to pay close attention to your senses. Notice what you see, hear, feel, taste, and smell. Urges are just one part of your experience.",design,4
R_20M5OkxYYP8lBbX,Pause and take 5 slow breaths. Pausing just for a moment breaks the automatic habit of reaching for a smoke.,design,4
R_20M5OkxYYP8lBbX,What can you do right now to break the automatic habit of smoking to help you feel better? Pause. Close your eyes. And take 10 slow breaths.,design,4
R_1q9Rim7BuByZwyO,"Stress is temporary. It comes and goes like passing clouds in the sky. When stress demands you to light up, remember you can let it pass by without smoking.",design,5
R_20M5OkxYYP8lBbX,"When your mind tells you that you will be less stressed after smoking a cigarette, remember that you don't have to listen to that thought. It's just a thought and nothing more.",design,4
R_1q9Rim7BuByZwyO,"If leaving social situations to avoid smokers feels awkward, make sure you have something to do instead - take sugar free mints, lollipops or low fat snacks to chew, or use a stress ball.",design,5
R_1LG1SlUQdJOQXzg,Take a deep breath and let it out slowly. Notice that you are completely OK for this one breath. Do it again.,design,5
R_32QljfPmjp0y9oP,"Instead of smoking, keep your fingers busy by scrolling through your phone.",design,5
R_12goR3q8H29V9wo,"Are you feeling down because you are thinking of smoking? It's really important to be kind to yourself, and to make sure you give yourself praise too!",design,5
R_R4sQnvoUm005mEx,"Each time you choose to not smoke after seeing someone else light up, you lessen the habit a little more.",design,3
R_1obFr0yWctWXGZp,"Tell yourself, “I am going to quit smoking soon.” Say it out loud. Say to yourself, “I am too strong to continue smoking for the rest of my life.""",design,3
R_1obFr0yWctWXGZp,"If leaving social situations to avoid smokers feels awkward, make sure you have something to do instead - take sugar free mints, lollipops or low fat snacks to chew, or use a stress ball.",design,4
R_AGqE7z6Gj26NxUl,"Each time you choose to not smoke after seeing someone else light up, you lessen the habit a little more.",design,4
R_2akLi8f3ekB0W5A,"Stress is temporary. It comes and goes like passing clouds in the sky. When stress demands you to light up, remember you can let it pass by without smoking.",design,3
R_2akLi8f3ekB0W5A,"Tell yourself, “I am going to quit smoking soon.” Say it out loud. Say to yourself, “I am too strong to continue smoking for the rest of my life.""",design,3
R_2akLi8f3ekB0W5A,"Picture the people or things you care deeply about. On a scale of 0-10, how willing are you to let this urge pass for those reasons?",design,4
R_UfNqx4ZNtpLPjGh,You don’t need to get rid of or change your thoughts about smoking—just let them pass by like a cloud in the sky.,design,2
R_R4sQnvoUm005mEx,Take a deep breath. Focus on today and the things you have accomplished. How many urges have you let pass? Give yourself some credit!,design,4
R_UfNqx4ZNtpLPjGh,"Instead of smoking, use the next two minutes to pay close attention to your senses. Notice what you see, hear, feel, taste, and smell. Urges are just one part of your experience.",design,4
R_2s1GiahIIuFLBws,What can you do right now to break the automatic habit of smoking to help you feel better? Pause. Close your eyes. And take 10 slow breaths.,design,5
R_2s1GiahIIuFLBws,"Each time you choose to not smoke after seeing someone else light up, you lessen the habit a little more.",design,4
R_1PXijlEZI444JKq,"If leaving social situations to avoid smokers feels awkward, make sure you have something to do instead - take sugar free mints, lollipops or low fat snacks to chew, or use a stress ball.",design,5
R_2YbN5gubGXzJndw,Stop! Breathe. What is going on around you? Inside you? Allow everything to be just as it is. Breathe again.,design,3
R_2s1GiahIIuFLBws,"Picture the people or things you care deeply about. On a scale of 0-10, how willing are you to let this urge pass for those reasons?",design,4
R_2wLEOVbebzghPyp,"If you have trouble resisting a craving when other smokers are around, try carrying a water bottle and taking a sip every time you want to ask for a cig.",design,2
R_1PTVOhQexSxePFM,"Picture the people or things you care deeply about. On a scale of 0-10, how willing are you to let this urge pass for those reasons?",design,4
R_2wLEOVbebzghPyp,Keep picturing yourself getting home later today knowing that you've gained a smoke-free day. It's nearly a reality!,design,5
R_1PTVOhQexSxePFM,"Just because letting an urge pass isn't easy, doesn't mean that you can't do it. Try it, you might surprise yourself.",design,4
R_2f2t38YdAmanMyj,"If leaving social situations to avoid smokers feels awkward, make sure you have something to do instead - take sugar free mints, lollipops or low fat snacks to chew, or use a stress ball.",design,3
R_2f2t38YdAmanMyj,"You don't have to act on this feeling by smoking or doing anything about it. Give it some space, breathe, and see if it changes. Let the urge and feeling be there while you focus on doing something you care about.",design,4
R_2f2t38YdAmanMyj,Take a deep breath and let it out slowly. Notice that you are completely OK for this one breath. Do it again.,design,3
R_1PTVOhQexSxePFM,"If you have trouble resisting a craving when other smokers are around, try carrying a water bottle and taking a sip every time you want to ask for a cig.",design,3
R_1PTVOhQexSxePFM,"Think about times in the past when you have let urges pass during a stressful moment, and notice what helped make that moment easier.",design,4
R_2SB2beGSkKtkj8R,"Picture the people or things you care deeply about. On a scale of 0-10, how willing are you to let this urge pass for those reasons?",design,5
R_2SB2beGSkKtkj8R,You don’t need to get rid of or change your thoughts about smoking—just let them pass by like a cloud in the sky.,design,5
R_1BS2nuFOswlOC2l,"When your mind tells you that you will be less stressed after smoking a cigarette, remember that you don't have to listen to that thought. It's just a thought and nothing more.",design,3
R_2SB2beGSkKtkj8R,Try chewing gum if you have trouble resisting smoking when other people light up around you.,design,4
R_2scgCkZ5nT43GPc,"Are you feeling down because you are thinking of smoking? It's really important to be kind to yourself, and to make sure you give yourself praise too!",design,5
R_2SB2beGSkKtkj8R,"Tell yourself, “I am going to quit smoking soon.” Say it out loud. Say to yourself, “I am too strong to continue smoking for the rest of my life.""",design,4
R_2wi55Y8Szv3A64a,What can you do right now to break the automatic habit of smoking to help you feel better? Pause. Close your eyes. And take 10 slow breaths.,design,5
R_2wi55Y8Szv3A64a,"Notice what is triggering your urge. Have understanding and kindness for yourself for feeling this urge. It isn't easy, but can you choose to let it be there without smoking?",design,5
R_2wi55Y8Szv3A64a,Take a deep breath and let it out slowly. Notice that you are completely OK for this one breath. Do it again.,design,5
R_2wi55Y8Szv3A64a,"Think about times in the past when you have let urges pass during a stressful moment, and notice what helped make that moment easier.",design,5
R_2wi55Y8Szv3A64a,"Instead of smoking, use the next two minutes to pay close attention to your senses. Notice what you see, hear, feel, taste, and smell. Urges are just one part of your experience.",design,5
R_OdINEEhkfMxwJB7,Take a deep breath. Focus on today and the things you have accomplished. How many urges have you let pass? Give yourself some credit!,design,5
R_3gMhVykTKg9svb2,"Life can get you really stressed out, but turning to cigs isn't the answer. Call or text family and friends instead. Ask them to help you stay on track.",design,4
R_3gMhVykTKg9svb2,"Tell yourself, “I am going to quit smoking soon.” Say it out loud. Say to yourself, “I am too strong to continue smoking for the rest of my life.""",design,4
R_OdINEEhkfMxwJB7,"Try to avoid seeing other people smoke. It might sound basic but brain see, brain want! If you can, make life easier and avoid the people you used to smoke with for some time where possible.",design,4
R_33BGkOxFCUVUO7H,"When your mind tells you that you will be less stressed after smoking a cigarette, remember that you don't have to listen to that thought. It's just a thought and nothing more.",design,3
R_33BGkOxFCUVUO7H,Take a deep breath. Focus on today and the things you have accomplished. How many urges have you let pass? Give yourself some credit!,design,4
R_3j7Brs4OzZYgDDM,"To keep on track, small changes can really help. For example, keep a list of quit reasons where you used to keep cigarettes, rearrange your living space, or grab some extra pens to fiddle with to keep your hands busy.",design,5
R_3j7Brs4OzZYgDDM,Take a deep breath. Focus on today and the things you have accomplished. How many urges have you let pass? Give yourself some credit!,design,4
R_DuiFYpo4a2NWuat,What can you do right now to break the automatic habit of smoking to help you feel better? Pause. Close your eyes. And take 10 slow breaths.,design,5
R_3j7Brs4OzZYgDDM,"If leaving social situations to avoid smokers feels awkward, make sure you have something to do instead - take sugar free mints, lollipops or low fat snacks to chew, or use a stress ball.",design,5
R_DuiFYpo4a2NWuat,"Notice what is triggering your urge. Have understanding and kindness for yourself for feeling this urge. It isn't easy, but can you choose to let it be there without smoking?",design,5
R_3k6czszJzgX8ywq,You don’t need to get rid of or change your thoughts about smoking—just let them pass by like a cloud in the sky.,design,3
R_3k6czszJzgX8ywq,"Notice what is triggering your urge. Have understanding and kindness for yourself for feeling this urge. It isn't easy, but can you choose to let it be there without smoking?",design,3
R_2ccIViRetpYIQaJ,What can you do right now to break the automatic habit of smoking to help you feel better? Pause. Close your eyes. And take 10 slow breaths.,design,3
R_2ccIViRetpYIQaJ,Craving a cig? Plan a fun activity you can do when you get home as a reward for not smoking.,design,4
R_2ccIViRetpYIQaJ,Take a deep breath. Focus on today and the things you have accomplished. How many urges have you let pass? Give yourself some credit!,design,4
R_2rvIwe0LPS53Pkx,Try chewing gum if you have trouble resisting smoking when other people light up around you.,design,4
R_2ONru3vWAs5R1nH,Take a deep breath. Focus on today and the things you have accomplished. How many urges have you let pass? Give yourself some credit!,design,3
R_2ccIViRetpYIQaJ,"Instead of smoking, use the next two minutes to pay close attention to your senses. Notice what you see, hear, feel, taste, and smell. Urges are just one part of your experience.",design,3
R_2ONru3vWAs5R1nH,"Notice what is triggering your urge. Have understanding and kindness for yourself for feeling this urge. It isn't easy, but can you choose to let it be there without smoking?",design,4
R_332LhRE8iquoyX1,"Stress is temporary. It comes and goes like passing clouds in the sky. When stress demands you to light up, remember you can let it pass by without smoking.",design,4
R_2THwUIEkbN0Bm9k,Take a deep breath. Focus on today and the things you have accomplished. How many urges have you let pass? Give yourself some credit!,design,5
R_2qque2GwbtMO3RI,"Try to avoid seeing other people smoke. It might sound basic but brain see, brain want! If you can, make life easier and avoid the people you used to smoke with for some time where possible.",design,4
R_2qque2GwbtMO3RI,"Each time you choose to not smoke after seeing someone else light up, you lessen the habit a little more.",design,3
R_2qque2GwbtMO3RI,What can you do right now to break the automatic habit of smoking to help you feel better? Pause. Close your eyes. And take 10 slow breaths.,design,4
R_1eLjd8J9bWKz0ta,"To help get through a 'risky situation', remind yourself of how far you've come and the effort that you've put in. Don't ruin your hard work - stay strong!",design,3
R_3k6czszJzgX8ywq,"Each time you choose to not smoke after seeing someone else light up, you lessen the habit a little more.",design,4
R_3hnIiXUxh2NqHHz,"You don't have to act on this feeling by smoking or doing anything about it. Give it some space, breathe, and see if it changes. Let the urge and feeling be there while you focus on doing something you care about.",design,2
R_1mI4ds4xsqeSdci,Keep picturing yourself getting home later today knowing that you've gained a smoke-free day. It's nearly a reality!,design,4
R_2rvIwe0LPS53Pkx,"When your mind tells you that you will be less stressed after smoking a cigarette, remember that you don't have to listen to that thought. It's just a thought and nothing more.",design,5
R_1mI4ds4xsqeSdci,Take a deep breath and let it out slowly. Notice that you are completely OK for this one breath. Do it again.,design,4
R_2dyJA4Wh1yB3AGi,What can you do right now to break the automatic habit of smoking to help you feel better? Pause. Close your eyes. And take 10 slow breaths.,design,5
R_2dyJA4Wh1yB3AGi,"Try to avoid seeing other people smoke. It might sound basic but brain see, brain want! If you can, make life easier and avoid the people you used to smoke with for some time where possible.",design,3
R_3hnIiXUxh2NqHHz,Try chewing gum if you have trouble resisting smoking when other people light up around you.,design,5
R_1nZUIBgFJ15OHJ7,Stop! Breathe. What is going on around you? Inside you? Allow everything to be just as it is. Breathe again.,design,4
R_2dyJA4Wh1yB3AGi,"Instead of smoking, keep your fingers busy by scrolling through your phone.",design,5
R_2dyJA4Wh1yB3AGi,"Life can get you really stressed out, but turning to cigs isn't the answer. Call or text family and friends instead. Ask them to help you stay on track.",design,5
R_31ZYFOPdKtbGhMI,"Instead of smoking, use the next two minutes to pay close attention to your senses. Notice what you see, hear, feel, taste, and smell. Urges are just one part of your experience.",design,4
R_2xXVFkkOBY0yIlg,"If you have trouble resisting a craving when other smokers are around, try carrying a water bottle and taking a sip every time you want to ask for a cig.",design,4
R_31ZYFOPdKtbGhMI,"Tell yourself, “I am going to quit smoking soon.” Say it out loud. Say to yourself, “I am too strong to continue smoking for the rest of my life.""",design,4
R_2fcy9U0QpwQPKDh,"Try to avoid seeing other people smoke. It might sound basic but brain see, brain want! If you can, make life easier and avoid the people you used to smoke with for some time where possible.",design,4
R_31ZYFOPdKtbGhMI,"Instead of smoking, keep your fingers busy by scrolling through your phone.",design,3
R_2fcy9U0QpwQPKDh,"Picture the people or things you care deeply about. On a scale of 0-10, how willing are you to let this urge pass for those reasons?",design,4
R_3nxFDwBbpI5MYNb,"You don't have to act on this feeling by smoking or doing anything about it. Give it some space, breathe, and see if it changes. Let the urge and feeling be there while you focus on doing something you care about.",design,3
R_01DKDv1e2j40qE9,"Instead of smoking, use the next two minutes to pay close attention to your senses. Notice what you see, hear, feel, taste, and smell. Urges are just one part of your experience.",design,4
R_U9qxn3gJ6pk3Dk5,"Notice what is triggering your urge. Have understanding and kindness for yourself for feeling this urge. It isn't easy, but can you choose to let it be there without smoking?",design,4
R_01DKDv1e2j40qE9,"Try to avoid seeing other people smoke. It might sound basic but brain see, brain want! If you can, make life easier and avoid the people you used to smoke with for some time where possible.",design,4
R_U9qxn3gJ6pk3Dk5,"Ask yourself, ""From 0-10, how willing am I to let this urge pass without smoking?"" Let it pass to be closer to the things that matter most to you.",design,3
R_U9qxn3gJ6pk3Dk5,"Instead of smoking, keep your fingers busy by scrolling through your phone.",design,4
R_2SCsyhhlzSuIKDq,"Are you feeling down because you are thinking of smoking? It's really important to be kind to yourself, and to make sure you give yourself praise too!",design,4
R_22XjWwgWUKHPliH,"Just because letting an urge pass isn't easy, doesn't mean that you can't do it. Try it, you might surprise yourself.",design,3
R_22XjWwgWUKHPliH,"To keep on track, small changes can really help. For example, keep a list of quit reasons where you used to keep cigarettes, rearrange your living space, or grab some extra pens to fiddle with to keep your hands busy.",design,4
R_2SCsyhhlzSuIKDq,"Picture the people or things you care deeply about. On a scale of 0-10, how willing are you to let this urge pass for those reasons?",design,5
R_2SCsyhhlzSuIKDq,"If you have trouble resisting a craving when other smokers are around, try carrying a water bottle and taking a sip every time you want to ask for a cig.",design,4
R_2fcy9U0QpwQPKDh,"When your mind tells you that you will be less stressed after smoking a cigarette, remember that you don't have to listen to that thought. It's just a thought and nothing more.",design,4
R_DMZKu2d7cs3fqGR,Craving a cig? Plan a fun activity you can do when you get home as a reward for not smoking.,design,5
R_d1460dHCavzgFzj,"When your mind tells you that you will be less stressed after smoking a cigarette, remember that you don't have to listen to that thought. It's just a thought and nothing more.",design,4
R_d1460dHCavzgFzj,"Just because letting an urge pass isn't easy, doesn't mean that you can't do it. Try it, you might surprise yourself.",design,4
R_DMZKu2d7cs3fqGR,You don’t need to get rid of or change your thoughts about smoking—just let them pass by like a cloud in the sky.,design,2
R_3luJtR1KDLtcfvc,"If you have trouble resisting a craving when other smokers are around, try carrying a water bottle and taking a sip every time you want to ask for a cig.",design,4
R_3luJtR1KDLtcfvc,"Try to avoid seeing other people smoke. It might sound basic but brain see, brain want! If you can, make life easier and avoid the people you used to smoke with for some time where possible.",design,4
R_3luJtR1KDLtcfvc,"When your mind tells you that you will be less stressed after smoking a cigarette, remember that you don't have to listen to that thought. It's just a thought and nothing more.",design,2
R_DMZKu2d7cs3fqGR,Pause and take 5 slow breaths. Pausing just for a moment breaks the automatic habit of reaching for a smoke.,design,3
R_DMZKu2d7cs3fqGR,"To keep on track, small changes can really help. For example, keep a list of quit reasons where you used to keep cigarettes, rearrange your living space, or grab some extra pens to fiddle with to keep your hands busy.",design,5
R_2t8LCdJNRE1BhG2,"Instead of smoking, use the next two minutes to pay close attention to your senses. Notice what you see, hear, feel, taste, and smell. Urges are just one part of your experience.",design,4
R_vHs2EcdK5PGxSWB,"If leaving social situations to avoid smokers feels awkward, make sure you have something to do instead - take sugar free mints, lollipops or low fat snacks to chew, or use a stress ball.",design,4
R_2t8LCdJNRE1BhG2,Try chewing gum if you have trouble resisting smoking when other people light up around you.,design,5
R_3nxFDwBbpI5MYNb,Craving a cig? Plan a fun activity you can do when you get home as a reward for not smoking.,design,5
R_vHs2EcdK5PGxSWB,Try chewing gum if you have trouble resisting smoking when other people light up around you.,design,4
R_2t8LCdJNRE1BhG2,Take a deep breath. Focus on today and the things you have accomplished. How many urges have you let pass? Give yourself some credit!,design,5
R_vHs2EcdK5PGxSWB,Take a deep breath and let it out slowly. Notice that you are completely OK for this one breath. Do it again.,design,5
R_1n7SXwc1XwuIERT,"Have confidence in knowing that you can have this urge, choose not to smoke, be okay, and choose to do things that matter most to you.",design,4
R_vHs2EcdK5PGxSWB,"When you notice yourself trapped in stressful thoughts or worry, say out loud, ""I'm noticing that I'm having some worrisome thoughts."" This helps unhook you from your thoughts so you don't stay caught in them.",design,4
R_vHs2EcdK5PGxSWB,"You don't have to act on this feeling by smoking or doing anything about it. Give it some space, breathe, and see if it changes. Let the urge and feeling be there while you focus on doing something you care about.",design,4
R_1n7SXwc1XwuIERT,"Are you feeling down because you are thinking of smoking? It's really important to be kind to yourself, and to make sure you give yourself praise too!",design,4
R_1OocvpnKdfKUf3b,"Stress is temporary. It comes and goes like passing clouds in the sky. When stress demands you to light up, remember you can let it pass by without smoking.",design,3
R_1OocvpnKdfKUf3b,"You don't have to act on this feeling by smoking or doing anything about it. Give it some space, breathe, and see if it changes. Let the urge and feeling be there while you focus on doing something you care about.",design,5
R_1C9jAHOirFAm72N,"Stress is temporary. It comes and goes like passing clouds in the sky. When stress demands you to light up, remember you can let it pass by without smoking.",design,4
R_1OocvpnKdfKUf3b,"Life can get you really stressed out, but turning to cigs isn't the answer. Call or text family and friends instead. Ask them to help you stay on track.",design,1
R_1C9jAHOirFAm72N,Try chewing gum if you have trouble resisting smoking when other people light up around you.,design,3
R_1C9jAHOirFAm72N,"If you have trouble resisting a craving when other smokers are around, try carrying a water bottle and taking a sip every time you want to ask for a cig.",design,3
R_2e5qlB5kQj1XJWn,"When you notice yourself trapped in stressful thoughts or worry, say out loud, ""I'm noticing that I'm having some worrisome thoughts."" This helps unhook you from your thoughts so you don't stay caught in them.",design,3
R_2Qs1DPL7HxlSFWT,"Picture the people or things you care deeply about. On a scale of 0-10, how willing are you to let this urge pass for those reasons?",design,4
R_1ifWmpBENew4BWi,"You don't have to act on this feeling by smoking or doing anything about it. Give it some space, breathe, and see if it changes. Let the urge and feeling be there while you focus on doing something you care about.",design,5
R_1ifWmpBENew4BWi,"Picture the people or things you care deeply about. On a scale of 0-10, how willing are you to let this urge pass for those reasons?",design,5
R_1ifWmpBENew4BWi,Stop! Breathe. What is going on around you? Inside you? Allow everything to be just as it is. Breathe again.,design,5
R_2e5qlB5kQj1XJWn,"When your mind tells you that you will be less stressed after smoking a cigarette, remember that you don't have to listen to that thought. It's just a thought and nothing more.",design,4
R_cZPMSJQ0H2cCJA5,"When your mind tells you that you will be less stressed after smoking a cigarette, remember that you don't have to listen to that thought. It's just a thought and nothing more.",design,2
R_spc4ss1J4cslrJn,Pause and take 5 slow breaths. Pausing just for a moment breaks the automatic habit of reaching for a smoke.,design,4
R_spc4ss1J4cslrJn,"Tell yourself, “I am going to quit smoking soon.” Say it out loud. Say to yourself, “I am too strong to continue smoking for the rest of my life.""",design,4
R_cZPMSJQ0H2cCJA5,What can you do right now to break the automatic habit of smoking to help you feel better? Pause. Close your eyes. And take 10 slow breaths.,design,3
R_cZPMSJQ0H2cCJA5,"You don't have to act on this feeling by smoking or doing anything about it. Give it some space, breathe, and see if it changes. Let the urge and feeling be there while you focus on doing something you care about.",design,4
R_1ifWmpBENew4BWi,"Just because letting an urge pass isn't easy, doesn't mean that you can't do it. Try it, you might surprise yourself.",design,5
R_2Qs1DPL7HxlSFWT,"Ask yourself, ""From 0-10, how willing am I to let this urge pass without smoking?"" Let it pass to be closer to the things that matter most to you.",design,4
R_cZPMSJQ0H2cCJA5,"Notice what is triggering your urge. Have understanding and kindness for yourself for feeling this urge. It isn't easy, but can you choose to let it be there without smoking?",design,5
R_1IWrjtFa8vDJfpk,Stop! Breathe. What is going on around you? Inside you? Allow everything to be just as it is. Breathe again.,design,4
R_1IWrjtFa8vDJfpk,"To help get through a 'risky situation', remind yourself of how far you've come and the effort that you've put in. Don't ruin your hard work - stay strong!",design,4
R_1IWrjtFa8vDJfpk,Keep picturing yourself getting home later today knowing that you've gained a smoke-free day. It's nearly a reality!,design,4
R_1IWrjtFa8vDJfpk,"Just because letting an urge pass isn't easy, doesn't mean that you can't do it. Try it, you might surprise yourself.",design,5
R_WpaOO7bA1Obhmx3,"Picture the people or things you care deeply about. On a scale of 0-10, how willing are you to let this urge pass for those reasons?",design,4
R_3HzwS0g8RrVjx2x,"Notice what is triggering your urge. Have understanding and kindness for yourself for feeling this urge. It isn't easy, but can you choose to let it be there without smoking?",design,4
R_3HzwS0g8RrVjx2x,"Try to avoid seeing other people smoke. It might sound basic but brain see, brain want! If you can, make life easier and avoid the people you used to smoke with for some time where possible.",design,4
R_DOldzndi0ud9173,What can you do right now to break the automatic habit of smoking to help you feel better? Pause. Close your eyes. And take 10 slow breaths.,design,5
R_WpaOO7bA1Obhmx3,"Life can get you really stressed out, but turning to cigs isn't the answer. Call or text family and friends instead. Ask them to help you stay on track.",design,4
R_3HzwS0g8RrVjx2x,"When your mind tells you that you will be less stressed after smoking a cigarette, remember that you don't have to listen to that thought. It's just a thought and nothing more.",design,4
R_DOldzndi0ud9173,"Just because letting an urge pass isn't easy, doesn't mean that you can't do it. Try it, you might surprise yourself.",design,4
R_DOldzndi0ud9173,"Picture the people or things you care deeply about. On a scale of 0-10, how willing are you to let this urge pass for those reasons?",design,4
R_DOldzndi0ud9173,"To help get through a 'risky situation', remind yourself of how far you've come and the effort that you've put in. Don't ruin your hard work - stay strong!",design,5
R_3ktQ5GWFgXS9Juk,Keep picturing yourself getting home later today knowing that you've gained a smoke-free day. It's nearly a reality!,design,5
R_3ktQ5GWFgXS9Juk,Take a deep breath. Focus on today and the things you have accomplished. How many urges have you let pass? Give yourself some credit!,design,5
R_3ktQ5GWFgXS9Juk,"Think about times in the past when you have let urges pass during a stressful moment, and notice what helped make that moment easier.",design,5
R_DOldzndi0ud9173,Try chewing gum if you have trouble resisting smoking when other people light up around you.,design,5
R_PTFFeCfq2vHstaN,Pause and take 5 slow breaths. Pausing just for a moment breaks the automatic habit of reaching for a smoke.,design,5
R_PTFFeCfq2vHstaN,Take a deep breath. Focus on today and the things you have accomplished. How many urges have you let pass? Give yourself some credit!,design,5
R_1eFc3o9lO4Xcg1L,"Have confidence in knowing that you can have this urge, choose not to smoke, be okay, and choose to do things that matter most to you.",design,3
R_1eFc3o9lO4Xcg1L,"When your mind tells you that you will be less stressed after smoking a cigarette, remember that you don't have to listen to that thought. It's just a thought and nothing more.",design,5
R_PTFFeCfq2vHstaN,Try chewing gum if you have trouble resisting smoking when other people light up around you.,design,5
R_1eFc3o9lO4Xcg1L,"Are you feeling down because you are thinking of smoking? It's really important to be kind to yourself, and to make sure you give yourself praise too!",design,1
R_3hcqIT5vkQbdIyE,"Tell yourself, “I am going to quit smoking soon.” Say it out loud. Say to yourself, “I am too strong to continue smoking for the rest of my life.""",design,2
R_1eFc3o9lO4Xcg1L,"Tell yourself, “I am going to quit smoking soon.” Say it out loud. Say to yourself, “I am too strong to continue smoking for the rest of my life.""",design,5
R_1eFc3o9lO4Xcg1L,"You don't have to act on this feeling by smoking or doing anything about it. Give it some space, breathe, and see if it changes. Let the urge and feeling be there while you focus on doing something you care about.",design,5
R_1eFc3o9lO4Xcg1L,Pause and take 5 slow breaths. Pausing just for a moment breaks the automatic habit of reaching for a smoke.,design,1
R_WpaOO7bA1Obhmx3,Keep picturing yourself getting home later today knowing that you've gained a smoke-free day. It's nearly a reality!,design,4
R_1oALjJEmuRRwJwQ,"Life can get you really stressed out, but turning to cigs isn't the answer. Call or text family and friends instead. Ask them to help you stay on track.",design,5
R_1oALjJEmuRRwJwQ,"Tell yourself, “I am going to quit smoking soon.” Say it out loud. Say to yourself, “I am too strong to continue smoking for the rest of my life.""",design,5
R_3hcqIT5vkQbdIyE,"Think about times in the past when you have let urges pass during a stressful moment, and notice what helped make that moment easier.",design,1
R_OvdnYwfFYxHtVyV,What can you do right now to break the automatic habit of smoking to help you feel better? Pause. Close your eyes. And take 10 slow breaths.,design,4
R_OvdnYwfFYxHtVyV,"Stress is temporary. It comes and goes like passing clouds in the sky. When stress demands you to light up, remember you can let it pass by without smoking.",design,5
R_OvdnYwfFYxHtVyV,"When you notice yourself trapped in stressful thoughts or worry, say out loud, ""I'm noticing that I'm having some worrisome thoughts."" This helps unhook you from your thoughts so you don't stay caught in them.",design,5
R_2CTUZMFsPrfz0fU,"Stress is temporary. It comes and goes like passing clouds in the sky. When stress demands you to light up, remember you can let it pass by without smoking.",design,5
R_2CTUZMFsPrfz0fU,"Think about times in the past when you have let urges pass during a stressful moment, and notice what helped make that moment easier.",design,4
R_2CTUZMFsPrfz0fU,"When your mind tells you that you will be less stressed after smoking a cigarette, remember that you don't have to listen to that thought. It's just a thought and nothing more.",design,5
R_37WD4Tk0gT211Ch,"Just because letting an urge pass isn't easy, doesn't mean that you can't do it. Try it, you might surprise yourself.",design,2
R_37WD4Tk0gT211Ch,"Have confidence in knowing that you can have this urge, choose not to smoke, be okay, and choose to do things that matter most to you.",design,3
R_OqbDrNn3mOe62cx,"Stress is temporary. It comes and goes like passing clouds in the sky. When stress demands you to light up, remember you can let it pass by without smoking.",design,5
R_5mX0y5OjLa3HGJr,Try chewing gum if you have trouble resisting smoking when other people light up around you.,design,5
R_324wIUNGqZHiJU8,"Think about times in the past when you have let urges pass during a stressful moment, and notice what helped make that moment easier.",design,3
R_2CN9do64xa7SBVO,"Are you feeling down because you are thinking of smoking? It's really important to be kind to yourself, and to make sure you give yourself praise too!",design,5
R_OvdnYwfFYxHtVyV,"If you have trouble resisting a craving when other smokers are around, try carrying a water bottle and taking a sip every time you want to ask for a cig.",design,5
R_27pAyfbKynLvuPb,"Are you feeling down because you are thinking of smoking? It's really important to be kind to yourself, and to make sure you give yourself praise too!",design,4
R_yvImsfpnidvdn9f,Pause and take 5 slow breaths. Pausing just for a moment breaks the automatic habit of reaching for a smoke.,design,4
R_2CN9do64xa7SBVO,"Ask yourself, ""From 0-10, how willing am I to let this urge pass without smoking?"" Let it pass to be closer to the things that matter most to you.",design,5
R_27pAyfbKynLvuPb,Take a deep breath. Focus on today and the things you have accomplished. How many urges have you let pass? Give yourself some credit!,design,4
R_27pAyfbKynLvuPb,"When you notice yourself trapped in stressful thoughts or worry, say out loud, ""I'm noticing that I'm having some worrisome thoughts."" This helps unhook you from your thoughts so you don't stay caught in them.",design,4
R_2CN9do64xa7SBVO,Try chewing gum if you have trouble resisting smoking when other people light up around you.,design,5
R_phoakqRZVCOzOjn,"Each time you choose to not smoke after seeing someone else light up, you lessen the habit a little more.",design,4
R_phoakqRZVCOzOjn,"Picture the people or things you care deeply about. On a scale of 0-10, how willing are you to let this urge pass for those reasons?",design,4
R_31BnQYKmCqYgAeX,"Instead of smoking, keep your fingers busy by scrolling through your phone.",design,3
R_22oaTRQmQd44IFl,"Life can get you really stressed out, but turning to cigs isn't the answer. Call or text family and friends instead. Ask them to help you stay on track.",design,5
R_1CkfsApsWiEMs27,Craving a cig? Plan a fun activity you can do when you get home as a reward for not smoking.,design,4
R_phoakqRZVCOzOjn,Take a deep breath. Focus on today and the things you have accomplished. How many urges have you let pass? Give yourself some credit!,design,4
R_31BnQYKmCqYgAeX,"You don't have to act on this feeling by smoking or doing anything about it. Give it some space, breathe, and see if it changes. Let the urge and feeling be there while you focus on doing something you care about.",design,3
R_22oaTRQmQd44IFl,Take a deep breath and let it out slowly. Notice that you are completely OK for this one breath. Do it again.,design,4
R_31BnQYKmCqYgAeX,"To help get through a 'risky situation', remind yourself of how far you've come and the effort that you've put in. Don't ruin your hard work - stay strong!",design,3
R_2Cf9smO3s7AfjAX,"Notice what is triggering your urge. Have understanding and kindness for yourself for feeling this urge. It isn't easy, but can you choose to let it be there without smoking?",design,4
R_1GUrB0irVlc74QJ,"Life can get you really stressed out, but turning to cigs isn't the answer. Call or text family and friends instead. Ask them to help you stay on track.",design,4
R_2Cf9smO3s7AfjAX,"When your mind tells you that you will be less stressed after smoking a cigarette, remember that you don't have to listen to that thought. It's just a thought and nothing more.",design,5
R_1GUrB0irVlc74QJ,"Have confidence in knowing that you can have this urge, choose not to smoke, be okay, and choose to do things that matter most to you.",design,4
R_1GUrB0irVlc74QJ,"Instead of smoking, keep your fingers busy by scrolling through your phone.",design,5
R_22oaTRQmQd44IFl,"Just because letting an urge pass isn't easy, doesn't mean that you can't do it. Try it, you might surprise yourself.",design,3
R_12LPH7GTH14aPlV,"When your mind tells you that you will be less stressed after smoking a cigarette, remember that you don't have to listen to that thought. It's just a thought and nothing more.",design,4
R_12LPH7GTH14aPlV,"To keep on track, small changes can really help. For example, keep a list of quit reasons where you used to keep cigarettes, rearrange your living space, or grab some extra pens to fiddle with to keep your hands busy.",design,4
R_3PuSTNLM9GLlWcY,"Stress is temporary. It comes and goes like passing clouds in the sky. When stress demands you to light up, remember you can let it pass by without smoking.",design,2
R_3PuSTNLM9GLlWcY,"Picture the people or things you care deeply about. On a scale of 0-10, how willing are you to let this urge pass for those reasons?",design,5
R_3PuSTNLM9GLlWcY,"When you notice yourself trapped in stressful thoughts or worry, say out loud, ""I'm noticing that I'm having some worrisome thoughts."" This helps unhook you from your thoughts so you don't stay caught in them.",design,3
R_3PuSTNLM9GLlWcY,"When your mind tells you that you will be less stressed after smoking a cigarette, remember that you don't have to listen to that thought. It's just a thought and nothing more.",design,4
R_12LPH7GTH14aPlV,"To help get through a 'risky situation', remind yourself of how far you've come and the effort that you've put in. Don't ruin your hard work - stay strong!",design,5
R_3PuSTNLM9GLlWcY,"Tell yourself, “I am going to quit smoking soon.” Say it out loud. Say to yourself, “I am too strong to continue smoking for the rest of my life.""",design,2
R_3PuSTNLM9GLlWcY,"Instead of smoking, keep your fingers busy by scrolling through your phone.",design,3
R_3PuSTNLM9GLlWcY,"Notice what is triggering your urge. Have understanding and kindness for yourself for feeling this urge. It isn't easy, but can you choose to let it be there without smoking?",design,3
R_2zu3tGxubSjZX5Z,"Think about times in the past when you have let urges pass during a stressful moment, and notice what helped make that moment easier.",design,2
R_2zu3tGxubSjZX5Z,Stop! Breathe. What is going on around you? Inside you? Allow everything to be just as it is. Breathe again.,design,2
R_2zu3tGxubSjZX5Z,"Notice what is triggering your urge. Have understanding and kindness for yourself for feeling this urge. It isn't easy, but can you choose to let it be there without smoking?",design,4
R_2fkxlU74PbYfTb5,"To help get through a 'risky situation', remind yourself of how far you've come and the effort that you've put in. Don't ruin your hard work - stay strong!",design,5
R_8tYqU6qBiZJTnYB,"If leaving social situations to avoid smokers feels awkward, make sure you have something to do instead - take sugar free mints, lollipops or low fat snacks to chew, or use a stress ball.",design,4
R_1r31XVArejuHyCu,"Life can get you really stressed out, but turning to cigs isn't the answer. Call or text family and friends instead. Ask them to help you stay on track.",design,2
R_1r31XVArejuHyCu,You don’t need to get rid of or change your thoughts about smoking—just let them pass by like a cloud in the sky.,design,4
R_2fkxlU74PbYfTb5,"Tell yourself, “I am going to quit smoking soon.” Say it out loud. Say to yourself, “I am too strong to continue smoking for the rest of my life.""",design,5
R_1r31XVArejuHyCu,"Just because letting an urge pass isn't easy, doesn't mean that you can't do it. Try it, you might surprise yourself.",design,4
R_1r31XVArejuHyCu,"If you have trouble resisting a craving when other smokers are around, try carrying a water bottle and taking a sip every time you want to ask for a cig.",design,3
R_8tYqU6qBiZJTnYB,"Ask yourself, ""From 0-10, how willing am I to let this urge pass without smoking?"" Let it pass to be closer to the things that matter most to you.",design,2
R_2fkxlU74PbYfTb5,What can you do right now to break the automatic habit of smoking to help you feel better? Pause. Close your eyes. And take 10 slow breaths.,design,4
R_cJ5P14fHuWBlTGh,"If leaving social situations to avoid smokers feels awkward, make sure you have something to do instead - take sugar free mints, lollipops or low fat snacks to chew, or use a stress ball.",design,4
R_cJ5P14fHuWBlTGh,Take a deep breath. Focus on today and the things you have accomplished. How many urges have you let pass? Give yourself some credit!,design,4
R_cJ5P14fHuWBlTGh,"If you have trouble resisting a craving when other smokers are around, try carrying a water bottle and taking a sip every time you want to ask for a cig.",design,4
R_1gNlwQajvqtmFFC,"Life can get you really stressed out, but turning to cigs isn't the answer. Call or text family and friends instead. Ask them to help you stay on track.",design,3
R_1gNlwQajvqtmFFC,"Notice what is triggering your urge. Have understanding and kindness for yourself for feeling this urge. It isn't easy, but can you choose to let it be there without smoking?",design,4
R_1dtsmb4QLy6R9yU,"When your mind tells you that you will be less stressed after smoking a cigarette, remember that you don't have to listen to that thought. It's just a thought and nothing more.",design,3
R_1dtsmb4QLy6R9yU,Stop! Breathe. What is going on around you? Inside you? Allow everything to be just as it is. Breathe again.,design,3
R_1dtsmb4QLy6R9yU,"Think about times in the past when you have let urges pass during a stressful moment, and notice what helped make that moment easier.",design,3
R_1gNlwQajvqtmFFC,Take a deep breath and let it out slowly. Notice that you are completely OK for this one breath. Do it again.,design,2
R_1C10qfFg7sq8PnZ,"Life can get you really stressed out, but turning to cigs isn't the answer. Call or text family and friends instead. Ask them to help you stay on track.",design,2
R_1jYSNhH8TKlGXBn,"Stress is temporary. It comes and goes like passing clouds in the sky. When stress demands you to light up, remember you can let it pass by without smoking.",design,5
R_sL886btNB2lJFip,"Stress is temporary. It comes and goes like passing clouds in the sky. When stress demands you to light up, remember you can let it pass by without smoking.",design,2
R_sL886btNB2lJFip,"When your mind tells you that you will be less stressed after smoking a cigarette, remember that you don't have to listen to that thought. It's just a thought and nothing more.",design,3
R_1C10qfFg7sq8PnZ,"When you notice yourself trapped in stressful thoughts or worry, say out loud, ""I'm noticing that I'm having some worrisome thoughts."" This helps unhook you from your thoughts so you don't stay caught in them.",design,4
R_1gNlwQajvqtmFFC,"When your mind tells you that you will be less stressed after smoking a cigarette, remember that you don't have to listen to that thought. It's just a thought and nothing more.",design,4
R_vdccq3M3JYMA01z,"To keep on track, small changes can really help. For example, keep a list of quit reasons where you used to keep cigarettes, rearrange your living space, or grab some extra pens to fiddle with to keep your hands busy.",design,2
R_vdccq3M3JYMA01z,"If you have trouble resisting a craving when other smokers are around, try carrying a water bottle and taking a sip every time you want to ask for a cig.",design,4
R_2D5GfkXQvKZhy7R,Take a deep breath and let it out slowly. Notice that you are completely OK for this one breath. Do it again.,design,4
R_2D5GfkXQvKZhy7R,"To keep on track, small changes can really help. For example, keep a list of quit reasons where you used to keep cigarettes, rearrange your living space, or grab some extra pens to fiddle with to keep your hands busy.",design,3
R_2D5GfkXQvKZhy7R,"If you have trouble resisting a craving when other smokers are around, try carrying a water bottle and taking a sip every time you want to ask for a cig.",design,4
R_vdccq3M3JYMA01z,"Think about times in the past when you have let urges pass during a stressful moment, and notice what helped make that moment easier.",design,4
R_33pfHRhyVX98OfK,Take a deep breath and let it out slowly. Notice that you are completely OK for this one breath. Do it again.,design,3
R_33pfHRhyVX98OfK,"Picture the people or things you care deeply about. On a scale of 0-10, how willing are you to let this urge pass for those reasons?",design,3
R_33pfHRhyVX98OfK,What can you do right now to break the automatic habit of smoking to help you feel better? Pause. Close your eyes. And take 10 slow breaths.,design,2
R_33pfHRhyVX98OfK,"If you have trouble resisting a craving when other smokers are around, try carrying a water bottle and taking a sip every time you want to ask for a cig.",design,5
R_1JEZlmL8mqBFu3R,"Each time you choose to not smoke after seeing someone else light up, you lessen the habit a little more.",design,4
R_33pfHRhyVX98OfK,Keep picturing yourself getting home later today knowing that you've gained a smoke-free day. It's nearly a reality!,design,4
R_8tYqU6qBiZJTnYB,"Instead of smoking, use the next two minutes to pay close attention to your senses. Notice what you see, hear, feel, taste, and smell. Urges are just one part of your experience.",design,4
R_2qfu7ht5gDHoJ68,"Try to avoid seeing other people smoke. It might sound basic but brain see, brain want! If you can, make life easier and avoid the people you used to smoke with for some time where possible.",design,4
R_2qfu7ht5gDHoJ68,"When your mind tells you that you will be less stressed after smoking a cigarette, remember that you don't have to listen to that thought. It's just a thought and nothing more.",design,5
R_2qfu7ht5gDHoJ68,Take a deep breath and let it out slowly. Notice that you are completely OK for this one breath. Do it again.,design,4
R_2qfu7ht5gDHoJ68,"Are you feeling down because you are thinking of smoking? It's really important to be kind to yourself, and to make sure you give yourself praise too!",design,4
R_1JEZlmL8mqBFu3R,Keep picturing yourself getting home later today knowing that you've gained a smoke-free day. It's nearly a reality!,design,3
R_2bTejjl5u0LExen,"Instead of smoking, use the next two minutes to pay close attention to your senses. Notice what you see, hear, feel, taste, and smell. Urges are just one part of your experience.",design,3
R_2bTejjl5u0LExen,Pause and take 5 slow breaths. Pausing just for a moment breaks the automatic habit of reaching for a smoke.,design,4
R_06bvVqddFPEe0xj,"Try to avoid seeing other people smoke. It might sound basic but brain see, brain want! If you can, make life easier and avoid the people you used to smoke with for some time where possible.",design,4
R_2V8dStdHXS0wj0c,"Are you feeling down because you are thinking of smoking? It's really important to be kind to yourself, and to make sure you give yourself praise too!",design,3
R_1CpabloI0nh2LY9,Keep picturing yourself getting home later today knowing that you've gained a smoke-free day. It's nearly a reality!,design,5
R_1CpabloI0nh2LY9,You don’t need to get rid of or change your thoughts about smoking—just let them pass by like a cloud in the sky.,design,3
R_2V8dStdHXS0wj0c,"Just because letting an urge pass isn't easy, doesn't mean that you can't do it. Try it, you might surprise yourself.",design,4
R_YbHOcU9YdROT161,"Think about times in the past when you have let urges pass during a stressful moment, and notice what helped make that moment easier.",design,4
R_1CpabloI0nh2LY9,"Life can get you really stressed out, but turning to cigs isn't the answer. Call or text family and friends instead. Ask them to help you stay on track.",design,3
R_06bvVqddFPEe0xj,Take a deep breath and let it out slowly. Notice that you are completely OK for this one breath. Do it again.,design,4
R_5581mqJDqDHHTK9,Take a deep breath and let it out slowly. Notice that you are completely OK for this one breath. Do it again.,design,4
R_06bvVqddFPEe0xj,Craving a cig? Plan a fun activity you can do when you get home as a reward for not smoking.,design,4
R_1KlteoBwFzRAW7d,"If you have trouble resisting a craving when other smokers are around, try carrying a water bottle and taking a sip every time you want to ask for a cig.",design,5
R_29cx1PWbEL77woj,"Life can get you really stressed out, but turning to cigs isn't the answer. Call or text family and friends instead. Ask them to help you stay on track.",design,2
R_2di4TZhO3O4jH9N,"To keep on track, small changes can really help. For example, keep a list of quit reasons where you used to keep cigarettes, rearrange your living space, or grab some extra pens to fiddle with to keep your hands busy.",design,3
R_29cx1PWbEL77woj,"Have confidence in knowing that you can have this urge, choose not to smoke, be okay, and choose to do things that matter most to you.",design,3
R_2X5TsjxMUoHZwYx,"Think about times in the past when you have let urges pass during a stressful moment, and notice what helped make that moment easier.",design,4
R_2di4TZhO3O4jH9N,"Instead of smoking, keep your fingers busy by scrolling through your phone.",design,3
R_06bvVqddFPEe0xj,What can you do right now to break the automatic habit of smoking to help you feel better? Pause. Close your eyes. And take 10 slow breaths.,design,3
R_2X5TsjxMUoHZwYx,"To help get through a 'risky situation', remind yourself of how far you've come and the effort that you've put in. Don't ruin your hard work - stay strong!",design,5
R_1IPZxQCxUMfpeJi,"Instead of smoking, keep your fingers busy by scrolling through your phone.",design,5
R_2QmoWsUORX5qZ5t,"Life can get you really stressed out, but turning to cigs isn't the answer. Call or text family and friends instead. Ask them to help you stay on track.",design,4
R_1IPZxQCxUMfpeJi,"Have confidence in knowing that you can have this urge, choose not to smoke, be okay, and choose to do things that matter most to you.",design,4
R_3NJLRjV6sukDhjC,"Have confidence in knowing that you can have this urge, choose not to smoke, be okay, and choose to do things that matter most to you.",design,5
R_3NJLRjV6sukDhjC,Take a deep breath and let it out slowly. Notice that you are completely OK for this one breath. Do it again.,design,2
R_2QmoWsUORX5qZ5t,You don’t need to get rid of or change your thoughts about smoking—just let them pass by like a cloud in the sky.,design,3
R_3NwafBF6nuik1KI,"If you have trouble resisting a craving when other smokers are around, try carrying a water bottle and taking a sip every time you want to ask for a cig.",design,5
R_1IPZxQCxUMfpeJi,Take a deep breath. Focus on today and the things you have accomplished. How many urges have you let pass? Give yourself some credit!,design,5
R_2ydSXZ4KTN86Vxz,"Notice what is triggering your urge. Have understanding and kindness for yourself for feeling this urge. It isn't easy, but can you choose to let it be there without smoking?",design,5
R_ron7qNN08EfD1MB,"If you have trouble resisting a craving when other smokers are around, try carrying a water bottle and taking a sip every time you want to ask for a cig.",design,2
R_2ydSXZ4KTN86Vxz,"Instead of smoking, use the next two minutes to pay close attention to your senses. Notice what you see, hear, feel, taste, and smell. Urges are just one part of your experience.",design,5
R_ron7qNN08EfD1MB,"Instead of smoking, keep your fingers busy by scrolling through your phone.",design,1
R_1LwozRPwgjauHo0,"You don't have to act on this feeling by smoking or doing anything about it. Give it some space, breathe, and see if it changes. Let the urge and feeling be there while you focus on doing something you care about.",design,3
R_1LwozRPwgjauHo0,"Picture the people or things you care deeply about. On a scale of 0-10, how willing are you to let this urge pass for those reasons?",design,3
R_2ydSXZ4KTN86Vxz,"If you have trouble resisting a craving when other smokers are around, try carrying a water bottle and taking a sip every time you want to ask for a cig.",design,3
R_3e8jljgMGHnAWTy,"Think about times in the past when you have let urges pass during a stressful moment, and notice what helped make that moment easier.",design,4
R_3e8jljgMGHnAWTy,"Try to avoid seeing other people smoke. It might sound basic but brain see, brain want! If you can, make life easier and avoid the people you used to smoke with for some time where possible.",design,4
R_1obbBTKOWsvBFTD,"If you have trouble resisting a craving when other smokers are around, try carrying a water bottle and taking a sip every time you want to ask for a cig.",design,3
R_0cDQjWb7D2enSal,"You don't have to act on this feeling by smoking or doing anything about it. Give it some space, breathe, and see if it changes. Let the urge and feeling be there while you focus on doing something you care about.",design,3
R_1obbBTKOWsvBFTD,Try chewing gum if you have trouble resisting smoking when other people light up around you.,design,5
R_1obbBTKOWsvBFTD,"Are you feeling down because you are thinking of smoking? It's really important to be kind to yourself, and to make sure you give yourself praise too!",design,2
R_325v3XtZe1kiMAD,Take a deep breath and let it out slowly. Notice that you are completely OK for this one breath. Do it again.,design,4
R_2qa5UXjIiCSXwpU,"Instead of smoking, keep your fingers busy by scrolling through your phone.",design,4
R_1obbBTKOWsvBFTD,"Have confidence in knowing that you can have this urge, choose not to smoke, be okay, and choose to do things that matter most to you.",design,4
R_2qa5UXjIiCSXwpU,Keep picturing yourself getting home later today knowing that you've gained a smoke-free day. It's nearly a reality!,design,5
R_2Cdp8NLSajs0mGd,"Tell yourself, “I am going to quit smoking soon.” Say it out loud. Say to yourself, “I am too strong to continue smoking for the rest of my life.""",design,3
R_1ozCPfdkIIVAtNL,"Tell yourself, “I am going to quit smoking soon.” Say it out loud. Say to yourself, “I am too strong to continue smoking for the rest of my life.""",design,1
R_5vBc98CV7uM1Hi1,Stop! Breathe. What is going on around you? Inside you? Allow everything to be just as it is. Breathe again.,design,4
R_2Cdp8NLSajs0mGd,"Stress is temporary. It comes and goes like passing clouds in the sky. When stress demands you to light up, remember you can let it pass by without smoking.",design,4
R_3IcswPzQGdQJXBO,"To help get through a 'risky situation', remind yourself of how far you've come and the effort that you've put in. Don't ruin your hard work - stay strong!",design,5
R_1ozCPfdkIIVAtNL,"Are you feeling down because you are thinking of smoking? It's really important to be kind to yourself, and to make sure you give yourself praise too!",design,3
R_1ozCPfdkIIVAtNL,Try chewing gum if you have trouble resisting smoking when other people light up around you.,design,3
R_3qX1qtZP29pwbZU,Pause and take 5 slow breaths. Pausing just for a moment breaks the automatic habit of reaching for a smoke.,design,5
R_3IcswPzQGdQJXBO,Take a deep breath. Focus on today and the things you have accomplished. How many urges have you let pass? Give yourself some credit!,design,5
R_31sCaKffv6oSRPR,"If you have trouble resisting a craving when other smokers are around, try carrying a water bottle and taking a sip every time you want to ask for a cig.",design,4
R_3qX1qtZP29pwbZU,"Try to avoid seeing other people smoke. It might sound basic but brain see, brain want! If you can, make life easier and avoid the people you used to smoke with for some time where possible.",design,3
R_2EHv0kcjcqhMnVs,"Try to avoid seeing other people smoke. It might sound basic but brain see, brain want! If you can, make life easier and avoid the people you used to smoke with for some time where possible.",design,4
R_2EHv0kcjcqhMnVs,"You don't have to act on this feeling by smoking or doing anything about it. Give it some space, breathe, and see if it changes. Let the urge and feeling be there while you focus on doing something you care about.",design,5
R_2EHv0kcjcqhMnVs,"Stress is temporary. It comes and goes like passing clouds in the sky. When stress demands you to light up, remember you can let it pass by without smoking.",design,3
R_2sdUZoZn7JczJ3L,Keep picturing yourself getting home later today knowing that you've gained a smoke-free day. It's nearly a reality!,design,4
R_2EHv0kcjcqhMnVs,"Think about times in the past when you have let urges pass during a stressful moment, and notice what helped make that moment easier.",design,5
R_2sdUZoZn7JczJ3L,What can you do right now to break the automatic habit of smoking to help you feel better? Pause. Close your eyes. And take 10 slow breaths.,design,4
R_2EHv0kcjcqhMnVs,"To keep on track, small changes can really help. For example, keep a list of quit reasons where you used to keep cigarettes, rearrange your living space, or grab some extra pens to fiddle with to keep your hands busy.",design,4
R_2sdUZoZn7JczJ3L,"Think about times in the past when you have let urges pass during a stressful moment, and notice what helped make that moment easier.",design,5
R_2sdUZoZn7JczJ3L,"If you have trouble resisting a craving when other smokers are around, try carrying a water bottle and taking a sip every time you want to ask for a cig.",design,4
R_2dGYkvoPWfbZ5mW,Take a deep breath and let it out slowly. Notice that you are completely OK for this one breath. Do it again.,design,5
R_2dGYkvoPWfbZ5mW,"Just because letting an urge pass isn't easy, doesn't mean that you can't do it. Try it, you might surprise yourself.",design,4
R_2w6stFpiFcI2p5B,Take a deep breath. Focus on today and the things you have accomplished. How many urges have you let pass? Give yourself some credit!,design,4
R_2qDxOq8iUGTDZa0,"Notice what is triggering your urge. Have understanding and kindness for yourself for feeling this urge. It isn't easy, but can you choose to let it be there without smoking?",design,3
R_2aaHToN1j0MnNZS,"Think about times in the past when you have let urges pass during a stressful moment, and notice what helped make that moment easier.",design,3
R_2w6stFpiFcI2p5B,"Think about times in the past when you have let urges pass during a stressful moment, and notice what helped make that moment easier.",design,4
R_2w6stFpiFcI2p5B,"When you notice yourself trapped in stressful thoughts or worry, say out loud, ""I'm noticing that I'm having some worrisome thoughts."" This helps unhook you from your thoughts so you don't stay caught in them.",design,4
R_ufyczALtFUdvzCF,"Each time you choose to not smoke after seeing someone else light up, you lessen the habit a little more.",design,5
R_ufyczALtFUdvzCF,"Just because letting an urge pass isn't easy, doesn't mean that you can't do it. Try it, you might surprise yourself.",design,5
R_2qDxOq8iUGTDZa0,"To keep on track, small changes can really help. For example, keep a list of quit reasons where you used to keep cigarettes, rearrange your living space, or grab some extra pens to fiddle with to keep your hands busy.",design,3
R_1NyBd9879uhiFyx,"Just because letting an urge pass isn't easy, doesn't mean that you can't do it. Try it, you might surprise yourself.",design,3
R_1NyBd9879uhiFyx,"Are you feeling down because you are thinking of smoking? It's really important to be kind to yourself, and to make sure you give yourself praise too!",design,1
R_xuddpHh0ap4e7pD,"If leaving social situations to avoid smokers feels awkward, make sure you have something to do instead - take sugar free mints, lollipops or low fat snacks to chew, or use a stress ball.",design,2
R_xuddpHh0ap4e7pD,"Instead of smoking, use the next two minutes to pay close attention to your senses. Notice what you see, hear, feel, taste, and smell. Urges are just one part of your experience.",design,2
R_xuddpHh0ap4e7pD,"Picture the people or things you care deeply about. On a scale of 0-10, how willing are you to let this urge pass for those reasons?",design,2
R_1ds5LKcvfdjTshC,What can you do right now to break the automatic habit of smoking to help you feel better? Pause. Close your eyes. And take 10 slow breaths.,design,3
R_1ds5LKcvfdjTshC,"Instead of smoking, use the next two minutes to pay close attention to your senses. Notice what you see, hear, feel, taste, and smell. Urges are just one part of your experience.",design,2
R_1ds5LKcvfdjTshC,"Life can get you really stressed out, but turning to cigs isn't the answer. Call or text family and friends instead. Ask them to help you stay on track.",design,3
R_1ds5LKcvfdjTshC,Take a deep breath and let it out slowly. Notice that you are completely OK for this one breath. Do it again.,design,3
R_u4EivuT6QzFNA9r,Stop! Breathe. What is going on around you? Inside you? Allow everything to be just as it is. Breathe again.,design,4
R_1ds5LKcvfdjTshC,"Ask yourself, ""From 0-10, how willing am I to let this urge pass without smoking?"" Let it pass to be closer to the things that matter most to you.",design,4
R_3lS0u7Fds4dvaHE,"Have confidence in knowing that you can have this urge, choose not to smoke, be okay, and choose to do things that matter most to you.",design,4
R_sZgOwiAHEVTra1z,What can you do right now to break the automatic habit of smoking to help you feel better? Pause. Close your eyes. And take 10 slow breaths.,design,5
R_sZgOwiAHEVTra1z,"If you have trouble resisting a craving when other smokers are around, try carrying a water bottle and taking a sip every time you want to ask for a cig.",design,5
R_u4EivuT6QzFNA9r,Try chewing gum if you have trouble resisting smoking when other people light up around you.,design,4
R_sZgOwiAHEVTra1z,Stop! Breathe. What is going on around you? Inside you? Allow everything to be just as it is. Breathe again.,design,5
R_sZgOwiAHEVTra1z,"Instead of smoking, use the next two minutes to pay close attention to your senses. Notice what you see, hear, feel, taste, and smell. Urges are just one part of your experience.",design,2
R_2CCcdZctBtZISqw,"Try to avoid seeing other people smoke. It might sound basic but brain see, brain want! If you can, make life easier and avoid the people you used to smoke with for some time where possible.",design,3
R_2CCcdZctBtZISqw,Keep picturing yourself getting home later today knowing that you've gained a smoke-free day. It's nearly a reality!,design,3
R_2CCcdZctBtZISqw,"Life can get you really stressed out, but turning to cigs isn't the answer. Call or text family and friends instead. Ask them to help you stay on track.",design,4
R_AbSAO54dJQqYqBz,"Ask yourself, ""From 0-10, how willing am I to let this urge pass without smoking?"" Let it pass to be closer to the things that matter most to you.",design,2
R_2CCcdZctBtZISqw,Try chewing gum if you have trouble resisting smoking when other people light up around you.,design,3
R_AbSAO54dJQqYqBz,"Try to avoid seeing other people smoke. It might sound basic but brain see, brain want! If you can, make life easier and avoid the people you used to smoke with for some time where possible.",design,3
R_sUxSt3ehJsAth2F,"Tell yourself, “I am going to quit smoking soon.” Say it out loud. Say to yourself, “I am too strong to continue smoking for the rest of my life.""",design,3
R_31Z5qWarXAdC3n8,Try chewing gum if you have trouble resisting smoking when other people light up around you.,design,5
R_AbSAO54dJQqYqBz,"If leaving social situations to avoid smokers feels awkward, make sure you have something to do instead - take sugar free mints, lollipops or low fat snacks to chew, or use a stress ball.",design,3
R_31Z5qWarXAdC3n8,"Think about times in the past when you have let urges pass during a stressful moment, and notice what helped make that moment easier.",design,3
R_31Z5qWarXAdC3n8,"Ask yourself, ""From 0-10, how willing am I to let this urge pass without smoking?"" Let it pass to be closer to the things that matter most to you.",design,5
R_2XniPJa9AUwPfVI,"Try to avoid seeing other people smoke. It might sound basic but brain see, brain want! If you can, make life easier and avoid the people you used to smoke with for some time where possible.",design,5
R_2tb59F08SGoKIol,"When your mind tells you that you will be less stressed after smoking a cigarette, remember that you don't have to listen to that thought. It's just a thought and nothing more.",design,3
R_2XniPJa9AUwPfVI,"If leaving social situations to avoid smokers feels awkward, make sure you have something to do instead - take sugar free mints, lollipops or low fat snacks to chew, or use a stress ball.",design,5
R_2XniPJa9AUwPfVI,"Tell yourself, “I am going to quit smoking soon.” Say it out loud. Say to yourself, “I am too strong to continue smoking for the rest of my life.""",design,4
R_2tb59F08SGoKIol,Take a deep breath and let it out slowly. Notice that you are completely OK for this one breath. Do it again.,design,4
R_2tb59F08SGoKIol,Keep picturing yourself getting home later today knowing that you've gained a smoke-free day. It's nearly a reality!,design,5
R_2XniPJa9AUwPfVI,"To help get through a 'risky situation', remind yourself of how far you've come and the effort that you've put in. Don't ruin your hard work - stay strong!",design,4
R_1ds5LKcvfdjTshC,"Stress is temporary. It comes and goes like passing clouds in the sky. When stress demands you to light up, remember you can let it pass by without smoking.",design,2
R_3M0aldiZ8uqHWMY,"When your mind tells you that you will be less stressed after smoking a cigarette, remember that you don't have to listen to that thought. It's just a thought and nothing more.",design,3
R_egP8p0fYmBRXwYx,"When you notice yourself trapped in stressful thoughts or worry, say out loud, ""I'm noticing that I'm having some worrisome thoughts."" This helps unhook you from your thoughts so you don't stay caught in them.",design,5
R_egP8p0fYmBRXwYx,"To help get through a 'risky situation', remind yourself of how far you've come and the effort that you've put in. Don't ruin your hard work - stay strong!",design,4
R_3M0aldiZ8uqHWMY,"Have confidence in knowing that you can have this urge, choose not to smoke, be okay, and choose to do things that matter most to you.",design,3
R_XtWSw8c5Mx7OJTX,"Tell yourself, “I am going to quit smoking soon.” Say it out loud. Say to yourself, “I am too strong to continue smoking for the rest of my life.""",design,4
R_XtWSw8c5Mx7OJTX,You don’t need to get rid of or change your thoughts about smoking—just let them pass by like a cloud in the sky.,design,3
R_1CHf8El9WmqE3l2,"You don't have to act on this feeling by smoking or doing anything about it. Give it some space, breathe, and see if it changes. Let the urge and feeling be there while you focus on doing something you care about.",design,2
R_1CHf8El9WmqE3l2,Take a deep breath and let it out slowly. Notice that you are completely OK for this one breath. Do it again.,design,2
R_1hGdyupzAvVpcYn,"If you have trouble resisting a craving when other smokers are around, try carrying a water bottle and taking a sip every time you want to ask for a cig.",design,4
R_1hGdyupzAvVpcYn,"To keep on track, small changes can really help. For example, keep a list of quit reasons where you used to keep cigarettes, rearrange your living space, or grab some extra pens to fiddle with to keep your hands busy.",design,4
R_egP8p0fYmBRXwYx,Stop! Breathe. What is going on around you? Inside you? Allow everything to be just as it is. Breathe again.,design,4
R_XtWSw8c5Mx7OJTX,"Picture the people or things you care deeply about. On a scale of 0-10, how willing are you to let this urge pass for those reasons?",design,4
R_1hGdyupzAvVpcYn,Keep picturing yourself getting home later today knowing that you've gained a smoke-free day. It's nearly a reality!,design,4
R_10UkJMK4Op6BJmj,"When you notice yourself trapped in stressful thoughts or worry, say out loud, ""I'm noticing that I'm having some worrisome thoughts."" This helps unhook you from your thoughts so you don't stay caught in them.",design,1
R_31FOaXvTdYgAuoh,You don’t need to get rid of or change your thoughts about smoking—just let them pass by like a cloud in the sky.,design,3
R_31FOaXvTdYgAuoh,"Stress is temporary. It comes and goes like passing clouds in the sky. When stress demands you to light up, remember you can let it pass by without smoking.",design,3
R_1hGdyupzAvVpcYn,What can you do right now to break the automatic habit of smoking to help you feel better? Pause. Close your eyes. And take 10 slow breaths.,design,4
R_31FOaXvTdYgAuoh,"To keep on track, small changes can really help. For example, keep a list of quit reasons where you used to keep cigarettes, rearrange your living space, or grab some extra pens to fiddle with to keep your hands busy.",design,4
R_1K42Ti9DFVWU3di,"When you notice yourself trapped in stressful thoughts or worry, say out loud, ""I'm noticing that I'm having some worrisome thoughts."" This helps unhook you from your thoughts so you don't stay caught in them.",design,2
R_2VqdeoAw1Hb3FNk,Craving a cig? Plan a fun activity you can do when you get home as a reward for not smoking.,design,4
R_2VqdeoAw1Hb3FNk,Try chewing gum if you have trouble resisting smoking when other people light up around you.,design,3
R_3ltdTCyEKIzUnHq,"Try to avoid seeing other people smoke. It might sound basic but brain see, brain want! If you can, make life easier and avoid the people you used to smoke with for some time where possible.",design,3
R_1rNXF2yItjOwGZ3,"Notice what is triggering your urge. Have understanding and kindness for yourself for feeling this urge. It isn't easy, but can you choose to let it be there without smoking?",design,4
R_1K42Ti9DFVWU3di,"Instead of smoking, use the next two minutes to pay close attention to your senses. Notice what you see, hear, feel, taste, and smell. Urges are just one part of your experience.",design,5
R_3ltdTCyEKIzUnHq,"To keep on track, small changes can really help. For example, keep a list of quit reasons where you used to keep cigarettes, rearrange your living space, or grab some extra pens to fiddle with to keep your hands busy.",design,4
R_12rPPrdKuJ9sdXW,"Just because letting an urge pass isn't easy, doesn't mean that you can't do it. Try it, you might surprise yourself.",design,3
R_12rPPrdKuJ9sdXW,You don’t need to get rid of or change your thoughts about smoking—just let them pass by like a cloud in the sky.,design,3
R_12rPPrdKuJ9sdXW,Take a deep breath and let it out slowly. Notice that you are completely OK for this one breath. Do it again.,design,3
R_2VqdeoAw1Hb3FNk,"Stress is temporary. It comes and goes like passing clouds in the sky. When stress demands you to light up, remember you can let it pass by without smoking.",design,3
R_82ClRmKpQdZDe3n,"Tell yourself, “I am going to quit smoking soon.” Say it out loud. Say to yourself, “I am too strong to continue smoking for the rest of my life.""",design,4
R_12rPPrdKuJ9sdXW,"Have confidence in knowing that you can have this urge, choose not to smoke, be okay, and choose to do things that matter most to you.",design,3
R_82ClRmKpQdZDe3n,"Each time you choose to not smoke after seeing someone else light up, you lessen the habit a little more.",design,3
R_1esMtHY09tTvIAq,Take a deep breath and let it out slowly. Notice that you are completely OK for this one breath. Do it again.,design,3
R_1esMtHY09tTvIAq,"Life can get you really stressed out, but turning to cigs isn't the answer. Call or text family and friends instead. Ask them to help you stay on track.",design,3
R_1esMtHY09tTvIAq,"If you have trouble resisting a craving when other smokers are around, try carrying a water bottle and taking a sip every time you want to ask for a cig.",design,4
R_1esMtHY09tTvIAq,Pause and take 5 slow breaths. Pausing just for a moment breaks the automatic habit of reaching for a smoke.,design,4
R_2f2nPA3eDsUQlKb,"Try to avoid seeing other people smoke. It might sound basic but brain see, brain want! If you can, make life easier and avoid the people you used to smoke with for some time where possible.",design,2
R_82ClRmKpQdZDe3n,Pause and take 5 slow breaths. Pausing just for a moment breaks the automatic habit of reaching for a smoke.,design,4
R_2f2nPA3eDsUQlKb,"Think about times in the past when you have let urges pass during a stressful moment, and notice what helped make that moment easier.",design,4
R_2f2nPA3eDsUQlKb,Craving a cig? Plan a fun activity you can do when you get home as a reward for not smoking.,design,4
R_2f2nPA3eDsUQlKb,"You don't have to act on this feeling by smoking or doing anything about it. Give it some space, breathe, and see if it changes. Let the urge and feeling be there while you focus on doing something you care about.",design,4
R_T6CQ6JPAYZK3IzL,"Instead of smoking, use the next two minutes to pay close attention to your senses. Notice what you see, hear, feel, taste, and smell. Urges are just one part of your experience.",design,3
R_T6CQ6JPAYZK3IzL,"Tell yourself, “I am going to quit smoking soon.” Say it out loud. Say to yourself, “I am too strong to continue smoking for the rest of my life.""",design,5
R_12rPPrdKuJ9sdXW,"If leaving social situations to avoid smokers feels awkward, make sure you have something to do instead - take sugar free mints, lollipops or low fat snacks to chew, or use a stress ball.",design,3
R_cZOk0g6CWiEvwSB,"Tell yourself, “I am going to quit smoking soon.” Say it out loud. Say to yourself, “I am too strong to continue smoking for the rest of my life.""",design,2
R_cZOk0g6CWiEvwSB,Take a deep breath and let it out slowly. Notice that you are completely OK for this one breath. Do it again.,design,2
R_T6CQ6JPAYZK3IzL,"Think about times in the past when you have let urges pass during a stressful moment, and notice what helped make that moment easier.",design,3
R_T6CQ6JPAYZK3IzL,What can you do right now to break the automatic habit of smoking to help you feel better? Pause. Close your eyes. And take 10 slow breaths.,design,5
R_cZOk0g6CWiEvwSB,"Are you feeling down because you are thinking of smoking? It's really important to be kind to yourself, and to make sure you give yourself praise too!",design,4
R_cZOk0g6CWiEvwSB,"Ask yourself, ""From 0-10, how willing am I to let this urge pass without smoking?"" Let it pass to be closer to the things that matter most to you.",design,2
R_cZOk0g6CWiEvwSB,Stop! Breathe. What is going on around you? Inside you? Allow everything to be just as it is. Breathe again.,design,3
R_zS8b1z8J3S5YeT7,"If you have trouble resisting a craving when other smokers are around, try carrying a water bottle and taking a sip every time you want to ask for a cig.",design,4
R_zS8b1z8J3S5YeT7,"To help get through a 'risky situation', remind yourself of how far you've come and the effort that you've put in. Don't ruin your hard work - stay strong!",design,4
R_SGHOnkO1bWVTwK5,"Just because letting an urge pass isn't easy, doesn't mean that you can't do it. Try it, you might surprise yourself.",design,4
R_SGHOnkO1bWVTwK5,Try chewing gum if you have trouble resisting smoking when other people light up around you.,design,3
R_yvzD1ua3vtIv4xb,"Each time you choose to not smoke after seeing someone else light up, you lessen the habit a little more.",design,2
R_yvzD1ua3vtIv4xb,"If you have trouble resisting a craving when other smokers are around, try carrying a water bottle and taking a sip every time you want to ask for a cig.",design,3
R_zS8b1z8J3S5YeT7,"Just because letting an urge pass isn't easy, doesn't mean that you can't do it. Try it, you might surprise yourself.",design,1
R_C8pYdLeRXuxGO65,"Instead of smoking, use the next two minutes to pay close attention to your senses. Notice what you see, hear, feel, taste, and smell. Urges are just one part of your experience.",design,3
R_C8pYdLeRXuxGO65,"You don't have to act on this feeling by smoking or doing anything about it. Give it some space, breathe, and see if it changes. Let the urge and feeling be there while you focus on doing something you care about.",design,3
R_C8pYdLeRXuxGO65,"Try to avoid seeing other people smoke. It might sound basic but brain see, brain want! If you can, make life easier and avoid the people you used to smoke with for some time where possible.",design,4
R_2fiytMMvH1ACnEs,"Tell yourself, “I am going to quit smoking soon.” Say it out loud. Say to yourself, “I am too strong to continue smoking for the rest of my life.""",design,3
R_2fiytMMvH1ACnEs,"Have confidence in knowing that you can have this urge, choose not to smoke, be okay, and choose to do things that matter most to you.",design,4
R_9BIWYw553BOZ5U5,"To help get through a 'risky situation', remind yourself of how far you've come and the effort that you've put in. Don't ruin your hard work - stay strong!",design,3
R_elhRWkV8yJfLqjD,"To keep on track, small changes can really help. For example, keep a list of quit reasons where you used to keep cigarettes, rearrange your living space, or grab some extra pens to fiddle with to keep your hands busy.",design,3
R_C8pYdLeRXuxGO65,"Have confidence in knowing that you can have this urge, choose not to smoke, be okay, and choose to do things that matter most to you.",design,4
R_elhRWkV8yJfLqjD,Take a deep breath. Focus on today and the things you have accomplished. How many urges have you let pass? Give yourself some credit!,design,5
R_elhRWkV8yJfLqjD,"Just because letting an urge pass isn't easy, doesn't mean that you can't do it. Try it, you might surprise yourself.",design,5
R_ezZGx0ILza2umwV,"Tell yourself, “I am going to quit smoking soon.” Say it out loud. Say to yourself, “I am too strong to continue smoking for the rest of my life.""",design,5
R_ezZGx0ILza2umwV,"Life can get you really stressed out, but turning to cigs isn't the answer. Call or text family and friends instead. Ask them to help you stay on track.",design,3
R_2wGNF35bI9iFZIx,"Tell yourself, “I am going to quit smoking soon.” Say it out loud. Say to yourself, “I am too strong to continue smoking for the rest of my life.""",design,1
R_6eVLls0XtmmyGeB,Take a deep breath and let it out slowly. Notice that you are completely OK for this one breath. Do it again.,design,4
R_2wGNF35bI9iFZIx,"Are you feeling down because you are thinking of smoking? It's really important to be kind to yourself, and to make sure you give yourself praise too!",design,1
R_1oi0yOHxlfJ9NrC,Stop! Breathe. What is going on around you? Inside you? Allow everything to be just as it is. Breathe again.,design,3
R_6eVLls0XtmmyGeB,Try chewing gum if you have trouble resisting smoking when other people light up around you.,design,4
R_ezZGx0ILza2umwV,You don’t need to get rid of or change your thoughts about smoking—just let them pass by like a cloud in the sky.,design,3
R_ymcaGl7POG3cDdL,What can you do right now to break the automatic habit of smoking to help you feel better? Pause. Close your eyes. And take 10 slow breaths.,design,2
R_AzogNvRUe1115sZ,"Life can get you really stressed out, but turning to cigs isn't the answer. Call or text family and friends instead. Ask them to help you stay on track.",design,4
R_3h3FfjsJGVluXdM,"When you notice yourself trapped in stressful thoughts or worry, say out loud, ""I'm noticing that I'm having some worrisome thoughts."" This helps unhook you from your thoughts so you don't stay caught in them.",design,1
R_ymcaGl7POG3cDdL,"Life can get you really stressed out, but turning to cigs isn't the answer. Call or text family and friends instead. Ask them to help you stay on track.",design,2
R_3h3FfjsJGVluXdM,What can you do right now to break the automatic habit of smoking to help you feel better? Pause. Close your eyes. And take 10 slow breaths.,design,1
R_3h3FfjsJGVluXdM,"Each time you choose to not smoke after seeing someone else light up, you lessen the habit a little more.",design,4
R_3iX1Rd8mpJcVEqL,Pause and take 5 slow breaths. Pausing just for a moment breaks the automatic habit of reaching for a smoke.,design,4
R_1QmcgaFY0Bk8vz2,"Think about times in the past when you have let urges pass during a stressful moment, and notice what helped make that moment easier.",design,2
R_1hYlNpwgs7jBnfG,You don’t need to get rid of or change your thoughts about smoking—just let them pass by like a cloud in the sky.,design,4
R_1QmcgaFY0Bk8vz2,"Instead of smoking, keep your fingers busy by scrolling through your phone.",design,3
R_1dElxzh4oksIAE7,Pause and take 5 slow breaths. Pausing just for a moment breaks the automatic habit of reaching for a smoke.,design,5
R_3h3FfjsJGVluXdM,Craving a cig? Plan a fun activity you can do when you get home as a reward for not smoking.,design,2
R_1QmcgaFY0Bk8vz2,"Notice what is triggering your urge. Have understanding and kindness for yourself for feeling this urge. It isn't easy, but can you choose to let it be there without smoking?",design,2
R_ezZGx0ILza2umwV,"Instead of smoking, keep your fingers busy by scrolling through your phone.",design,3
R_1dElxzh4oksIAE7,"To help get through a 'risky situation', remind yourself of how far you've come and the effort that you've put in. Don't ruin your hard work - stay strong!",design,5
R_2uUOTtjLJuW79MA,Try chewing gum if you have trouble resisting smoking when other people light up around you.,design,5
R_3DAxhMwsbbHPLhL,"Instead of smoking, use the next two minutes to pay close attention to your senses. Notice what you see, hear, feel, taste, and smell. Urges are just one part of your experience.",design,4
R_1FLMFlfSs0QU2xJ,Craving a cig? Plan a fun activity you can do when you get home as a reward for not smoking.,design,5
R_2uUOTtjLJuW79MA,"Ask yourself, ""From 0-10, how willing am I to let this urge pass without smoking?"" Let it pass to be closer to the things that matter most to you.",design,5
R_2uUOTtjLJuW79MA,"Picture the people or things you care deeply about. On a scale of 0-10, how willing are you to let this urge pass for those reasons?",design,4
R_1FLMFlfSs0QU2xJ,"Have confidence in knowing that you can have this urge, choose not to smoke, be okay, and choose to do things that matter most to you.",design,5
R_1FLMFlfSs0QU2xJ,"Think about times in the past when you have let urges pass during a stressful moment, and notice what helped make that moment easier.",design,5
R_1dB5HW7R2HG2880,Pause and take 5 slow breaths. Pausing just for a moment breaks the automatic habit of reaching for a smoke.,design,3
R_1dB5HW7R2HG2880,"Are you feeling down because you are thinking of smoking? It's really important to be kind to yourself, and to make sure you give yourself praise too!",design,5
R_1dB5HW7R2HG2880,"Have confidence in knowing that you can have this urge, choose not to smoke, be okay, and choose to do things that matter most to you.",design,3
R_3KvguqEakrMcnY3,"If leaving social situations to avoid smokers feels awkward, make sure you have something to do instead - take sugar free mints, lollipops or low fat snacks to chew, or use a stress ball.",design,3
R_3KvguqEakrMcnY3,"Try to avoid seeing other people smoke. It might sound basic but brain see, brain want! If you can, make life easier and avoid the people you used to smoke with for some time where possible.",design,3
R_1dB5HW7R2HG2880,"When you notice yourself trapped in stressful thoughts or worry, say out loud, ""I'm noticing that I'm having some worrisome thoughts."" This helps unhook you from your thoughts so you don't stay caught in them.",design,5
R_DwKx5csKPfJ7qUh,"To keep on track, small changes can really help. For example, keep a list of quit reasons where you used to keep cigarettes, rearrange your living space, or grab some extra pens to fiddle with to keep your hands busy.",design,5
R_3LZSl6PaL6s21ta,Take a deep breath. Focus on today and the things you have accomplished. How many urges have you let pass? Give yourself some credit!,design,4
R_DwKx5csKPfJ7qUh,"Think about times in the past when you have let urges pass during a stressful moment, and notice what helped make that moment easier.",design,5
R_3LZSl6PaL6s21ta,Try chewing gum if you have trouble resisting smoking when other people light up around you.,design,5
R_3LZSl6PaL6s21ta,Keep picturing yourself getting home later today knowing that you've gained a smoke-free day. It's nearly a reality!,design,5
R_1FLMFlfSs0QU2xJ,"Each time you choose to not smoke after seeing someone else light up, you lessen the habit a little more.",design,5
R_YSqVRffx3jVGTHr,Stop! Breathe. What is going on around you? Inside you? Allow everything to be just as it is. Breathe again.,design,3
R_3LZSl6PaL6s21ta,"Are you feeling down because you are thinking of smoking? It's really important to be kind to yourself, and to make sure you give yourself praise too!",design,4
R_YSqVRffx3jVGTHr,"Picture the people or things you care deeply about. On a scale of 0-10, how willing are you to let this urge pass for those reasons?",design,4
R_1P0JC5vXBXu7qsw,"Stress is temporary. It comes and goes like passing clouds in the sky. When stress demands you to light up, remember you can let it pass by without smoking.",design,4
R_1P0JC5vXBXu7qsw,"Instead of smoking, keep your fingers busy by scrolling through your phone.",design,5
R_1P0JC5vXBXu7qsw,Keep picturing yourself getting home later today knowing that you've gained a smoke-free day. It's nearly a reality!,design,5
R_33Ds3kTSgABzwcn,"To keep on track, small changes can really help. For example, keep a list of quit reasons where you used to keep cigarettes, rearrange your living space, or grab some extra pens to fiddle with to keep your hands busy.",design,5
R_3sB4F7dfT1MpVPK,Pause and take 5 slow breaths. Pausing just for a moment breaks the automatic habit of reaching for a smoke.,design,4
R_2RRpmlLMjgGXowQ,"If you have trouble resisting a craving when other smokers are around, try carrying a water bottle and taking a sip every time you want to ask for a cig.",design,5
R_3RgXfJmoKNcXlYA,"When you notice yourself trapped in stressful thoughts or worry, say out loud, ""I'm noticing that I'm having some worrisome thoughts."" This helps unhook you from your thoughts so you don't stay caught in them.",design,3
R_sC0QUFDMAWehkS5,Take a deep breath. Focus on today and the things you have accomplished. How many urges have you let pass? Give yourself some credit!,design,4
R_2CKhUP7XjrnmiCb,Take a deep breath and let it out slowly. Notice that you are completely OK for this one breath. Do it again.,design,3
R_2RRpmlLMjgGXowQ,You don’t need to get rid of or change your thoughts about smoking—just let them pass by like a cloud in the sky.,design,4
R_2CKhUP7XjrnmiCb,"To help get through a 'risky situation', remind yourself of how far you've come and the effort that you've put in. Don't ruin your hard work - stay strong!",design,3
R_sC0QUFDMAWehkS5,Pause and take 5 slow breaths. Pausing just for a moment breaks the automatic habit of reaching for a smoke.,design,4
R_sC0QUFDMAWehkS5,"To help get through a 'risky situation', remind yourself of how far you've come and the effort that you've put in. Don't ruin your hard work - stay strong!",design,4
R_2TAkxIhQQ1K2kKb,"Picture the people or things you care deeply about. On a scale of 0-10, how willing are you to let this urge pass for those reasons?",design,5
R_2TAkxIhQQ1K2kKb,"Tell yourself, “I am going to quit smoking soon.” Say it out loud. Say to yourself, “I am too strong to continue smoking for the rest of my life.""",design,5
R_2TAkxIhQQ1K2kKb,"Notice what is triggering your urge. Have understanding and kindness for yourself for feeling this urge. It isn't easy, but can you choose to let it be there without smoking?",design,5
R_2TAkxIhQQ1K2kKb,"Instead of smoking, keep your fingers busy by scrolling through your phone.",design,5
R_ZIxAlCoJeIjNicF,"Are you feeling down because you are thinking of smoking? It's really important to be kind to yourself, and to make sure you give yourself praise too!",design,4
R_2TAkxIhQQ1K2kKb,"Think about times in the past when you have let urges pass during a stressful moment, and notice what helped make that moment easier.",design,5
R_2TAkxIhQQ1K2kKb,You don’t need to get rid of or change your thoughts about smoking—just let them pass by like a cloud in the sky.,design,1
R_ZIxAlCoJeIjNicF,What can you do right now to break the automatic habit of smoking to help you feel better? Pause. Close your eyes. And take 10 slow breaths.,design,4
R_1r6T6TGhL5Skoum,"When you notice yourself trapped in stressful thoughts or worry, say out loud, ""I'm noticing that I'm having some worrisome thoughts."" This helps unhook you from your thoughts so you don't stay caught in them.",design,4
R_9nRwImVX1vIl1Lz,"Instead of smoking, keep your fingers busy by scrolling through your phone.",design,5
R_3oMlHDYNS7qjrv0,"You don't have to act on this feeling by smoking or doing anything about it. Give it some space, breathe, and see if it changes. Let the urge and feeling be there while you focus on doing something you care about.",design,4
R_1r6T6TGhL5Skoum,"Just because letting an urge pass isn't easy, doesn't mean that you can't do it. Try it, you might surprise yourself.",design,3
R_2dKLJ1c0ag7Kj74,Take a deep breath and let it out slowly. Notice that you are completely OK for this one breath. Do it again.,design,2
R_2dKLJ1c0ag7Kj74,Take a deep breath. Focus on today and the things you have accomplished. How many urges have you let pass? Give yourself some credit!,design,4
R_3oMlHDYNS7qjrv0,Craving a cig? Plan a fun activity you can do when you get home as a reward for not smoking.,design,4
R_9nRwImVX1vIl1Lz,"Think about times in the past when you have let urges pass during a stressful moment, and notice what helped make that moment easier.",design,3
R_31yAQ1GCGjcYECK,"To keep on track, small changes can really help. For example, keep a list of quit reasons where you used to keep cigarettes, rearrange your living space, or grab some extra pens to fiddle with to keep your hands busy.",design,4
R_214xgyW6yDCmLVE,"To help get through a 'risky situation', remind yourself of how far you've come and the effort that you've put in. Don't ruin your hard work - stay strong!",design,4
R_214xgyW6yDCmLVE,"Notice what is triggering your urge. Have understanding and kindness for yourself for feeling this urge. It isn't easy, but can you choose to let it be there without smoking?",design,3
R_3KCJ41qoCrzI4Cw,"Life can get you really stressed out, but turning to cigs isn't the answer. Call or text family and friends instead. Ask them to help you stay on track.",design,4
R_3KpigFoEHllOztA,Try chewing gum if you have trouble resisting smoking when other people light up around you.,design,5
R_3KCJ41qoCrzI4Cw,"When you notice yourself trapped in stressful thoughts or worry, say out loud, ""I'm noticing that I'm having some worrisome thoughts."" This helps unhook you from your thoughts so you don't stay caught in them.",design,3
R_3KpigFoEHllOztA,"When you notice yourself trapped in stressful thoughts or worry, say out loud, ""I'm noticing that I'm having some worrisome thoughts."" This helps unhook you from your thoughts so you don't stay caught in them.",design,5
R_eeoRDsfUd94L8Ln,"You don't have to act on this feeling by smoking or doing anything about it. Give it some space, breathe, and see if it changes. Let the urge and feeling be there while you focus on doing something you care about.",design,3
R_1OGJQJib5PQag6L,"When you notice yourself trapped in stressful thoughts or worry, say out loud, ""I'm noticing that I'm having some worrisome thoughts."" This helps unhook you from your thoughts so you don't stay caught in them.",design,4
R_2xCWMKetnQTbHhS,"To keep on track, small changes can really help. For example, keep a list of quit reasons where you used to keep cigarettes, rearrange your living space, or grab some extra pens to fiddle with to keep your hands busy.",design,4
R_1OGJQJib5PQag6L,"Think about times in the past when you have let urges pass during a stressful moment, and notice what helped make that moment easier.",design,3
R_2xCWMKetnQTbHhS,"Have confidence in knowing that you can have this urge, choose not to smoke, be okay, and choose to do things that matter most to you.",design,4
R_eeoRDsfUd94L8Ln,"When you notice yourself trapped in stressful thoughts or worry, say out loud, ""I'm noticing that I'm having some worrisome thoughts."" This helps unhook you from your thoughts so you don't stay caught in them.",design,2
R_eeoRDsfUd94L8Ln,Craving a cig? Plan a fun activity you can do when you get home as a reward for not smoking.,design,3
R_2D5eAUdJrz9ljRo,"Try to avoid seeing other people smoke. It might sound basic but brain see, brain want! If you can, make life easier and avoid the people you used to smoke with for some time where possible.",design,4
R_2D5eAUdJrz9ljRo,"Picture the people or things you care deeply about. On a scale of 0-10, how willing are you to let this urge pass for those reasons?",design,4
R_2xCWMKetnQTbHhS,"Stress is temporary. It comes and goes like passing clouds in the sky. When stress demands you to light up, remember you can let it pass by without smoking.",design,5
R_3p5tv5AOzLSkjxE,"When your mind tells you that you will be less stressed after smoking a cigarette, remember that you don't have to listen to that thought. It's just a thought and nothing more.",design,2
R_2xCWMKetnQTbHhS,"Just because letting an urge pass isn't easy, doesn't mean that you can't do it. Try it, you might surprise yourself.",design,3
R_3p5tv5AOzLSkjxE,You don’t need to get rid of or change your thoughts about smoking—just let them pass by like a cloud in the sky.,design,3
R_3p5tv5AOzLSkjxE,"Just because letting an urge pass isn't easy, doesn't mean that you can't do it. Try it, you might surprise yourself.",design,4
R_2D5eAUdJrz9ljRo,Stop! Breathe. What is going on around you? Inside you? Allow everything to be just as it is. Breathe again.,design,4
R_3p5tv5AOzLSkjxE,"If you have trouble resisting a craving when other smokers are around, try carrying a water bottle and taking a sip every time you want to ask for a cig.",design,4
R_1DO5uW1wPiGe750,"Have confidence in knowing that you can have this urge, choose not to smoke, be okay, and choose to do things that matter most to you.",design,2
R_1DO5uW1wPiGe750,"Instead of smoking, keep your fingers busy by scrolling through your phone.",design,4
R_2aFQUBYU4fG1WCS,"Notice what is triggering your urge. Have understanding and kindness for yourself for feeling this urge. It isn't easy, but can you choose to let it be there without smoking?",design,4
R_1DO5uW1wPiGe750,"Instead of smoking, use the next two minutes to pay close attention to your senses. Notice what you see, hear, feel, taste, and smell. Urges are just one part of your experience.",design,2
R_2aFQUBYU4fG1WCS,"Are you feeling down because you are thinking of smoking? It's really important to be kind to yourself, and to make sure you give yourself praise too!",design,5
R_2aFQUBYU4fG1WCS,"Just because letting an urge pass isn't easy, doesn't mean that you can't do it. Try it, you might surprise yourself.",design,5
R_2aFQUBYU4fG1WCS,"When your mind tells you that you will be less stressed after smoking a cigarette, remember that you don't have to listen to that thought. It's just a thought and nothing more.",design,2
R_3e982vYopcufMzA,"Notice what is triggering your urge. Have understanding and kindness for yourself for feeling this urge. It isn't easy, but can you choose to let it be there without smoking?",design,2
R_2aFQUBYU4fG1WCS,Try chewing gum if you have trouble resisting smoking when other people light up around you.,design,4
R_3e982vYopcufMzA,"Picture the people or things you care deeply about. On a scale of 0-10, how willing are you to let this urge pass for those reasons?",design,3
R_3e982vYopcufMzA,"Think about times in the past when you have let urges pass during a stressful moment, and notice what helped make that moment easier.",design,4
R_3e982vYopcufMzA,Take a deep breath. Focus on today and the things you have accomplished. How many urges have you let pass? Give yourself some credit!,design,4
R_QcZ397s04VIIIaB,"Try to avoid seeing other people smoke. It might sound basic but brain see, brain want! If you can, make life easier and avoid the people you used to smoke with for some time where possible.",design,5
R_QcZ397s04VIIIaB,"When you notice yourself trapped in stressful thoughts or worry, say out loud, ""I'm noticing that I'm having some worrisome thoughts."" This helps unhook you from your thoughts so you don't stay caught in them.",design,4
R_QcZ397s04VIIIaB,"Tell yourself, “I am going to quit smoking soon.” Say it out loud. Say to yourself, “I am too strong to continue smoking for the rest of my life.""",design,5
R_ulhYfRjXleGLnFf,"Ask yourself, ""From 0-10, how willing am I to let this urge pass without smoking?"" Let it pass to be closer to the things that matter most to you.",design,5
R_QcZ397s04VIIIaB,Take a deep breath. Focus on today and the things you have accomplished. How many urges have you let pass? Give yourself some credit!,design,4
R_ulhYfRjXleGLnFf,"When your mind tells you that you will be less stressed after smoking a cigarette, remember that you don't have to listen to that thought. It's just a thought and nothing more.",design,5
R_ulhYfRjXleGLnFf,"If leaving social situations to avoid smokers feels awkward, make sure you have something to do instead - take sugar free mints, lollipops or low fat snacks to chew, or use a stress ball.",design,2
R_2dGZLRLdzQOUyAt,"Each time you choose to not smoke after seeing someone else light up, you lessen the habit a little more.",design,3
R_324x8C5qA1KSQnk,"Picture the people or things you care deeply about. On a scale of 0-10, how willing are you to let this urge pass for those reasons?",design,3
R_324x8C5qA1KSQnk,Take a deep breath. Focus on today and the things you have accomplished. How many urges have you let pass? Give yourself some credit!,design,3
R_2dGZLRLdzQOUyAt,"Instead of smoking, keep your fingers busy by scrolling through your phone.",design,3
R_2dGZLRLdzQOUyAt,"If leaving social situations to avoid smokers feels awkward, make sure you have something to do instead - take sugar free mints, lollipops or low fat snacks to chew, or use a stress ball.",design,3
R_2dGZLRLdzQOUyAt,"Try to avoid seeing other people smoke. It might sound basic but brain see, brain want! If you can, make life easier and avoid the people you used to smoke with for some time where possible.",design,2
R_1qfHfv9YPgooAYU,Pause and take 5 slow breaths. Pausing just for a moment breaks the automatic habit of reaching for a smoke.,design,2
R_1qfHfv9YPgooAYU,"Think about times in the past when you have let urges pass during a stressful moment, and notice what helped make that moment easier.",design,3
R_3korBxVN9OVSKuB,"Notice what is triggering your urge. Have understanding and kindness for yourself for feeling this urge. It isn't easy, but can you choose to let it be there without smoking?",design,3
R_3korBxVN9OVSKuB,Take a deep breath and let it out slowly. Notice that you are completely OK for this one breath. Do it again.,design,4
R_3p3HtZSt7tVTDzF,"Life can get you really stressed out, but turning to cigs isn't the answer. Call or text family and friends instead. Ask them to help you stay on track.",design,2
R_zfooO7wvXURPJMR,"Have confidence in knowing that you can have this urge, choose not to smoke, be okay, and choose to do things that matter most to you.",design,4
R_3p3HtZSt7tVTDzF,"Just because letting an urge pass isn't easy, doesn't mean that you can't do it. Try it, you might surprise yourself.",design,2
