response_id,input_message,content_num,design_num,coping_num,quitting_num,llm_content_num,llm_design_num,llm_coping_num,llm_quitting_num,gt_content_num,gt_design_num,gt_coping_num,gt_quitting_num,ind_content_oof,ind_content_proba_1,ind_content_proba_2,ind_content_proba_3,ind_content_proba_4,ind_content_proba_5,ens_content_vote,ens_content_stack,ens_content_adv_stack,ind_design_oof,ind_design_proba_1,ind_design_proba_2,ind_design_proba_3,ind_design_proba_4,ind_design_proba_5,ens_design_vote,ens_design_stack,ens_design_adv_stack,ind_coping_oof,ind_coping_proba_1,ind_coping_proba_2,ind_coping_proba_3,ind_coping_proba_4,ind_coping_proba_5,ens_coping_vote,ens_coping_stack,ens_coping_adv_stack,ind_quitting_oof,ind_quitting_proba_1,ind_quitting_proba_2,ind_quitting_proba_3,ind_quitting_proba_4,ind_quitting_proba_5,ens_quitting_vote,ens_quitting_stack,ens_quitting_adv_stack
R_1d3Tap4PYYVGlwh,"Write down why you want to stop smoking to resist a craving. Remember, trying something to beat the urge is always better than doing nothing. Each time you resist a cig, you're one step closer to being tobacco-free.",4.0,4.0,4.0,4.0,4.0,4.0,4.0,4.0,4.0,4.0,4.0,4.0,4.0,0.0033333333333333335,0.01,0.0,0.5171428571428571,0.4695238095238096,4.0,4.0,5.0,4.0,0.008333333333333333,0.0044444444444444444,0.0,0.5145873015873015,0.47263492063492074,4.0,4.0,4.0,4.0,0.015555555555555553,0.0,0.04277777777777778,0.48099999999999976,0.4606666666666669,4.0,4.0,4.0,4.0,0.026666666666666665,0.0,0.04638888888888889,0.4656111111111109,0.46133333333333354,4.0,4.0,5.0
R_1d3Tap4PYYVGlwh,"If this situation becomes stressful for you, make an excuse to leave for a few minutes. If this doesn't help, it might be better to just leave early.",5.0,5.0,5.0,5.0,2.0,2.0,,,5.0,5.0,5.0,5.0,4.0,0.0016666666666666668,0.018333333333333333,0.0,0.9711111111111113,0.008888888888888889,4.0,4.0,4.0,4.0,0.0,0.01625,0.0,0.9520833333333333,0.03166666666666667,4.0,4.0,4.0,4.0,0.010833333333333334,0.0,0.04483333333333333,0.9167777777777777,0.027555555555555552,,,4.0,4.0,0.014722222222222223,0.0,0.03666666666666667,0.9133888888888888,0.035222222222222224,,,4.0
R_1d3Tap4PYYVGlwh,"If you find sounds soothing, tune in to the soundtrack of nature, like crashing waves, the wind rustling through trees, or birds singing.",4.0,4.0,4.0,4.0,2.0,2.0,,1.0,4.0,4.0,4.0,4.0,4.0,0.0051111111111111105,0.018777777777777775,0.0,0.4969444444444447,0.4791666666666664,4.0,4.0,5.0,5.0,0.01111111111111111,0.023333333333333334,0.0,0.48197222222222225,0.4835833333333332,5.0,5.0,4.0,5.0,0.016111111111111114,0.0,0.03916666666666667,0.4578888888888891,0.48683333333333306,,,5.0,5.0,0.0325,0.0,0.02666666666666667,0.4601111111111113,0.4807222222222221,5.0,5.0,5.0
R_1FIAY0n0YUhZ8qj,"Try to stop smoking by setting yourself a rule. For example, ""IF I am tempted, THEN I will chew on some mints"" - make your own rule that will work for you.",,,,,4.0,4.0,3.0,,,,,,,,,,,,,,,,,,,,,,,,,,,,,,,,,,,,,,,,,
R_1FIAY0n0YUhZ8qj,"When your mind tells you that you will be less stressed after smoking a cigarette, remember that you don't have to listen to that thought. It's just a thought and nothing more.",,,,,,4.0,3.0,,,,,,,,,,,,,,,,,,,,,,,,,,,,,,,,,,,,,,,,,
R_1FIAY0n0YUhZ8qj,"Instead of smoking, keep your fingers busy by scrolling through your phone.",,,,,2.0,,,,,,,,,,,,,,,,,,,,,,,,,,,,,,,,,,,,,,,,,,,
R_2B3VWlCR2CLiZVA,"When your mind tells you that you will be less stressed after smoking a cigarette, remember that you don't have to listen to that thought. It's just a thought and nothing more.",2.0,5.0,5.0,4.0,4.0,4.0,4.0,4.0,2.0,5.0,5.0,4.0,2.0,0.0,0.7277777777777779,0.0,0.20258658008658006,0.06963564213564212,2.0,4.0,5.0,5.0,0.0,0.06994444444444445,0.0,0.17866666666666664,0.751388888888889,5.0,5.0,5.0,4.0,0.008253968253968255,0.0,0.04341269841269841,0.9254444444444444,0.02288888888888889,4.0,4.0,5.0,4.0,0.047539682539682535,0.0,0.2521904761904762,0.5628333333333334,0.13743650793650794,4.0,4.0,5.0
R_2B3VWlCR2CLiZVA,What can you do right now to break the automatic habit of smoking when you are here? Pause. Close your eyes. And take 10 slow breaths.,2.0,5.0,4.0,,4.0,4.0,4.0,4.0,2.0,5.0,4.0,,2.0,0.0,0.47138888888888897,0.0,0.06855555555555555,0.4600555555555556,2.0,4.0,5.0,5.0,0.0,0.06994444444444445,0.0,0.17866666666666664,0.751388888888889,5.0,5.0,5.0,4.0,0.014325396825396824,0.0,0.0553968253968254,0.4807222222222222,0.4495555555555556,4.0,4.0,4.0,,,,,,,,,
R_2B3VWlCR2CLiZVA,"It's quite common for people to try and give themselves reasons for having 'just one' when they start working on quitting smoking. If you have these thoughts, let them happen, then picture yourself putting them into a hot-air balloon and watch them float away.",5.0,5.0,4.0,,4.0,4.0,4.0,4.0,5.0,5.0,4.0,,2.0,0.0,0.7277777777777779,0.0,0.20258658008658006,0.06963564213564212,2.0,4.0,5.0,5.0,0.0,0.02,0.0,0.042222222222222223,0.9377777777777777,5.0,5.0,5.0,4.0,0.008809523809523809,0.0,0.053412698412698405,0.48650000000000004,0.45127777777777756,4.0,4.0,4.0,,,,,,,,,
R_2slOAXD2vKd78bv,Take one deep breath and see what it feels like to be triggered and choose not to smoke.,5.0,5.0,5.0,5.0,4.0,4.0,4.0,4.0,5.0,5.0,5.0,5.0,5.0,0.0,0.011666666666666667,0.0,0.06892063492063492,0.9194126984126982,5.0,5.0,5.0,5.0,0.0,0.0033333333333333335,0.0,0.035039682539682544,0.9616269841269841,5.0,5.0,5.0,5.0,0.006666666666666667,0.0,0.0022222222222222222,0.033555555555555554,0.9575555555555555,5.0,5.0,5.0,5.0,0.013888888888888886,0.0,0.007222222222222222,0.03916666666666666,0.9397222222222222,5.0,5.0,5.0
R_2slOAXD2vKd78bv,"You were often stressed in this location and this might trigger urges. What can you do to reduce your stress here? If you can avoid this place until things settle down, then do.",5.0,5.0,5.0,5.0,4.0,4.0,4.0,4.0,5.0,5.0,5.0,5.0,5.0,0.0033333333333333335,0.0,0.0,0.028841269841269845,0.9678253968253966,5.0,5.0,5.0,5.0,0.01,0.0016666666666666668,0.0,0.005333333333333334,0.9829999999999999,5.0,5.0,4.0,5.0,0.0044444444444444444,0.0,0.01,0.03916666666666666,0.9463888888888892,5.0,5.0,5.0,5.0,0.013888888888888886,0.0,0.007222222222222222,0.03916666666666666,0.9397222222222222,5.0,5.0,5.0
R_2slOAXD2vKd78bv,"Think about times in the past when you have let urges pass during a stressful moment, and notice what helped make that moment easier.",5.0,5.0,5.0,5.0,4.0,4.0,4.0,4.0,5.0,5.0,5.0,5.0,5.0,0.0,0.011666666666666667,0.0,0.06892063492063492,0.9194126984126982,5.0,5.0,5.0,5.0,0.0033333333333333335,0.0016666666666666668,0.0,0.03283333333333333,0.9621666666666667,5.0,5.0,5.0,5.0,0.0,0.0,0.01,0.04884920634920635,0.9411507936507938,5.0,5.0,4.0,5.0,0.0011111111111111111,0.0,0.003666666666666667,0.022166666666666668,0.9730555555555555,5.0,5.0,4.0
R_2mLgm3ND8fQh2cV,"To help get through a 'risky situation', remind yourself of how far you've come and the effort that you've put in. Don't ruin your hard work - stay strong!",2.0,4.0,,3.0,4.0,4.0,4.0,4.0,2.0,4.0,,3.0,5.0,0.0033333333333333335,0.05543650793650793,0.0,0.20073015873015873,0.7405,5.0,5.0,5.0,5.0,0.0398095238095238,0.10974603174603174,0.0,0.39823809523809506,0.4522063492063491,5.0,5.0,4.0,,,,,,,,,,3.0,0.005666666666666666,0.0,0.6942777777777777,0.0756111111111111,0.22444444444444442,3.0,3.0,4.0
R_2mLgm3ND8fQh2cV,"If you find sounds soothing, tune in to the soundtrack of nature, like crashing waves, the wind rustling through trees, or birds singing.",,,4.0,3.0,,4.0,3.0,,,,4.0,3.0,,,,,,,,,,,,,,,,,,,4.0,0.058166666666666665,0.0,0.19922222222222227,0.4946031746031745,0.2480079365079365,4.0,4.0,4.0,3.0,0.01,0.0,0.481916666666667,0.04275,0.4653333333333331,,,5.0
R_2mLgm3ND8fQh2cV,"Imagine your 'you' from next year has come to visit, and guess what? You quit! How good is that?",5.0,4.0,4.0,5.0,4.0,4.0,4.0,4.0,5.0,4.0,4.0,5.0,2.0,0.0075,0.6601666666666667,0.0,0.2102301587301587,0.1221031746031746,2.0,4.0,4.0,5.0,0.0398095238095238,0.10974603174603174,0.0,0.39823809523809506,0.4522063492063491,5.0,5.0,4.0,4.0,0.058166666666666665,0.0,0.19922222222222227,0.4946031746031745,0.2480079365079365,4.0,4.0,4.0,3.0,0.005666666666666666,0.0,0.6942777777777777,0.0756111111111111,0.22444444444444442,3.0,3.0,4.0
R_1lrEGL7SbqIoxZL,"You spent a long time training your brain to want a cig. Now you're retraining your brain, and it's natural that this might take time.",,,3.0,3.0,4.0,4.0,3.0,3.0,,,3.0,3.0,,,,,,,,,,,,,,,,,,,3.0,0.44538888888888883,0.0,0.46572222222222215,0.05084920634920635,0.03803968253968255,3.0,3.0,3.0,1.0,0.589,0.0,0.06866666666666667,0.19921428571428576,0.14311904761904765,1.0,1.0,1.0
R_1lrEGL7SbqIoxZL,"Tell yourself, “I am going to quit smoking soon.” Say it out loud. Say to yourself, “I am too strong to continue smoking for the rest of my life.""",,,3.0,3.0,4.0,4.0,3.0,,,,3.0,3.0,,,,,,,,,,,,,,,,,,,3.0,0.4132896825396824,0.0,0.49959920634920657,0.050888888888888886,0.03622222222222222,3.0,3.0,3.0,1.0,0.589,0.0,0.06866666666666667,0.19921428571428576,0.14311904761904765,,,1.0
R_1lrEGL7SbqIoxZL,"Crumple a piece of paper into a ball and imagine it is your urge. Toss the ""urge"" into the garbage or against the wall. By doing this, you are letting go of your urges.",2.0,,1.0,1.0,4.0,4.0,3.0,,2.0,,1.0,1.0,4.0,0.0,0.060047619047619016,0.0,0.7158492063492063,0.22410317460317464,4.0,4.0,4.0,,,,,,,,,,3.0,0.0,0.0,0.8830555555555556,0.05988095238095238,0.057063492063492066,3.0,3.0,3.0,3.0,0.0016666666666666668,0.0,0.8927777777777779,0.05543650793650793,0.05011904761904762,,,4.0
R_1rHeHtccIYUu1bq,"Instead of smoking, keep your fingers busy by scrolling through your phone.",1.0,2.0,1.0,1.0,,4.0,3.0,,1.0,2.0,1.0,1.0,4.0,0.03,0.03244444444444444,0.0,0.5903849206349207,0.3471706349206348,,,4.0,4.0,0.07666666666666666,0.09333333333333334,0.0,0.4814801587301586,0.3485198412698412,4.0,4.0,4.0,4.0,0.06994444444444445,0.0,0.32266269841269835,0.41340608465608475,0.1939867724867725,4.0,4.0,3.0,3.0,0.06147619047619049,0.0,0.7196666666666668,0.12873015873015872,0.09012698412698411,,,3.0
R_1rHeHtccIYUu1bq,"If you're stuck at home and physical activity doesn't interest you, try gaming, needlework, drawing, or journaling.",,,3.0,3.0,,4.0,3.0,,,,3.0,3.0,,,,,,,,,,,,,,,,,,,4.0,0.06994444444444445,0.0,0.32266269841269835,0.41340608465608475,0.1939867724867725,4.0,4.0,3.0,1.0,0.7158571428571427,0.0,0.11487301587301588,0.11702380952380949,0.05224603174603175,,,3.0
R_1LheFLgdNhZk1kA,"Think of urges as loud construction noises. Sometimes there's nothing you can do except agree that it's annoying. If you fight it, you feel more irritated, right? Let your urge be there until it passes on its own.",4.0,1.0,3.0,3.0,4.0,4.0,4.0,4.0,4.0,1.0,3.0,3.0,5.0,0.016666666666666666,0.02361111111111111,0.0,0.4584285714285716,0.5012936507936508,5.0,5.0,4.0,5.0,0.23708730158730154,0.23557936507936514,0.0,0.07016666666666667,0.45716666666666667,5.0,5.0,4.0,4.0,0.12388888888888891,0.0,0.12366666666666665,0.7031984126984127,0.049246031746031746,4.0,4.0,3.0,3.0,0.03805555555555556,0.0,0.49723809523809537,0.4422063492063491,0.0225,3.0,3.0,3.0
R_1LheFLgdNhZk1kA,Take a deep breath. Focus on today and the things you have accomplished. How many urges have you let pass? Give yourself some credit!,4.0,,3.0,3.0,4.0,4.0,4.0,4.0,4.0,,3.0,3.0,4.0,0.007777777777777777,0.029666666666666668,0.0,0.4856666666666669,0.4768888888888888,4.0,4.0,4.0,,,,,,,,,,4.0,0.12388888888888891,0.0,0.12366666666666665,0.7031984126984127,0.049246031746031746,4.0,4.0,3.0,3.0,0.12047619047619049,0.0,0.7720000000000001,0.04196825396825397,0.06555555555555555,3.0,3.0,3.0
R_1LheFLgdNhZk1kA,"Some places trigger powerful cravings, that is to be expected. Stop and notice where in your body you feel those cravings and remind yourself that cravings typically pass in 1 to 3 minutes",5.0,,4.0,4.0,4.0,4.0,4.0,4.0,5.0,,4.0,4.0,4.0,0.006666666666666667,0.0,0.0,0.9525555555555555,0.04077777777777778,4.0,4.0,4.0,,,,,,,,,,3.0,0.03611111111111111,0.0,0.9327777777777779,0.013611111111111114,0.017499999999999998,3.0,4.0,3.0,3.0,0.12047619047619049,0.0,0.7720000000000001,0.04196825396825397,0.06555555555555555,3.0,3.0,3.0
R_udANxFQbhOMyrrr,"Remind yourself that by staying quit, you'll be freeing yourself from the constant cycle of cigarette, nicotine withdrawal, feeling stressed as a result and wanting another cigarette. Keep going and this will be a thing of the past!",2.0,4.0,3.0,3.0,4.0,4.0,3.0,4.0,2.0,4.0,3.0,3.0,4.0,0.04133333333333333,0.034166666666666665,0.0,0.7250595238095237,0.19944047619047622,4.0,4.0,4.0,4.0,0.042499999999999996,0.0425,0.0,0.5801292411292412,0.3348707588707589,4.0,4.0,4.0,3.0,0.015222222222222222,0.0,0.7781666666666667,0.1507222222222222,0.055888888888888884,3.0,3.0,3.0,3.0,0.0235,0.0,0.9036111111111113,0.04538888888888889,0.0275,3.0,3.0,3.0
R_udANxFQbhOMyrrr,Imagine walking into a social situation in three months' time as a non-smoker. Now hold that picture and imagine you're that person now. Seeing yourself as a non-smoker now can make it much easier to resist!,,,3.0,3.0,4.0,4.0,3.0,4.0,,,3.0,3.0,,,,,,,,,,,,,,,,,,,3.0,0.01472222222222222,0.0,0.7783888888888888,0.16516666666666666,0.041722222222222216,3.0,3.0,3.0,3.0,0.048111111111111104,0.0,0.8872222222222221,0.04633333333333334,0.018333333333333333,3.0,3.0,3.0
R_udANxFQbhOMyrrr,"Picture the people or things you care deeply about. On a scale of 0-10, how willing are you to let this urge pass for those reasons?",,,,3.0,,4.0,3.0,,,,,3.0,,,,,,,,,,,,,,,,,,,,,,,,,,,,3.0,0.02517989417989418,0.0,0.9305555555555555,0.02715343915343915,0.017111111111111108,,,3.0
R_3Matzl9c3RQUXt4,"If you are tempted to smoke by being in this location, see if you can sit with that temptation for 1 minute. When the minute is over, do it again. Soon, it should pass.",4.0,4.0,3.0,4.0,4.0,4.0,4.0,4.0,4.0,4.0,3.0,4.0,5.0,0.0,0.01,0.0,0.08583333333333333,0.9041666666666667,5.0,5.0,5.0,5.0,0.0,0.023333333333333334,0.0,0.24380952380952384,0.7328571428571429,5.0,5.0,5.0,5.0,0.016666666666666666,0.0,0.08888888888888889,0.21672222222222218,0.6777222222222222,5.0,4.0,4.0,5.0,0.005,0.0,0.10505291005291005,0.2392804232804233,0.6506666666666667,5.0,5.0,4.0
R_3Matzl9c3RQUXt4,"Just because letting an urge pass isn't easy, doesn't mean that you can't do it. Try it, you might surprise yourself.",5.0,5.0,5.0,5.0,4.0,4.0,4.0,4.0,5.0,5.0,5.0,5.0,4.0,0.0044444444444444444,0.09527777777777778,0.0,0.8636666666666667,0.036611111111111115,4.0,4.0,4.0,5.0,0.0,0.023333333333333334,0.0,0.24380952380952384,0.7328571428571429,5.0,5.0,5.0,5.0,0.015277777777777777,0.0,0.4284166666666668,0.10586111111111113,0.4504444444444444,5.0,4.0,4.0,5.0,0.005,0.0,0.10505291005291005,0.2392804232804233,0.6506666666666667,5.0,5.0,4.0
R_3Matzl9c3RQUXt4,"Some people find it helpful to give a name to their urge. If you're experiencing regular urges, give that feeling a name ('Olga the urge'?), and tell it that you won't give in to it. It may make it easier to live with (e.g. ""ok Olga, I need to be by myself now..."").",5.0,5.0,5.0,5.0,4.0,4.0,4.0,4.0,5.0,5.0,5.0,5.0,4.0,0.0044444444444444444,0.09527777777777778,0.0,0.8636666666666667,0.036611111111111115,4.0,4.0,4.0,4.0,0.0,0.01,0.0,0.5041587301587301,0.4858412698412699,4.0,4.0,4.0,5.0,0.016666666666666666,0.0,0.08888888888888889,0.21672222222222218,0.6777222222222222,5.0,4.0,4.0,4.0,0.0044444444444444444,0.0,0.04016666666666667,0.5126455026455027,0.4427433862433862,4.0,4.0,5.0
R_1Fbqbnf6dLMy4tn,"Instead of smoking, keep your fingers busy by scrolling through your phone.",4.0,4.0,4.0,4.0,2.0,,,,4.0,4.0,4.0,4.0,4.0,0.0,0.0022222222222222222,0.0,0.7619420394420396,0.23583573833573845,4.0,4.0,4.0,4.0,0.0011111111111111111,0.007777777777777777,0.0,0.7225833333333338,0.268527777777778,,,4.0,4.0,0.0022222222222222222,0.0,0.0,0.7982543290043297,0.19952344877344885,,,4.0,4.0,0.0,0.0,0.0,0.7976837421837425,0.2023162578162579,,,4.0
R_1Fbqbnf6dLMy4tn,Pause and take 5 slow breaths. Pausing just for a moment breaks the automatic habit of reaching for a smoke.,5.0,5.0,5.0,5.0,4.0,4.0,4.0,4.0,5.0,5.0,5.0,5.0,4.0,0.0,0.0022222222222222222,0.0,0.9933333333333333,0.0044444444444444444,4.0,4.0,4.0,4.0,0.0,0.0,0.0,0.9983333333333333,0.0016666666666666668,4.0,4.0,4.0,4.0,0.0013333333333333335,0.0,0.0033333333333333335,0.9953333333333334,0.0,4.0,4.0,3.0,4.0,0.0014285714285714286,0.0,0.0,0.9894047619047619,0.009166666666666667,4.0,4.0,4.0
R_1Fbqbnf6dLMy4tn,Pause. Notice the feelings you are having without judgement. Let them come and go. Being aware of your feelings means you can make a new choice about how you respond to your urges instead of smoking on autopilot.,4.0,4.0,4.0,4.0,4.0,4.0,4.0,4.0,4.0,4.0,4.0,4.0,4.0,0.0,0.0022222222222222222,0.0,0.7619420394420396,0.23583573833573845,4.0,4.0,4.0,4.0,0.0,0.0022222222222222222,0.0,0.7972683242683247,0.2005094535094536,4.0,4.0,4.0,4.0,0.0,0.0,0.01,0.7339113756613761,0.2560886243386245,4.0,4.0,4.0,4.0,0.006666666666666667,0.0,0.0033333333333333335,0.7473624338624338,0.24263756613756626,4.0,4.0,5.0
R_1Fbqbnf6dLMy4tn,Pause. Notice the feelings you are having without judgement. Let them come and go. Being aware of your feelings means you can make a new choice about how you respond to your urges instead of smoking on autopilot.,4.0,4.0,4.0,4.0,4.0,4.0,4.0,4.0,4.0,4.0,4.0,4.0,4.0,0.0,0.0,0.0,0.7891727994227996,0.21082720057720075,4.0,4.0,4.0,4.0,0.0011111111111111111,0.007777777777777777,0.0,0.7225833333333338,0.268527777777778,4.0,4.0,4.0,4.0,0.0,0.0,0.01,0.7339113756613761,0.2560886243386245,4.0,4.0,4.0,4.0,0.0016666666666666668,0.0,0.0,0.8019669774669779,0.19636635586635595,4.0,4.0,4.0
R_1Fbqbnf6dLMy4tn,Pause. Notice the feelings you are having without judgement. Let them come and go. Being aware of your feelings means you can make a new choice about how you respond to your urges instead of smoking on autopilot.,4.0,4.0,4.0,4.0,4.0,4.0,4.0,4.0,4.0,4.0,4.0,4.0,4.0,0.0,0.0022222222222222222,0.0,0.9933333333333333,0.0044444444444444444,4.0,4.0,4.0,4.0,0.0,0.0,0.0,0.7993584748584751,0.20064152514152522,4.0,4.0,4.0,4.0,0.0013333333333333335,0.0,0.0033333333333333335,0.9953333333333334,0.0,4.0,4.0,3.0,4.0,0.006666666666666667,0.0,0.0033333333333333335,0.7473624338624338,0.24263756613756626,4.0,4.0,5.0
R_1Fbqbnf6dLMy4tn,Pause. Notice the feelings you are having without judgement. Let them come and go. Being aware of your feelings means you can make a new choice about how you respond to your urges instead of smoking on autopilot.,4.0,4.0,4.0,4.0,4.0,4.0,4.0,4.0,4.0,4.0,4.0,4.0,4.0,0.0,0.0022222222222222222,0.0,0.9933333333333333,0.0044444444444444444,4.0,4.0,4.0,4.0,0.0,0.0,0.0,0.7885407740407743,0.21145922595922614,4.0,4.0,4.0,4.0,0.0,0.0,0.0033333333333333335,0.78612481962482,0.21054184704184717,4.0,4.0,4.0,4.0,0.0014285714285714286,0.0,0.0,0.9894047619047619,0.009166666666666667,4.0,4.0,4.0
R_2EtsWpbAEibZktI,"Some people find that having a simple mantra can really help, especially if things feel stressful. Try repeating something simple to yourself like: ""I can do it!"".",5.0,4.0,4.0,4.0,4.0,4.0,4.0,4.0,5.0,4.0,4.0,4.0,4.0,0.0,0.008333333333333333,0.0,0.5124629629629631,0.4792037037037039,4.0,4.0,4.0,5.0,0.023333333333333334,0.006666666666666667,0.0,0.06333333333333334,0.9066666666666666,5.0,5.0,5.0,4.0,0.01472222222222222,0.0,0.02822222222222222,0.5123253968253969,0.44473015873015875,4.0,4.0,5.0,5.0,0.025253968253968254,0.0,0.15715079365079362,0.09792063492063491,0.7196746031746031,5.0,5.0,5.0
R_2EtsWpbAEibZktI,"When your mind tells you that you will be less stressed after smoking a cigarette, remember that you don't have to listen to that thought. It's just a thought and nothing more.",4.0,5.0,5.0,5.0,4.0,4.0,3.0,3.0,4.0,5.0,5.0,5.0,5.0,0.0022222222222222222,0.013333333333333334,0.0,0.10555555555555557,0.8788888888888889,5.0,5.0,5.0,4.0,0.010277777777777776,0.02694444444444444,0.0,0.852111111111111,0.11066666666666665,4.0,4.0,5.0,4.0,0.008333333333333333,0.0,0.03988888888888889,0.9268333333333334,0.024944444444444446,4.0,4.0,5.0,4.0,0.011111111111111112,0.0,0.042499999999999996,0.4832222222222222,0.4631666666666666,4.0,4.0,5.0
R_2EtsWpbAEibZktI,"Are you willing to let this urge pass for the sake of living a good long time with the people who matter most to you? When you have an urge, think about the people most important to you.",5.0,5.0,4.0,5.0,4.0,4.0,3.0,4.0,5.0,5.0,4.0,5.0,4.0,0.006666666666666667,0.016666666666666666,0.0,0.5396507936507939,0.43701587301587314,4.0,4.0,5.0,4.0,0.010277777777777776,0.02694444444444444,0.0,0.852111111111111,0.11066666666666665,4.0,4.0,5.0,5.0,0.004166666666666667,0.0,0.03229365079365079,0.4743253968253968,0.48921428571428566,5.0,5.0,5.0,5.0,0.025253968253968254,0.0,0.15715079365079362,0.09792063492063491,0.7196746031746031,5.0,5.0,5.0
R_1M01cLnmxZSOivi,"Keep your mind occupied if you get an urge. Do a mental puzzle, make your next shopping list, read a book, write a poem…you might be surprised how well occupying your mind can get rid of urges.",5.0,5.0,5.0,5.0,4.0,4.0,4.0,4.0,5.0,5.0,5.0,5.0,1.0,0.6507777777777778,0.005666666666666666,0.0,0.20530555555555557,0.13825,1.0,4.0,1.0,1.0,0.6633333333333333,0.013333333333333334,0.0,0.14662277537277535,0.17671055796055793,1.0,2.0,1.0,5.0,0.44138888888888883,0.0,0.04666666666666667,0.06983333333333333,0.4421111111111112,5.0,5.0,3.0,1.0,0.46651587301587266,0.0,0.025619047619047618,0.05765873015873016,0.45020634920634944,1.0,3.0,5.0
R_1M01cLnmxZSOivi,"Crumple a piece of paper into a ball and imagine it is your urge. Toss the ""urge"" into the garbage or against the wall. By doing this, you are letting go of your urges.",1.0,1.0,1.0,1.0,4.0,4.0,4.0,4.0,1.0,1.0,1.0,1.0,5.0,0.0011111111111111111,0.0033333333333333335,0.0,0.08918253968253968,0.906373015873016,5.0,5.0,5.0,5.0,0.005833333333333334,0.0,0.0,0.05884126984126984,0.9353253968253968,5.0,5.0,5.0,5.0,0.01177777777777778,0.0,0.05166666666666666,0.07527777777777778,0.8612777777777777,5.0,5.0,5.0,5.0,0.02752380952380952,0.0,0.03166666666666667,0.05114285714285714,0.8896666666666666,5.0,5.0,5.0
R_1M01cLnmxZSOivi,See what it is like to let the urge pass. You can have an urge and choose not to smoke.,5.0,5.0,5.0,5.0,4.0,4.0,3.0,4.0,5.0,5.0,5.0,5.0,1.0,0.6507777777777778,0.005666666666666666,0.0,0.20530555555555557,0.13825,1.0,4.0,1.0,1.0,0.6633333333333333,0.013333333333333334,0.0,0.14662277537277535,0.17671055796055793,1.0,2.0,1.0,5.0,0.4261666666666668,0.0,0.026666666666666665,0.07,0.4771666666666666,5.0,4.0,5.0,5.0,0.442515873015873,0.0,0.024277777777777777,0.04915079365079365,0.48405555555555574,5.0,5.0,5.0
R_30l3R10aOCVGe5w,Practice staying in this location without smoking. Just notice your urge. Practicing this will weaken this trigger with time. Just think of it as practice.,4.0,4.0,4.0,4.0,4.0,4.0,4.0,4.0,4.0,4.0,4.0,4.0,4.0,0.0033333333333333335,0.04,0.0,0.7807817460317459,0.17588492063492064,4.0,4.0,4.0,5.0,0.0,0.02666666666666667,0.0,0.06548015873015874,0.9078531746031744,5.0,5.0,5.0,5.0,0.0,0.0,0.018444444444444447,0.03161111111111112,0.9499444444444445,5.0,5.0,5.0,5.0,0.011444444444444445,0.0,0.06644444444444444,0.010833333333333334,0.9112777777777777,5.0,5.0,4.0
R_30l3R10aOCVGe5w,"If you usually smoke while you talk on the phone, keep a pen and paper nearby to occupy your hands with doodling rather than smoking.",5.0,5.0,5.0,5.0,4.0,4.0,4.0,4.0,5.0,5.0,5.0,5.0,4.0,0.0033333333333333335,0.04,0.0,0.7807817460317459,0.17588492063492064,4.0,4.0,4.0,5.0,0.0,0.02666666666666667,0.0,0.06548015873015874,0.9078531746031744,5.0,5.0,5.0,4.0,0.006666666666666667,0.0,0.030095238095238095,0.5053492063492064,0.45788888888888885,4.0,4.0,5.0,5.0,0.02705555555555556,0.0,0.03555555555555556,0.419111111111111,0.5182777777777777,5.0,5.0,5.0
R_30l3R10aOCVGe5w,"Remind yourself that by staying quit, you'll be freeing yourself from the constant cycle of cigarette, nicotine withdrawal, feeling stressed as a result and wanting another cigarette. Keep going and this will be a thing of the past!",4.0,5.0,5.0,5.0,4.0,4.0,4.0,4.0,4.0,5.0,5.0,5.0,5.0,0.0033333333333333335,0.0011111111111111111,0.0,0.4683769841269837,0.5271785714285716,5.0,5.0,4.0,5.0,0.005,0.0016666666666666668,0.0,0.4689761904761905,0.5243571428571431,5.0,5.0,5.0,5.0,0.01,0.0,0.024444444444444442,0.4629523809523809,0.5026031746031746,5.0,5.0,5.0,5.0,0.006666666666666667,0.0,0.006666666666666667,0.45372222222222236,0.5329444444444444,5.0,5.0,5.0
R_2wn1SLP3ekGoOSw,It's normal to have some doubts during a quit attempt. Keep your quit reasons on hand to remind yourself if ever you feel uncertain or undecided.,4.0,5.0,4.0,5.0,4.0,4.0,4.0,4.0,4.0,5.0,4.0,5.0,5.0,0.0,0.0,0.0,0.03777777777777778,0.9622222222222221,5.0,5.0,5.0,5.0,0.0,0.0,0.0,0.22064550264550273,0.7793544973544977,5.0,5.0,5.0,4.0,0.0,0.0,0.0,0.7320238095238093,0.26797619047619053,4.0,4.0,4.0,5.0,0.0,0.0,0.0033333333333333335,0.0,0.9966666666666667,5.0,5.0,5.0
R_2wn1SLP3ekGoOSw,Pause. Notice what triggered you to smoke in the past. Now take one deep breath and remind yourself that you do not need to smoke.,5.0,5.0,4.0,5.0,4.0,4.0,4.0,4.0,5.0,5.0,4.0,5.0,5.0,0.0,0.0,0.0,0.19105435305435323,0.8089456469456473,5.0,5.0,5.0,5.0,0.0,0.0033333333333333335,0.0,0.17661026936026952,0.8200563973063973,5.0,5.0,5.0,4.0,0.0,0.0,0.0016666666666666668,0.7910122655122659,0.20732106782106807,4.0,4.0,4.0,5.0,0.0008333333333333334,0.0,0.0,0.0033333333333333335,0.9958333333333333,5.0,5.0,5.0
R_2wn1SLP3ekGoOSw,Pause. Notice what triggered you to smoke in the past. Now take one deep breath and remind yourself that you do not need to smoke.,5.0,5.0,4.0,5.0,4.0,4.0,4.0,4.0,5.0,5.0,4.0,5.0,5.0,0.0,0.0,0.0,0.03777777777777778,0.9622222222222221,5.0,5.0,5.0,5.0,0.0008333333333333334,0.005833333333333334,0.0,0.012777777777777777,0.9805555555555556,5.0,5.0,4.0,4.0,0.0,0.0,0.0,0.7320238095238093,0.26797619047619053,4.0,4.0,4.0,5.0,0.0,0.0,0.0033333333333333335,0.0,0.9966666666666667,5.0,5.0,5.0
R_2wn1SLP3ekGoOSw,Pause. Notice what triggered you to smoke in the past. Now take one deep breath and remind yourself that you do not need to smoke.,5.0,5.0,4.0,5.0,4.0,4.0,4.0,4.0,5.0,5.0,4.0,5.0,5.0,0.0,0.0,0.0,0.24567760942760947,0.7543223905723906,5.0,5.0,5.0,5.0,0.0,0.0,0.0,0.22064550264550273,0.7793544973544977,5.0,5.0,5.0,4.0,0.0,0.0,0.0,0.7919421596921601,0.20805784030784055,4.0,4.0,4.0,5.0,0.0,0.0,0.0,0.0,1.0,5.0,5.0,5.0
R_2wn1SLP3ekGoOSw,Pause. Notice what triggered you to smoke in the past. Now take one deep breath and remind yourself that you do not need to smoke.,5.0,5.0,4.0,5.0,4.0,4.0,4.0,4.0,5.0,5.0,4.0,5.0,5.0,0.0,0.0,0.0,0.03777777777777778,0.9622222222222221,5.0,5.0,5.0,5.0,0.0008333333333333334,0.005833333333333334,0.0,0.012777777777777777,0.9805555555555556,5.0,5.0,4.0,4.0,0.0,0.0,0.0016666666666666668,0.7943505291005291,0.20398280423280435,4.0,4.0,4.0,5.0,0.0,0.0,0.0025,0.0,0.9975,5.0,5.0,5.0
R_2wn1SLP3ekGoOSw,"When running a marathon, the hardest part is often towards the end, but many runners stick with it, knowing that the pain will pass. Learning to quit smoking is like running a marathon - if it gets hard, you may be closer to succeeding than you realize!",5.0,4.0,5.0,5.0,4.0,4.0,4.0,4.0,5.0,4.0,5.0,5.0,5.0,0.0,0.0,0.0,0.24567760942760947,0.7543223905723906,5.0,5.0,5.0,5.0,0.0008333333333333334,0.005833333333333334,0.0,0.012777777777777777,0.9805555555555556,5.0,5.0,4.0,4.0,0.0,0.0,0.0,0.9966666666666667,0.0033333333333333335,4.0,4.0,5.0,5.0,0.0,0.0,0.0,0.0033333333333333335,0.9966666666666667,5.0,5.0,5.0
R_2hJAKbiGgSIIvux,"This craving is just an event. A game. It will pass. The game gets easier the more you let your urge pass without smoking. But, it gets harder every time you give in to the urge and smoke.",5.0,5.0,5.0,4.0,4.0,4.0,4.0,4.0,5.0,5.0,5.0,4.0,5.0,0.0033333333333333335,0.03166666666666667,0.0,0.1884761904761905,0.7765238095238093,5.0,5.0,4.0,4.0,0.0033333333333333335,0.008333333333333333,0.0,0.9219444444444446,0.06638888888888889,4.0,4.0,4.0,3.0,0.01472222222222222,0.0,0.6972222222222222,0.23688888888888887,0.051166666666666666,3.0,4.0,4.0,5.0,0.007777777777777777,0.0,0.015555555555555553,0.03573015873015873,0.940936507936508,5.0,5.0,5.0
R_2hJAKbiGgSIIvux,"Notice what is triggering your urge. Have understanding and kindness for yourself for feeling this urge. It isn't easy, but can you choose to let it be there without smoking?",5.0,,5.0,5.0,4.0,4.0,4.0,4.0,5.0,,5.0,5.0,5.0,0.0,0.013,0.0,0.0725,0.9145000000000001,5.0,5.0,5.0,,,,,,,,,,3.0,0.01472222222222222,0.0,0.6972222222222222,0.23688888888888887,0.051166666666666666,3.0,4.0,4.0,4.0,0.0033333333333333335,0.0,0.03638888888888889,0.49116666666666675,0.469111111111111,4.0,4.0,5.0
R_2hJAKbiGgSIIvux,"You were often stressed in this location and this might trigger urges. What can you do to reduce your stress here? If you can avoid this place until things settle down, then do.",5.0,4.0,3.0,5.0,4.0,4.0,4.0,4.0,5.0,4.0,3.0,5.0,5.0,0.0033333333333333335,0.03166666666666667,0.0,0.1884761904761905,0.7765238095238093,5.0,5.0,4.0,5.0,0.0033333333333333335,0.014777777777777779,0.0,0.2782936507936508,0.703595238095238,5.0,5.0,4.0,5.0,0.0,0.0,0.014166666666666666,0.08791666666666667,0.8979166666666665,5.0,5.0,5.0,5.0,0.005,0.0,0.023,0.474138888888889,0.497861111111111,5.0,5.0,5.0
R_2xS1ZxFMCNBndN0,"Some people find that having a simple mantra can really help, especially if things feel stressful. Try repeating something simple to yourself like: ""I can do it!"".",5.0,4.0,5.0,4.0,5.0,4.0,4.0,4.0,5.0,4.0,5.0,4.0,5.0,0.016666666666666666,0.018888888888888886,0.0,0.1521111111111111,0.8123333333333332,5.0,5.0,5.0,4.0,0.0033333333333333335,0.0,0.0,0.9438888888888888,0.05277777777777777,4.0,5.0,4.0,4.0,0.0,0.0,0.023055555555555555,0.4942222222222223,0.4827222222222222,4.0,4.0,5.0,5.0,0.0,0.0,0.012,0.05772222222222222,0.9302777777777778,5.0,5.0,4.0
R_2xS1ZxFMCNBndN0,"Instead of smoking, think of 3 things from today that you are grateful for. These can be anything, even small things! Now ask yourself, why are you grateful for these things?",5.0,4.0,4.0,5.0,4.0,4.0,4.0,4.0,5.0,4.0,4.0,5.0,5.0,0.016666666666666666,0.018888888888888886,0.0,0.1521111111111111,0.8123333333333332,5.0,5.0,5.0,4.0,0.0,0.0016666666666666668,0.0,0.9307777777777778,0.06755555555555555,4.0,4.0,4.0,5.0,0.0011111111111111111,0.0,0.027896825396825396,0.033452380952380956,0.9375396825396826,5.0,5.0,5.0,4.0,0.006666666666666667,0.0,0.06405555555555556,0.7817222222222223,0.14755555555555558,4.0,4.0,4.0
R_2xS1ZxFMCNBndN0,"When you are stressed, it is easy to focus on the things that are going wrong. Take a few moments to focus on 5 things that have gone well or that you are thankful for this week.",5.0,4.0,5.0,5.0,,4.0,3.0,,5.0,4.0,5.0,5.0,5.0,0.006666666666666667,0.0,0.0,0.07611111111111112,0.917222222222222,,,5.0,4.0,0.0,0.0044444444444444444,0.0,0.9369444444444446,0.05861111111111111,4.0,5.0,4.0,4.0,0.0016666666666666668,0.0,0.022037037037037036,0.5169708994708995,0.45932539682539686,4.0,4.0,5.0,4.0,0.006666666666666667,0.0,0.06405555555555556,0.7817222222222223,0.14755555555555558,,,4.0
R_A5SrtEB9WH4MqMp,"Have confidence in knowing that you can have this urge, choose not to smoke, be okay, and choose to do things that matter most to you.",2.0,4.0,4.0,4.0,4.0,4.0,3.0,3.0,2.0,4.0,4.0,4.0,5.0,0.005222222222222222,0.018000000000000002,0.0,0.45152116402116393,0.5252566137566137,5.0,5.0,4.0,4.0,0.0,0.0044444444444444444,0.0,0.9398333333333333,0.055722222222222215,4.0,5.0,4.0,4.0,0.031000000000000003,0.0,0.06177777777777777,0.7996785714285715,0.10754365079365077,4.0,4.0,4.0,4.0,0.008888888888888889,0.0,0.05619047619047618,0.8043095238095239,0.1306111111111111,4.0,4.0,4.0
R_A5SrtEB9WH4MqMp,"If you find yourself thinking: ""I can't do this"", ""I need a cig"", or ""I'll just have one"", make sure you tell yourself ""I absolutely CAN do this"", ""I'm in control"". Take control of your negative thoughts!",,4.0,4.0,4.0,4.0,4.0,4.0,4.0,,4.0,4.0,4.0,,,,,,,,,,4.0,0.0016666666666666668,0.015555555555555557,0.0,0.9192301587301588,0.06354761904761906,4.0,4.0,4.0,4.0,0.031000000000000003,0.0,0.06177777777777777,0.7996785714285715,0.10754365079365077,4.0,4.0,4.0,4.0,0.008888888888888889,0.0,0.05619047619047618,0.8043095238095239,0.1306111111111111,4.0,4.0,4.0
R_A5SrtEB9WH4MqMp,Maybe you could use these few minutes to work out whose birthday is next and what message you'll write in their card? Then when it comes you'll have something original and well thought-out to write!,,4.0,4.0,4.0,1.0,1.0,1.0,1.0,,4.0,4.0,4.0,,,,,,,,,,4.0,0.006666666666666667,0.016666666666666666,0.0,0.9198412698412699,0.05682539682539683,4.0,4.0,4.0,4.0,0.006666666666666667,0.0,0.032888888888888884,0.898888888888889,0.061555555555555565,4.0,3.0,4.0,4.0,0.012222222222222221,0.0,0.009285714285714286,0.9297222222222223,0.04876984126984127,4.0,5.0,4.0
R_2VQHk5jScvQlebK,Pause and take 5 slow breaths. Pausing just for a moment breaks the automatic habit of reaching for a smoke.,4.0,,3.0,3.0,4.0,4.0,4.0,4.0,4.0,,3.0,3.0,4.0,0.09383333333333331,0.02638888888888889,0.0,0.4749285714285716,0.4048492063492063,4.0,4.0,4.0,,,,,,,,,,3.0,0.023333333333333334,0.0,0.8933333333333333,0.054,0.029333333333333336,3.0,4.0,3.0,3.0,0.025944444444444444,0.0,0.8914285714285715,0.052626984126984126,0.03,3.0,3.0,3.0
R_2VQHk5jScvQlebK,Stop and take 3 deep breaths. Then decide if you really want to smoke right now or not. Pausing for a few breaths can help lessen the habit.,,,3.0,3.0,4.0,4.0,4.0,3.0,,,3.0,3.0,,,,,,,,,,,,,,,,,,,3.0,0.019944444444444445,0.0,0.8694047619047619,0.06420634920634921,0.04644444444444444,3.0,4.0,3.0,3.0,0.02757936507936508,0.0,0.8966666666666666,0.028031746031746033,0.04772222222222223,3.0,4.0,3.0
R_2VQHk5jScvQlebK,"Instead of smoking, write a quick note to yourself explaining why ditching cigs is important to you. Carry it with you and read it when you feel like lighting up.",,,3.0,3.0,4.0,4.0,3.0,4.0,,,3.0,3.0,,,,,,,,,,,,,,,,,,,3.0,0.020555555555555553,0.0,0.8508333333333333,0.09166666666666666,0.03694444444444444,3.0,3.0,3.0,3.0,0.03904761904761905,0.0,0.884,0.030507936507936505,0.04644444444444445,3.0,3.0,3.0
R_1lieuGdN9qSzQWj,Urges are like annoying ads. You might see them but you don't have to buy what they're selling.,5.0,5.0,5.0,5.0,4.0,4.0,4.0,4.0,5.0,5.0,5.0,5.0,5.0,0.0,0.0,0.0,0.06022222222222222,0.9397777777777778,5.0,5.0,4.0,5.0,0.0,0.004166666666666667,0.0,0.08000396825396827,0.915829365079365,5.0,5.0,4.0,4.0,0.0,0.0,0.0030555555555555553,0.9382777777777779,0.05866666666666667,4.0,4.0,4.0,5.0,0.0,0.0,0.0648888888888889,0.09427777777777777,0.8408333333333331,5.0,5.0,5.0
R_1lieuGdN9qSzQWj,"If this situation becomes stressful for you, make an excuse to leave for a few minutes. If this doesn't help, it might be better to just leave early.",5.0,4.0,4.0,5.0,2.0,2.0,,,5.0,4.0,4.0,5.0,5.0,0.0,0.0,0.0,0.07988888888888888,0.920111111111111,5.0,5.0,5.0,5.0,0.0,0.004166666666666667,0.0,0.08000396825396827,0.915829365079365,5.0,5.0,4.0,5.0,0.0033333333333333335,0.0,0.02761111111111111,0.16426190476190475,0.8047936507936508,,,5.0,5.0,0.0,0.0,0.0648888888888889,0.09427777777777777,0.8408333333333331,,,5.0
R_1lieuGdN9qSzQWj,"Ask yourself, ""From 0-10, how willing am I to let this urge pass without smoking?"" Let it pass to be closer to the things that matter most to you.",5.0,5.0,4.0,5.0,4.0,4.0,4.0,4.0,5.0,5.0,4.0,5.0,5.0,0.0,0.005555555555555555,0.0,0.06822222222222221,0.9262222222222223,5.0,5.0,4.0,5.0,0.0,0.004166666666666667,0.0,0.08000396825396827,0.915829365079365,5.0,5.0,4.0,5.0,0.0033333333333333335,0.0,0.02761111111111111,0.16426190476190475,0.8047936507936508,5.0,5.0,5.0,5.0,0.0,0.0,0.021500000000000002,0.042222222222222223,0.936277777777778,5.0,5.0,5.0
R_3PRLOS6qU0lddMs,"It can be tricky to be around friends or colleagues who are still smoking. If you're finding it tough, try and think about the things that you are doing well.",4.0,4.0,5.0,4.0,4.0,4.0,4.0,4.0,4.0,4.0,5.0,4.0,4.0,0.0,0.0022222222222222222,0.0,0.9144444444444444,0.08333333333333333,4.0,4.0,4.0,4.0,0.0,0.0,0.0,0.9688333333333332,0.031166666666666665,4.0,4.0,4.0,5.0,0.006071428571428571,0.0,0.1080952380952381,0.1586666666666667,0.7271666666666667,5.0,4.0,4.0,4.0,0.0,0.0,0.011777777777777778,0.9626666666666667,0.025555555555555557,4.0,4.0,5.0
R_3PRLOS6qU0lddMs,"To keep on track, small changes can really help. For example, keep a list of quit reasons where you used to keep cigarettes, rearrange your living space, or grab some extra pens to fiddle with to keep your hands busy.",4.0,4.0,5.0,4.0,4.0,4.0,4.0,4.0,4.0,4.0,5.0,4.0,4.0,0.0,0.004166666666666667,0.0,0.9188333333333333,0.077,4.0,4.0,4.0,4.0,0.0,0.0016666666666666668,0.0,0.9415555555555557,0.05677777777777778,4.0,4.0,4.0,5.0,0.006071428571428571,0.0,0.1080952380952381,0.1586666666666667,0.7271666666666667,5.0,5.0,4.0,4.0,0.005,0.0,0.06024603174603174,0.8578492063492064,0.07690476190476189,4.0,4.0,5.0
R_3PRLOS6qU0lddMs,"As smokers are usually with you in this location, it's really important that you're not with them when they smoke. Consider avoiding this place if possible until things settle down.",4.0,4.0,5.0,4.0,,4.0,3.0,4.0,4.0,4.0,5.0,4.0,4.0,0.0,0.008611111111111111,0.0,0.9391666666666667,0.05222222222222222,,,5.0,4.0,0.0033333333333333335,0.0033333333333333335,0.0,0.9523888888888888,0.04094444444444445,4.0,4.0,4.0,5.0,0.0,0.0,0.020555555555555553,0.0761111111111111,0.9033333333333333,5.0,5.0,5.0,4.0,0.005,0.0,0.06024603174603174,0.8578492063492064,0.07690476190476189,4.0,4.0,5.0
R_20M5OkxYYP8lBbX,What can you do right now to break the automatic habit of smoking to help you feel better? Pause. Close your eyes. And take 10 slow breaths.,5.0,4.0,3.0,4.0,4.0,4.0,4.0,4.0,5.0,4.0,3.0,4.0,5.0,0.0,0.0075,0.0,0.10827777777777778,0.8842222222222221,5.0,5.0,5.0,4.0,0.0033333333333333335,0.0,0.0,0.9652777777777777,0.03138888888888889,4.0,4.0,4.0,3.0,0.0,0.0,0.8883333333333333,0.07144444444444445,0.04022222222222222,3.0,4.0,3.0,4.0,0.0038888888888888883,0.0,0.041111111111111105,0.9177777777777777,0.037222222222222226,4.0,4.0,4.0
R_20M5OkxYYP8lBbX,Setting small goals when you feel unmotivated is best. Maybe a small goal for now is to breathe deeply for the next 3 minutes instead of smoking.,5.0,4.0,3.0,4.0,4.0,4.0,4.0,4.0,5.0,4.0,3.0,4.0,5.0,0.0033333333333333335,0.015833333333333335,0.0,0.08555555555555557,0.8952777777777777,5.0,5.0,5.0,4.0,0.0011111111111111111,0.0,0.0,0.9636111111111112,0.03527777777777778,4.0,4.0,4.0,3.0,0.0,0.0,0.8782222222222223,0.06377777777777778,0.057999999999999996,3.0,3.0,1.0,4.0,0.0022222222222222222,0.0,0.03125,0.9240277777777777,0.0425,4.0,4.0,4.0
R_20M5OkxYYP8lBbX,"Think about what is really important to you. Maybe it's spending time with family or a friend, exercising, doing something spiritual, or creating something. Whatever it is, take a step in that direction.",5.0,4.0,3.0,4.0,4.0,4.0,4.0,4.0,5.0,4.0,3.0,4.0,5.0,0.0,0.007388888888888889,0.0,0.12438888888888888,0.8682222222222223,5.0,5.0,5.0,4.0,0.0,0.0,0.0,0.9402777777777779,0.05972222222222221,4.0,4.0,4.0,3.0,0.0,0.0,0.8797222222222223,0.09250000000000001,0.027777777777777773,3.0,4.0,3.0,4.0,0.0016666666666666668,0.0,0.03097619047619048,0.9349126984126985,0.03244444444444445,4.0,4.0,4.0
R_1LG1SlUQdJOQXzg,"As smokers are usually with you in this location, it's really important that you're not with them when they smoke. Consider avoiding this place if possible until things settle down.",4.0,4.0,4.0,4.0,2.0,,3.0,,4.0,4.0,4.0,4.0,5.0,0.0,0.007555555555555555,0.0,0.06111111111111111,0.9313333333333337,5.0,5.0,4.0,5.0,0.006666666666666667,0.0016666666666666668,0.0,0.025047619047619048,0.9666190476190476,,,5.0,5.0,0.009166666666666667,0.0,0.008333333333333333,0.041999999999999996,0.9404999999999999,5.0,5.0,5.0,5.0,0.014333333333333333,0.0,0.0033333333333333335,0.03717592592592593,0.9451574074074074,,,5.0
R_1LG1SlUQdJOQXzg,"Imagine your 'you' from next year has come to visit, and guess what? You quit! How good is that?",5.0,5.0,5.0,5.0,4.0,4.0,3.0,4.0,5.0,5.0,5.0,5.0,5.0,0.0027777777777777775,0.0033333333333333335,0.0,0.48939153439153443,0.5044973544973544,5.0,5.0,4.0,4.0,0.006555555555555556,0.015555555555555553,0.0,0.7128068783068784,0.2650820105820106,4.0,4.0,5.0,4.0,0.002333333333333333,0.0,0.005833333333333334,0.5138769841269841,0.4779563492063493,4.0,4.0,5.0,4.0,0.020277777777777777,0.0,0.0,0.49657142857142855,0.4831507936507938,4.0,4.0,5.0
R_1LG1SlUQdJOQXzg,Take a deep breath and let it out slowly. Notice that you are completely OK for this one breath. Do it again.,5.0,5.0,5.0,5.0,,4.0,3.0,,5.0,5.0,5.0,5.0,5.0,0.0,0.015555555555555553,0.0,0.4422658730158729,0.5421785714285715,,,5.0,4.0,0.006555555555555556,0.015555555555555553,0.0,0.7128068783068784,0.2650820105820106,4.0,4.0,5.0,4.0,0.008333333333333333,0.0,0.011333333333333332,0.5198888888888887,0.4604444444444445,4.0,4.0,5.0,5.0,0.011555555555555557,0.0,0.009333333333333332,0.45873168498168515,0.520379426129426,,,5.0
R_32QljfPmjp0y9oP,"If you get urges, remind yourself that cigarettes did that to you. If you go back to them, they will keep making you suffer. Now you are breaking free.",5.0,5.0,5.0,5.0,4.0,4.0,4.0,4.0,5.0,5.0,5.0,5.0,5.0,0.0,0.04777777777777777,0.0,0.45172222222222225,0.5005000000000001,5.0,5.0,4.0,5.0,0.0,0.034555555555555555,0.0,0.05266666666666666,0.9127777777777777,5.0,5.0,5.0,4.0,0.020714285714285716,0.0,0.09995238095238093,0.7664444444444444,0.11288888888888887,4.0,4.0,4.0,4.0,0.006984126984126983,0.0,0.043849206349206346,0.931611111111111,0.017555555555555557,4.0,4.0,4.0
R_32QljfPmjp0y9oP,"Instead of smoking, keep your fingers busy by scrolling through your phone.",4.0,5.0,4.0,4.0,2.0,2.0,,,4.0,5.0,4.0,4.0,5.0,0.0,0.024222222222222225,0.0,0.036444444444444446,0.9393333333333334,5.0,5.0,5.0,5.0,0.0033333333333333335,0.035,0.0,0.06166666666666667,0.9,5.0,5.0,5.0,4.0,0.020714285714285716,0.0,0.09995238095238093,0.7664444444444444,0.11288888888888887,,,4.0,4.0,0.023722222222222224,0.0,0.036388888888888894,0.4798253968253967,0.460063492063492,,,5.0
R_32QljfPmjp0y9oP,"Think about what is really important to you. Maybe it's spending time with family or a friend, exercising, doing something spiritual, or creating something. Whatever it is, take a step in that direction.",5.0,5.0,4.0,4.0,4.0,4.0,3.0,4.0,5.0,5.0,4.0,4.0,4.0,0.0,0.02322222222222222,0.0,0.5130555555555554,0.46372222222222226,4.0,4.0,5.0,5.0,0.0033333333333333335,0.03888888888888889,0.0,0.059027777777777776,0.89875,5.0,5.0,5.0,4.0,0.0016666666666666668,0.0,0.04803703703703704,0.4767341269841269,0.4735621693121693,4.0,4.0,4.0,4.0,0.013333333333333334,0.0,0.04555555555555555,0.47815079365079366,0.4629603174603174,4.0,4.0,5.0
R_1obFr0yWctWXGZp,"Instead of lighting up a cigarette, light a scented candle or burn some incense.",,4.0,,4.0,4.0,4.0,4.0,4.0,,4.0,,4.0,,,,,,,,,,5.0,0.006666666666666667,0.0,0.0,0.1926587301587301,0.8006746031746033,5.0,5.0,5.0,,,,,,,,,,3.0,0.0054444444444444445,0.0,0.7178492063492063,0.23965079365079367,0.03705555555555556,3.0,3.0,3.0
R_1obFr0yWctWXGZp,"Imagine your urge is like a talk radio station going on about something you disagree with. Arguing with it doesn't change what they say. Instead, just let them talk while you focus on what's important to you.",4.0,5.0,4.0,3.0,4.0,4.0,4.0,4.0,4.0,5.0,4.0,3.0,5.0,0.0,0.022222222222222223,0.0,0.39833333333333326,0.5794444444444442,5.0,5.0,5.0,4.0,0.006666666666666667,0.0033333333333333335,0.0,0.8546111111111111,0.1353888888888889,4.0,4.0,4.0,4.0,0.004555555555555556,0.0,0.1263888888888889,0.7279444444444445,0.1411111111111111,4.0,4.0,4.0,4.0,0.0022222222222222222,0.0,0.4774682539682539,0.48480952380952386,0.035500000000000004,4.0,4.0,3.0
R_1obFr0yWctWXGZp,"Tell yourself, “I am going to quit smoking soon.” Say it out loud. Say to yourself, “I am too strong to continue smoking for the rest of my life.""",,,4.0,3.0,4.0,4.0,4.0,4.0,,,4.0,3.0,,,,,,,,,,,,,,,,,,,4.0,0.002666666666666667,0.0,0.17154761904761906,0.7140396825396826,0.11174603174603175,4.0,4.0,4.0,3.0,0.0054444444444444445,0.0,0.7178492063492063,0.23965079365079367,0.03705555555555556,3.0,3.0,3.0
R_R4sQnvoUm005mEx,Take a deep breath. Focus on today and the things you have accomplished. How many urges have you let pass? Give yourself some credit!,4.0,5.0,3.0,4.0,4.0,4.0,4.0,4.0,4.0,5.0,3.0,4.0,5.0,0.0,0.005833333333333334,0.0,0.05912962962962962,0.9350370370370371,5.0,5.0,4.0,4.0,0.006666666666666667,0.0,0.0,0.5076666666666664,0.4856666666666668,4.0,4.0,4.0,4.0,0.005,0.0,0.4484126984126983,0.5006798941798942,0.045907407407407404,4.0,4.0,5.0,5.0,0.005,0.0,0.023333333333333334,0.44622222222222235,0.5254444444444445,5.0,5.0,5.0
R_R4sQnvoUm005mEx,"Practice going 10 minutes without smoking. Think of it just as practice. When the urge passes, reward yourself with a break from work or dinner from your favorite restaurant!",5.0,4.0,3.0,5.0,4.0,4.0,4.0,4.0,5.0,4.0,3.0,5.0,5.0,0.0033333333333333335,0.016333333333333335,0.0,0.4740079365079367,0.5063253968253966,5.0,5.0,5.0,5.0,0.0033333333333333335,0.024444444444444442,0.0,0.08244444444444443,0.889777777777778,5.0,5.0,5.0,3.0,0.0027777777777777775,0.0,0.5013809523809523,0.44719047619047625,0.04865079365079365,3.0,4.0,4.0,4.0,0.015,0.0,0.017666666666666667,0.8890476190476191,0.07828571428571428,4.0,4.0,4.0
R_R4sQnvoUm005mEx,"One way to combat any urges is to keep your mouth busy - some people find that chewing sugar free gum, mints, or even a pen can be a good alternative.",5.0,5.0,4.0,4.0,4.0,4.0,4.0,4.0,5.0,5.0,4.0,4.0,4.0,0.0,0.011666666666666667,0.0,0.517952380952381,0.4703809523809524,4.0,4.0,4.0,5.0,0.0033333333333333335,0.024444444444444442,0.0,0.08244444444444443,0.889777777777778,5.0,5.0,5.0,3.0,0.008,0.0,0.8778333333333334,0.04758946608946609,0.06657720057720058,3.0,4.0,3.0,4.0,0.0061111111111111106,0.0,0.015515873015873018,0.49204761904761907,0.4863253968253969,4.0,4.0,5.0
R_2Sc0zN6ZtNhyqgq,Notice how stress and anxiety may pull you and make you want to smoke. Just notice this. You can choose to just notice and not smoke.,5.0,5.0,4.0,5.0,,4.0,3.0,4.0,5.0,5.0,4.0,5.0,5.0,0.0013333333333333335,0.005333333333333334,0.0,0.09716666666666667,0.8961666666666668,,,1.0,5.0,0.0,0.0,0.0,0.11952777777777776,0.8804722222222222,5.0,5.0,4.0,5.0,0.0033333333333333335,0.0,0.010666666666666668,0.4631984126984128,0.5228015873015873,5.0,5.0,3.0,5.0,0.006666666666666667,0.0,0.02677777777777778,0.40884920634920646,0.5577063492063491,5.0,5.0,5.0
R_2Sc0zN6ZtNhyqgq,See what it is like to let the urge pass. You can have an urge and choose not to smoke.,5.0,5.0,5.0,4.0,4.0,4.0,4.0,4.0,5.0,5.0,5.0,4.0,5.0,0.0,0.0016666666666666668,0.0,0.45932539682539697,0.5390079365079364,5.0,5.0,4.0,5.0,0.0,0.0,0.0,0.11952777777777776,0.8804722222222222,5.0,5.0,4.0,4.0,0.0,0.0,0.006666666666666667,0.9526428571428571,0.040690476190476194,4.0,4.0,3.0,5.0,0.0022222222222222222,0.0,0.0017777777777777776,0.007777777777777778,0.9882222222222221,5.0,5.0,5.0
R_2Sc0zN6ZtNhyqgq,You cant always control when you will see other people smoking. But you can control how you respond to your urge when you do.,4.0,5.0,4.0,5.0,4.0,4.0,4.0,4.0,4.0,5.0,4.0,5.0,5.0,0.0013333333333333335,0.005333333333333334,0.0,0.09716666666666667,0.8961666666666668,5.0,5.0,1.0,5.0,0.0,0.0,0.0,0.058722222222222224,0.9412777777777775,5.0,5.0,5.0,4.0,0.0,0.0,0.018000000000000002,0.49797222222222215,0.4840277777777777,4.0,4.0,5.0,5.0,0.0,0.0,0.0013333333333333335,0.4021190476190476,0.5965476190476191,5.0,5.0,4.0
R_2akLi8f3ekB0W5A,"When you are stressed, it is easy to focus on the things that are going wrong. Take a few moments to focus on 5 things that have gone well or that you are thankful for this week.",4.0,,4.0,5.0,4.0,4.0,4.0,4.0,4.0,,4.0,5.0,4.0,0.0,0.0022222222222222222,0.0,0.7919722222222222,0.20580555555555557,4.0,4.0,4.0,,,,,,,,,,5.0,0.0,0.0,0.016388888888888887,0.4700555555555555,0.5135555555555557,5.0,5.0,4.0,4.0,0.0,0.0,0.01888888888888889,0.937142857142857,0.04396825396825397,4.0,4.0,4.0
R_2akLi8f3ekB0W5A,Acknowledge your unhelpful thought by writing it down on a piece of paper. Then let it be on it's way by crumpling it up and tossing it in a trash can.,4.0,,4.0,4.0,4.0,4.0,4.0,4.0,4.0,,4.0,4.0,4.0,0.0033333333333333335,0.006666666666666667,0.0,0.8032619047619047,0.18673809523809523,4.0,4.0,4.0,,,,,,,,,,4.0,0.0016666666666666668,0.0,0.09325829725829723,0.7208867243867243,0.18418831168831165,4.0,4.0,4.0,4.0,0.0,0.0,0.011555555555555557,0.525047619047619,0.4633968253968253,4.0,4.0,5.0
R_2akLi8f3ekB0W5A,Imagine this urge as just another backseat passenger that hopped in after seeing other people smoke. You are the driver and you still get to call the shots.,,,5.0,4.0,4.0,4.0,4.0,4.0,,,5.0,4.0,,,,,,,,,,,,,,,,,,,4.0,0.0016666666666666668,0.0,0.09325829725829723,0.7208867243867243,0.18418831168831165,4.0,4.0,4.0,4.0,0.0,0.0,0.01888888888888889,0.937142857142857,0.04396825396825397,4.0,4.0,4.0
R_1PTVOhQexSxePFM,"Think about times in the past when you have let urges pass during a stressful moment, and notice what helped make that moment easier.",4.0,5.0,3.0,4.0,4.0,4.0,3.0,3.0,4.0,5.0,3.0,4.0,4.0,0.009666666666666667,0.0,0.0,0.9470555555555555,0.04327777777777778,4.0,4.0,4.0,4.0,0.075,0.024166666666666666,0.0,0.5620952380952382,0.33873809523809517,4.0,4.0,4.0,4.0,0.007777777777777777,0.0,0.05918253968253968,0.8081507936507938,0.1248888888888889,4.0,4.0,4.0,4.0,0.002888888888888889,0.0,0.4628333333333332,0.5259444444444442,0.008333333333333333,4.0,4.0,3.0
R_1PTVOhQexSxePFM,"Recent research has found that people who use self-talk when they try not to smoke (e.g. telling yourself 'you can do it') are more successful than people who don't. It might seem a bit strange, but talking to yourself like this appears to really help.",4.0,,4.0,3.0,4.0,4.0,4.0,4.0,4.0,,4.0,3.0,4.0,0.014444444444444444,0.0,0.0,0.9521111111111111,0.033444444444444436,4.0,4.0,5.0,,,,,,,,,,3.0,0.006666666666666667,0.0,0.8852777777777779,0.07536111111111111,0.03269444444444444,3.0,4.0,3.0,4.0,0.007777777777777777,0.0,0.03516666666666667,0.8226587301587303,0.1343968253968254,4.0,4.0,4.0
R_1PTVOhQexSxePFM,"If you have trouble resisting a craving when other smokers are around, try carrying a water bottle and taking a sip every time you want to ask for a cig.",4.0,,3.0,4.0,4.0,4.0,4.0,4.0,4.0,,3.0,4.0,4.0,0.006666666666666667,0.0016666666666666668,0.0,0.9451666666666665,0.0465,4.0,4.0,4.0,,,,,,,,,,4.0,0.007777777777777777,0.0,0.05918253968253968,0.8081507936507938,0.1248888888888889,4.0,4.0,4.0,4.0,0.007777777777777777,0.0,0.03516666666666667,0.8226587301587303,0.1343968253968254,4.0,4.0,4.0
R_3k6czszJzgX8ywq,Setting small goals when you feel unmotivated is best. Maybe a small goal for now is to breathe deeply for the next 3 minutes instead of smoking.,4.0,,3.0,4.0,4.0,4.0,3.0,3.0,4.0,,3.0,4.0,4.0,0.01,0.13666666666666666,0.0,0.6178888888888887,0.23544444444444443,4.0,4.0,4.0,,,,,,,,,,4.0,0.0011111111111111111,0.0,0.01777777777777778,0.9634444444444443,0.017666666666666664,4.0,4.0,4.0,3.0,0.005,0.0,0.7318386243386243,0.1368835978835979,0.12627777777777777,3.0,3.0,3.0
R_3k6czszJzgX8ywq,"Feelings aren't permanent. They are always changing like the weather. Observe the storm that is coming, but don't fight it. Eventually the weather will change.",,2.0,4.0,,,4.0,3.0,,,2.0,4.0,,,,,,,,,,,5.0,0.0025,0.014166666666666666,0.0,0.19016666666666665,0.7931666666666667,5.0,5.0,4.0,4.0,0.0,0.0,0.47241666666666665,0.508329365079365,0.019253968253968252,4.0,4.0,4.0,,,,,,,,,
R_3k6czszJzgX8ywq,"Each time you choose to not smoke after seeing someone else light up, you lessen the habit a little more.",,5.0,4.0,3.0,4.0,4.0,3.0,,,5.0,4.0,3.0,,,,,,,,,,2.0,0.004666666666666666,0.6164999999999998,0.0,0.20477777777777775,0.17405555555555557,2.0,4.0,2.0,4.0,0.0011111111111111111,0.0,0.46099999999999997,0.5115555555555555,0.02633333333333333,4.0,4.0,4.0,4.0,0.021666666666666667,0.0,0.075,0.7375793650793651,0.16575396825396826,,,4.0
R_2rvIwe0LPS53Pkx,You might find that you have more time now that you're trying to cut some cigarettes. Some people find that going for a walk can help fill the gap. Or take a nap if you can!,4.0,5.0,4.0,4.0,4.0,4.0,4.0,4.0,4.0,5.0,4.0,4.0,5.0,0.02666666666666667,0.0205,0.0,0.47348412698412695,0.47934920634920636,5.0,5.0,5.0,4.0,0.013333333333333334,0.03666666666666667,0.0,0.8367936507936509,0.11320634920634919,4.0,4.0,5.0,4.0,0.017777777777777778,0.0,0.04666666666666666,0.9146031746031746,0.02095238095238095,4.0,4.0,3.0,5.0,0.02694444444444444,0.0,0.09616666666666668,0.11905555555555554,0.7578333333333334,5.0,5.0,5.0
R_2rvIwe0LPS53Pkx,"Reduce your stress by using your next break to list four things that have gone well so far today. It might feel like a bit of effort, but doing this will help your mind to refocus, and help you to feel calmer.",4.0,5.0,4.0,5.0,4.0,4.0,4.0,4.0,4.0,5.0,4.0,5.0,5.0,0.006666666666666667,0.006111111111111111,0.0,0.4932936507936508,0.4939285714285715,5.0,5.0,4.0,4.0,0.013333333333333334,0.03666666666666667,0.0,0.8367936507936509,0.11320634920634919,4.0,4.0,5.0,4.0,0.011,0.0,0.07722222222222222,0.8873333333333331,0.024444444444444442,4.0,4.0,4.0,5.0,0.02694444444444444,0.0,0.09616666666666668,0.11905555555555554,0.7578333333333334,5.0,5.0,5.0
R_2rvIwe0LPS53Pkx,"Ask yourself, ""What do I need right now? Is it really a smoke, or is there something else I need? How can I best take care of myself right now?""",5.0,4.0,4.0,5.0,4.0,4.0,4.0,4.0,5.0,4.0,4.0,5.0,4.0,0.0033333333333333335,0.008333333333333333,0.0,0.944,0.044333333333333336,4.0,4.0,5.0,5.0,0.016666666666666666,0.02666666666666667,0.0,0.04766666666666668,0.9089999999999999,5.0,5.0,5.0,4.0,0.005952380952380952,0.0,0.06376984126984128,0.9009444444444443,0.02933333333333333,4.0,4.0,4.0,5.0,0.010428571428571428,0.0,0.02588888888888889,0.46629365079365065,0.4973888888888891,5.0,5.0,5.0
R_3hnIiXUxh2NqHHz,"If you find sounds soothing, tune in to the soundtrack of nature, like crashing waves, the wind rustling through trees, or birds singing.",4.0,5.0,4.0,5.0,,4.0,3.0,,4.0,5.0,4.0,5.0,5.0,0.0095,0.0033333333333333335,0.0,0.45878571428571435,0.5283809523809524,,,4.0,5.0,0.03161111111111112,0.006666666666666667,0.0,0.10555555555555554,0.8561666666666665,5.0,5.0,5.0,5.0,0.006666666666666667,0.0,0.12666666666666668,0.13,0.7366666666666667,5.0,5.0,5.0,3.0,0.009722222222222222,0.0,0.5068174603174604,0.45429365079365064,0.029166666666666667,,,3.0
R_3hnIiXUxh2NqHHz,Try chewing gum if you have trouble resisting smoking when other people light up around you.,5.0,5.0,5.0,4.0,,4.0,3.0,,5.0,5.0,5.0,4.0,4.0,0.013333333333333334,0.0033333333333333335,0.0,0.9422222222222223,0.04111111111111111,,,4.0,5.0,0.027555555555555552,0.024444444444444442,0.0,0.1343888888888889,0.8136111111111113,5.0,5.0,5.0,5.0,0.006666666666666667,0.0,0.12666666666666668,0.13,0.7366666666666667,5.0,5.0,5.0,3.0,0.0,0.0,0.5186269841269839,0.029333333333333336,0.45203968253968263,,,3.0
R_3hnIiXUxh2NqHHz,You cant always control when you will see other people smoking. But you can control how you respond to your urge when you do.,4.0,,5.0,3.0,4.0,4.0,4.0,4.0,4.0,,5.0,3.0,5.0,0.010555555555555556,0.008888888888888889,0.0,0.44536507936507935,0.5351904761904761,5.0,5.0,4.0,,,,,,,,,,4.0,0.0061111111111111106,0.0,0.041111111111111105,0.47968253968253965,0.47309523809523807,4.0,4.0,4.0,4.0,0.011666666666666667,0.0,0.056984126984127,0.49627777777777776,0.43507142857142866,4.0,4.0,4.0
R_2fcy9U0QpwQPKDh,"When your mind tells you that you will be less stressed after smoking a cigarette, remember that you don't have to listen to that thought. It's just a thought and nothing more.",4.0,4.0,5.0,5.0,4.0,4.0,4.0,4.0,4.0,4.0,5.0,5.0,4.0,0.006666666666666667,0.20138888888888887,0.0,0.5797208994708992,0.21222354497354498,4.0,4.0,4.0,4.0,0.0022222222222222222,0.1864069264069264,0.0,0.578835497835498,0.23253535353535354,4.0,4.0,2.0,3.0,0.028888888888888888,0.0,0.7896984126984127,0.09665079365079364,0.08476190476190477,3.0,4.0,3.0,3.0,0.03972222222222222,0.0,0.9047222222222221,0.02611111111111111,0.02944444444444444,3.0,3.0,3.0
R_2fcy9U0QpwQPKDh,"Crumple a piece of paper into a ball and imagine it is your urge. Toss the ""urge"" into the garbage or against the wall. By doing this, you are letting go of your urges.",,,3.0,3.0,4.0,4.0,4.0,4.0,,,3.0,3.0,,,,,,,,,,,,,,,,,,,5.0,0.06216666666666666,0.0,0.14911111111111108,0.10031746031746033,0.688404761904762,5.0,4.0,5.0,5.0,0.02322222222222222,0.0,0.44294444444444425,0.04855555555555556,0.485277777777778,5.0,5.0,5.0
R_2fcy9U0QpwQPKDh,What can you do right now to break the automatic habit of smoking when you are here? Pause. Close your eyes. And take 10 slow breaths.,,,,3.0,4.0,4.0,4.0,4.0,,,,3.0,,,,,,,,,,,,,,,,,,,,,,,,,,,,5.0,0.01611111111111111,0.0,0.4402962962962961,0.026759259259259257,0.5168333333333334,5.0,5.0,5.0
R_2SCsyhhlzSuIKDq,What can you do right now to break the automatic habit of smoking when you are here? Pause. Close your eyes. And take 10 slow breaths.,5.0,4.0,5.0,4.0,4.0,4.0,4.0,4.0,5.0,4.0,5.0,4.0,4.0,0.02666666666666667,0.0,0.0,0.8696111111111111,0.10372222222222223,4.0,4.0,4.0,4.0,0.016666666666666666,0.06705555555555555,0.0,0.7299880952380953,0.18628968253968253,4.0,5.0,5.0,4.0,0.005555555555555555,0.0,0.4131666666666665,0.5365000000000002,0.044777777777777784,4.0,4.0,3.0,4.0,0.0337037037037037,0.0,0.0225,0.8015185185185183,0.14227777777777775,4.0,4.0,4.0
R_2SCsyhhlzSuIKDq,Practice staying in this location without smoking. Just notice your urge. Practicing this will weaken this trigger with time. Just think of it as practice.,4.0,5.0,4.0,4.0,4.0,4.0,4.0,4.0,4.0,5.0,4.0,4.0,4.0,0.02666666666666667,0.0,0.0,0.8696111111111111,0.10372222222222223,4.0,4.0,4.0,4.0,0.016666666666666666,0.06705555555555555,0.0,0.7299880952380953,0.18628968253968253,4.0,4.0,5.0,5.0,0.006333333333333333,0.0,0.4373888888888888,0.06583333333333333,0.4904444444444444,5.0,5.0,4.0,4.0,0.015,0.0,0.021111111111111112,0.9384444444444443,0.025444444444444443,4.0,4.0,4.0
R_2SCsyhhlzSuIKDq,"If you find yourself with a few minutes to spare, it can be nice to read back over old messages. It's also a chance to reply to ones that you might have forgotten about!",4.0,4.0,3.0,4.0,1.0,1.0,1.0,1.0,4.0,4.0,3.0,4.0,4.0,0.0,0.0,0.0,0.5195555555555554,0.48044444444444434,4.0,4.0,5.0,5.0,0.013333333333333334,0.005,0.0,0.4844761904761906,0.49719047619047596,5.0,5.0,5.0,5.0,0.023333333333333334,0.0,0.014166666666666666,0.456222222222222,0.5062777777777779,5.0,4.0,5.0,4.0,0.0337037037037037,0.0,0.0225,0.8015185185185183,0.14227777777777775,4.0,4.0,4.0
R_3luJtR1KDLtcfvc,"If you have trouble resisting a craving when other smokers are around, try carrying a water bottle and taking a sip every time you want to ask for a cig.",4.0,4.0,4.0,5.0,4.0,4.0,4.0,4.0,4.0,4.0,4.0,5.0,4.0,0.0,0.4625,0.0,0.4825,0.055,4.0,4.0,2.0,4.0,0.0,0.0,0.0,0.5442777777777777,0.4557222222222223,4.0,5.0,4.0,4.0,0.005666666666666666,0.0,0.06166666666666667,0.9138333333333333,0.01883333333333333,4.0,4.0,4.0,5.0,0.0,0.0,0.03228571428571429,0.049206349206349205,0.9185079365079366,5.0,5.0,5.0
R_3luJtR1KDLtcfvc,"When your mind tells you that you will be less stressed after smoking a cigarette, remember that you don't have to listen to that thought. It's just a thought and nothing more.",2.0,4.0,4.0,5.0,4.0,4.0,4.0,4.0,2.0,4.0,4.0,5.0,4.0,0.0,0.028611111111111108,0.0,0.7882619047619047,0.18312698412698417,4.0,4.0,4.0,4.0,0.0,0.0011111111111111111,0.0,0.9015079365079366,0.0973809523809524,4.0,4.0,4.0,4.0,0.002333333333333333,0.0,0.03933333333333334,0.9088888888888887,0.049444444444444444,4.0,4.0,4.0,5.0,0.0,0.0,0.031249999999999993,0.09474206349206347,0.8740079365079365,5.0,5.0,5.0
R_3luJtR1KDLtcfvc,"This craving is just an event. A game. It will pass. The game gets easier the more you let your urge pass without smoking. But, it gets harder every time you give in to the urge and smoke.",4.0,5.0,4.0,5.0,4.0,4.0,4.0,4.0,4.0,5.0,4.0,5.0,4.0,0.0,0.028611111111111108,0.0,0.7882619047619047,0.18312698412698417,4.0,4.0,4.0,4.0,0.0,0.0011111111111111111,0.0,0.9015079365079366,0.0973809523809524,4.0,4.0,4.0,4.0,0.0038888888888888883,0.0,0.07277777777777777,0.8911111111111112,0.03222222222222222,4.0,4.0,4.0,5.0,0.0033333333333333335,0.0,0.027361111111111107,0.07377777777777778,0.8955277777777778,5.0,5.0,4.0
R_1IWrjtFa8vDJfpk,"Use self-talk to stay motivated and determined. Say, “I don't need a cigarette. I might WANT one, but I don’t NEED it.”",4.0,5.0,4.0,5.0,4.0,4.0,3.0,3.0,4.0,5.0,4.0,5.0,5.0,0.0,0.006666666666666667,0.0,0.4949841269841269,0.4983492063492063,5.0,5.0,4.0,4.0,0.0033333333333333335,0.017777777777777778,0.0,0.7892976190476191,0.18959126984126984,4.0,5.0,5.0,5.0,0.005555555555555555,0.0,0.04694444444444445,0.03472222222222222,0.9127777777777777,5.0,5.0,5.0,4.0,0.0,0.0,0.028888888888888888,0.9361111111111112,0.035,4.0,4.0,4.0
R_1IWrjtFa8vDJfpk,"Instead of lighting up a cigarette, light a scented candle or burn some incense.",5.0,4.0,5.0,4.0,,4.0,3.0,,5.0,4.0,5.0,4.0,4.0,0.0033333333333333335,0.028333333333333332,0.0,0.7396666666666667,0.22866666666666668,,,4.0,5.0,0.0,0.0016666666666666668,0.0,0.08696825396825396,0.9113650793650794,5.0,5.0,5.0,4.0,0.0061111111111111106,0.0,0.030555555555555555,0.4955,0.4678333333333332,4.0,4.0,5.0,4.0,0.012738095238095238,0.0,0.05,0.48999206349206353,0.44726984126984104,,,4.0
R_1IWrjtFa8vDJfpk,Keep picturing yourself getting home later today knowing that you've gained a smoke-free day. It's nearly a reality!,4.0,5.0,5.0,4.0,4.0,4.0,3.0,4.0,4.0,5.0,5.0,4.0,4.0,0.0033333333333333335,0.028333333333333332,0.0,0.7396666666666667,0.22866666666666668,4.0,4.0,4.0,4.0,0.0033333333333333335,0.017777777777777778,0.0,0.7892976190476191,0.18959126984126984,4.0,5.0,5.0,4.0,0.0075,0.0,0.03211111111111111,0.5268650793650792,0.4335238095238095,4.0,4.0,5.0,4.0,0.011666666666666667,0.0,0.041555555555555554,0.48829894179894173,0.45847883597883604,4.0,4.0,4.0
R_3ktQ5GWFgXS9Juk,"Write down why you want to stop smoking to resist a craving. Remember, trying something to beat the urge is always better than doing nothing. Each time you resist a cig, you're one step closer to being tobacco-free.",5.0,5.0,5.0,5.0,4.0,4.0,4.0,4.0,5.0,5.0,5.0,5.0,5.0,0.013333333333333334,0.013809523809523808,0.0,0.4614841269841271,0.5113730158730158,5.0,5.0,4.0,5.0,0.007777777777777777,0.03444444444444444,0.0,0.07905555555555555,0.8787222222222223,5.0,5.0,5.0,5.0,0.0125,0.0,0.014166666666666666,0.02511111111111111,0.9482222222222223,5.0,5.0,5.0,5.0,0.019333333333333334,0.0,0.03916666666666667,0.3962936507936508,0.545206349206349,5.0,5.0,5.0
R_3ktQ5GWFgXS9Juk,Keep picturing yourself getting home later today knowing that you've gained a smoke-free day. It's nearly a reality!,4.0,5.0,5.0,5.0,4.0,4.0,4.0,4.0,4.0,5.0,5.0,5.0,5.0,0.006666666666666667,0.007222222222222222,0.0,0.041499999999999995,0.9446111111111111,5.0,5.0,5.0,5.0,0.007777777777777777,0.03444444444444444,0.0,0.07905555555555555,0.8787222222222223,5.0,5.0,5.0,5.0,0.01461111111111111,0.0,0.024833333333333332,0.015388888888888891,0.9451666666666667,5.0,5.0,5.0,5.0,0.025,0.0,0.01888888888888889,0.4725555555555555,0.4835555555555556,5.0,5.0,5.0
R_3ktQ5GWFgXS9Juk,"Think about times in the past when you have let urges pass during a stressful moment, and notice what helped make that moment easier.",5.0,5.0,5.0,4.0,4.0,4.0,4.0,4.0,5.0,5.0,5.0,4.0,5.0,0.006666666666666667,0.019166666666666665,0.0,0.474095238095238,0.5000714285714286,5.0,5.0,5.0,5.0,0.0038095238095238095,0.023333333333333334,0.0,0.017555555555555557,0.9553015873015873,5.0,5.0,5.0,5.0,0.010277777777777778,0.0,0.01638888888888889,0.02944444444444444,0.9438888888888888,5.0,5.0,5.0,5.0,0.020888888888888887,0.0,0.033190476190476194,0.012420634920634919,0.9335,5.0,5.0,5.0
R_1oALjJEmuRRwJwQ,Pause. Notice the feelings you are having without judgement. Let them come and go. Being aware of your feelings means you can make a new choice about how you respond to your urges instead of smoking on autopilot.,4.0,4.0,,1.0,4.0,4.0,4.0,3.0,4.0,4.0,,1.0,5.0,0.0011111111111111111,0.0,0.0,0.4887777777777779,0.510111111111111,5.0,5.0,4.0,4.0,0.0011111111111111111,0.0,0.0,0.6620436507936506,0.336845238095238,4.0,5.0,4.0,,,,,,,,,,1.0,0.5921463443963442,0.0,0.0025,0.40202032227032203,0.0033333333333333335,1.0,1.0,1.0
R_1oALjJEmuRRwJwQ,Pause. Notice the feelings you are having without judgement. Let them come and go. Being aware of your feelings means you can make a new choice about how you respond to your urges instead of smoking on autopilot.,4.0,4.0,,1.0,4.0,4.0,4.0,4.0,4.0,4.0,,1.0,4.0,0.0033333333333333335,0.0,0.0,0.7229510582010582,0.27371560846560866,4.0,4.0,4.0,4.0,0.0,0.0,0.0,0.5993822751322755,0.40061772486772507,4.0,4.0,4.0,,,,,,,,,,1.0,0.7337301587301589,0.0,0.006666666666666667,0.25738095238095254,0.0022222222222222222,1.0,3.0,1.0
R_1oALjJEmuRRwJwQ,Pause. Notice the feelings you are having without judgement. Let them come and go. Being aware of your feelings means you can make a new choice about how you respond to your urges instead of smoking on autopilot.,4.0,4.0,,1.0,4.0,4.0,4.0,3.0,4.0,4.0,,1.0,4.0,0.0011111111111111111,0.0,0.0,0.5970632515632514,0.4018256373256375,4.0,4.0,4.0,4.0,0.0011111111111111111,0.0,0.0,0.6620436507936506,0.336845238095238,4.0,4.0,4.0,,,,,,,,,,1.0,0.5741729196729197,0.0,0.0033333333333333335,0.4224937469937471,0.0,1.0,1.0,1.0
R_1oALjJEmuRRwJwQ,Pause. Notice the feelings you are having without judgement. Let them come and go. Being aware of your feelings means you can make a new choice about how you respond to your urges instead of smoking on autopilot.,4.0,4.0,,1.0,4.0,4.0,4.0,4.0,4.0,4.0,,1.0,5.0,0.0011111111111111111,0.0,0.0,0.4887777777777779,0.510111111111111,5.0,5.0,4.0,4.0,0.00888888888888889,0.0,0.0,0.7328849206349204,0.25822619047619055,4.0,4.0,4.0,,,,,,,,,,1.0,0.7730238095238093,0.0,0.006666666666666667,0.22030952380952404,0.0,1.0,3.0,1.0
R_1oALjJEmuRRwJwQ,Imagine this urge as just another backseat passenger that hopped in after seeing other people smoke. You are the driver and you still get to call the shots.,5.0,5.0,4.0,4.0,4.0,4.0,3.0,4.0,5.0,5.0,4.0,4.0,4.0,0.0,0.0,0.0,0.8051559644059644,0.1948440355940357,4.0,4.0,4.0,4.0,0.00888888888888889,0.0,0.0,0.7328849206349204,0.25822619047619055,4.0,4.0,4.0,4.0,0.02611111111111111,0.0,0.15666666666666668,0.6791111111111111,0.1381111111111111,4.0,4.0,4.0,1.0,0.7337301587301589,0.0,0.006666666666666667,0.25738095238095254,0.0022222222222222222,1.0,1.0,1.0
R_1oALjJEmuRRwJwQ,"Life can get you really stressed out, but turning to cigs isn't the answer. Call or text family and friends instead. Ask them to help you stay on track.",5.0,5.0,4.0,4.0,4.0,4.0,4.0,4.0,5.0,5.0,4.0,4.0,4.0,0.0033333333333333335,0.0,0.0,0.7229510582010582,0.27371560846560866,4.0,4.0,4.0,4.0,0.0011111111111111111,0.0,0.0,0.6620436507936506,0.336845238095238,4.0,4.0,4.0,4.0,0.029388888888888895,0.0,0.145,0.6587222222222222,0.16688888888888886,4.0,4.0,4.0,1.0,0.7730238095238093,0.0,0.006666666666666667,0.22030952380952404,0.0,1.0,3.0,1.0
R_324wIUNGqZHiJU8,"If you usually smoke while you talk on the phone, try taking the next call in a place where you can't smoke and focus on the conversation. The urge will pass.",1.0,1.0,1.0,1.0,4.0,4.0,3.0,4.0,1.0,1.0,1.0,1.0,1.0,0.6733333333333333,0.009166666666666667,0.0,0.20233333333333334,0.11516666666666668,1.0,4.0,5.0,1.0,0.59,0.07,0.0,0.25480555555555556,0.08519444444444445,1.0,2.0,1.0,1.0,0.6294444444444445,0.0,0.11377777777777777,0.2034920634920635,0.053285714285714283,1.0,3.0,1.0,1.0,0.6255555555555555,0.0,0.13699999999999998,0.08405555555555555,0.15338888888888888,1.0,3.0,1.0
R_324wIUNGqZHiJU8,"Think about times in the past when you have let urges pass during a stressful moment, and notice what helped make that moment easier.",,,,,,4.0,3.0,,,,,,,,,,,,,,,,,,,,,,,,,,,,,,,,,,,,,,,,,
R_324wIUNGqZHiJU8,Notice what it feels like to see other people smoke and choose not to smoke. Notice what thoughts or emotions come up. Allow them to come and go. They will pass and so will this urge.,1.0,1.0,1.0,1.0,4.0,4.0,4.0,4.0,1.0,1.0,1.0,1.0,1.0,0.6094444444444443,0.007666666666666666,0.0,0.24116666666666664,0.14172222222222225,1.0,4.0,4.0,1.0,0.6333333333333333,0.021666666666666667,0.0,0.25962698412698415,0.08537301587301586,1.0,2.0,5.0,1.0,0.59,0.0,0.09333333333333334,0.23656349206349206,0.08010317460317459,1.0,1.0,1.0,1.0,0.6319444444444444,0.0,0.11387301587301589,0.16379365079365077,0.0903888888888889,1.0,3.0,3.0
R_22oaTRQmQd44IFl,"The best way to deal with any urges from being around smokers is to get out of the situation briefly until it goes. Make an excuse, go to the toilet, go get some water, pretend you need to get some phone reception!",,5.0,,4.0,4.0,4.0,4.0,4.0,,5.0,,4.0,,,,,,,,,,5.0,0.028722222222222225,0.17771428571428569,0.0,0.25250396825396826,0.5410595238095236,5.0,5.0,4.0,,,,,,,,,,5.0,0.06121428571428573,0.0,0.1505,0.08934920634920632,0.698936507936508,5.0,5.0,5.0
R_22oaTRQmQd44IFl,"Just because letting an urge pass isn't easy, doesn't mean that you can't do it. Try it, you might surprise yourself.",5.0,,4.0,,,4.0,3.0,3.0,5.0,,4.0,,5.0,0.040519841269841275,0.09416666666666666,0.0,0.4021931216931217,0.46312037037037024,,,4.0,,,,,,,,,,5.0,0.09680555555555553,0.0,0.32388888888888884,0.17573015873015874,0.40357539682539684,5.0,5.0,3.0,,,,,,,,,
R_22oaTRQmQd44IFl,"If you usually smoke while you talk on the phone, keep a pen and paper nearby to occupy your hands with doodling rather than smoking.",5.0,,4.0,5.0,4.0,4.0,3.0,3.0,5.0,,4.0,5.0,5.0,0.040519841269841275,0.09416666666666666,0.0,0.4021931216931217,0.46312037037037024,5.0,5.0,4.0,,,,,,,,,,5.0,0.09680555555555553,0.0,0.32388888888888884,0.17573015873015874,0.40357539682539684,5.0,5.0,3.0,4.0,0.06629365079365078,0.0,0.12472222222222222,0.6757896825396826,0.13319444444444442,4.0,4.0,4.0
R_1rcSCJTMLCcgdGU,"Keep your mind occupied if you get an urge. Do a mental puzzle, make your next shopping list, read a book, write a poem…you might be surprised how well occupying your mind can get rid of urges.",2.0,2.0,1.0,1.0,4.0,4.0,4.0,4.0,2.0,2.0,1.0,1.0,4.0,0.0013333333333333335,0.05922222222222222,0.0,0.787126984126984,0.15231746031746035,4.0,4.0,4.0,4.0,0.020833333333333332,0.1143888888888889,0.0,0.4903492063492063,0.3744285714285714,4.0,5.0,4.0,3.0,0.16375661375661374,0.0,0.4327354497354497,0.11018253968253967,0.2933253968253969,3.0,4.0,3.0,3.0,0.2764603174603175,0.0,0.30931746031746027,0.1721111111111111,0.24211111111111114,3.0,3.0,3.0
R_1rcSCJTMLCcgdGU,"Ask yourself, ""What do I need right now? Is it really a smoke, or is there something else I need? How can I best take care of myself right now?""",4.0,,3.0,,4.0,4.0,4.0,4.0,4.0,,3.0,,2.0,0.0011111111111111111,0.6744444444444445,0.0,0.20580555555555555,0.11863888888888888,2.0,4.0,5.0,,,,,,,,,,3.0,0.16375661375661374,0.0,0.4327354497354497,0.11018253968253967,0.2933253968253969,3.0,4.0,3.0,,,,,,,,,
R_1rcSCJTMLCcgdGU,"Try to stop smoking by setting yourself a rule. For example, ""IF I am tempted, THEN I will chew on some mints"" - make your own rule that will work for you.",,,,,4.0,4.0,4.0,4.0,,,,,,,,,,,,,,,,,,,,,,,,,,,,,,,,,,,,,,,,
R_2Cf9smO3s7AfjAX,Acknowledge your unhelpful thought by writing it down on a piece of paper. Then let it be on it's way by crumpling it up and tossing it in a trash can.,,,3.0,3.0,,4.0,3.0,,,,3.0,3.0,,,,,,,,,,,,,,,,,,,5.0,0.0008333333333333334,0.0,0.08950000000000001,0.4329047619047619,0.4767619047619048,5.0,5.0,5.0,4.0,0.0033333333333333335,0.0,0.46809523809523784,0.5182010582010586,0.01037037037037037,,,3.0
R_2Cf9smO3s7AfjAX,"Notice what is triggering your urge. Have understanding and kindness for yourself for feeling this urge. It isn't easy, but can you choose to let it be there without smoking?",5.0,4.0,4.0,3.0,4.0,4.0,3.0,3.0,5.0,4.0,4.0,3.0,5.0,0.005555555555555555,0.03833333333333333,0.0,0.21377777777777776,0.7423333333333333,5.0,5.0,4.0,5.0,0.00988888888888889,0.02244444444444444,0.0,0.2733492063492063,0.6943174603174602,5.0,5.0,4.0,3.0,0.0038888888888888883,0.0,0.5457460317460316,0.032,0.41836507936507944,3.0,3.0,4.0,3.0,0.008333333333333333,0.0,0.5236230158730161,0.4360992063492062,0.03194444444444444,3.0,3.0,3.0
R_2Cf9smO3s7AfjAX,Urges are like annoying ads. You might see them but you don't have to buy what they're selling.,5.0,5.0,5.0,4.0,,4.0,3.0,,5.0,5.0,5.0,4.0,5.0,0.01,0.020555555555555553,0.0,0.19848412698412699,0.7709603174603175,,,5.0,4.0,0.013333333333333334,0.05333333333333334,0.0,0.7929312169312168,0.1404021164021164,4.0,4.0,5.0,4.0,0.0022222222222222222,0.0,0.48012698412698396,0.49645634920634935,0.021194444444444446,4.0,4.0,4.0,3.0,0.007666666666666666,0.0,0.9349444444444444,0.04727777777777779,0.01011111111111111,,,3.0
R_3PuSTNLM9GLlWcY,"Instead of smoking, keep your fingers busy by scrolling through your phone.",,,,,,4.0,3.0,,,,,,,,,,,,,,,,,,,,,,,,,,,,,,,,,,,,,,,,,
R_3PuSTNLM9GLlWcY,"Notice what is triggering your urge. Have understanding and kindness for yourself for feeling this urge. It isn't easy, but can you choose to let it be there without smoking?",,,,4.0,4.0,4.0,4.0,4.0,,,,4.0,,,,,,,,,,,,,,,,,,,,,,,,,,,,3.0,0.05011111111111111,0.0,0.7265873015873016,0.11203968253968254,0.11126190476190476,3.0,3.0,1.0
R_3PuSTNLM9GLlWcY,"Remind yourself that by staying quit, you'll be freeing yourself from the constant cycle of cigarette, nicotine withdrawal, feeling stressed as a result and wanting another cigarette. Keep going and this will be a thing of the past!",4.0,5.0,,3.0,4.0,4.0,4.0,4.0,4.0,5.0,,3.0,4.0,0.05,0.08484126984126984,0.0,0.6126388888888887,0.25251984126984134,4.0,4.0,4.0,4.0,0.04555555555555555,0.0921212121212121,0.0,0.7028302068302069,0.15949302549302552,4.0,4.0,4.0,,,,,,,,,,4.0,0.04477777777777777,0.0,0.10694444444444443,0.7666772486772487,0.08160052910052909,4.0,4.0,3.0
R_2zu3tGxubSjZX5Z,"Think about times in the past when you have let urges pass during a stressful moment, and notice what helped make that moment easier.",2.0,,1.0,1.0,4.0,4.0,3.0,3.0,2.0,,1.0,1.0,4.0,0.0033333333333333335,0.02388888888888889,0.0,0.8113968253968254,0.16138095238095237,4.0,4.0,4.0,,,,,,,,,,4.0,0.004166666666666667,0.0,0.4470396825396825,0.5131269841269844,0.035666666666666666,4.0,4.0,5.0,5.0,0.13416666666666666,0.0,0.18444444444444447,0.16455555555555554,0.5168333333333336,5.0,5.0,5.0
R_2zu3tGxubSjZX5Z,Stop! Breathe. What is going on around you? Inside you? Allow everything to be just as it is. Breathe again.,4.0,2.0,3.0,,,4.0,3.0,,4.0,2.0,3.0,,4.0,0.004666666666666666,0.4270476190476192,0.0,0.5052539682539684,0.06303174603174604,,,4.0,2.0,0.013611111111111114,0.6794444444444444,0.0,0.08583333333333334,0.2211111111111111,2.0,4.0,2.0,4.0,0.40033333333333326,0.0,0.021111111111111112,0.5135555555555555,0.065,4.0,4.0,3.0,,,,,,,,,
R_2zu3tGxubSjZX5Z,"Are you willing to let this urge pass for the sake of living a good long time with the people who matter most to you? When you have an urge, think about the people most important to you.",4.0,2.0,4.0,4.0,4.0,4.0,4.0,4.0,4.0,2.0,4.0,4.0,4.0,0.0033333333333333335,0.02388888888888889,0.0,0.8113968253968254,0.16138095238095237,4.0,4.0,4.0,2.0,0.016666666666666666,0.6210555555555556,0.0,0.07998809523809525,0.28228968253968256,2.0,4.0,2.0,1.0,0.48657142857142865,0.0,0.4346984126984128,0.02950793650793651,0.04922222222222222,1.0,1.0,1.0,5.0,0.13416666666666666,0.0,0.18444444444444447,0.16455555555555554,0.5168333333333336,5.0,5.0,5.0
R_2fkxlU74PbYfTb5,"Urges can feel like stormy weather. But if you're the sky, you just let that storm come and go on it's own knowing that it won't last forever.",5.0,5.0,5.0,5.0,4.0,4.0,4.0,4.0,5.0,5.0,5.0,5.0,5.0,0.0,0.0033333333333333335,0.0,0.05044444444444445,0.9462222222222221,5.0,5.0,4.0,5.0,0.009166666666666667,0.0075,0.0,0.06482972582972585,0.9185036075036074,5.0,5.0,5.0,5.0,0.005,0.0,0.03176190476190476,0.029261904761904763,0.9339761904761904,5.0,5.0,5.0,5.0,0.028888888888888888,0.0,0.025893939393939396,0.1365505050505051,0.8086666666666665,5.0,5.0,5.0
R_2fkxlU74PbYfTb5,"Tell yourself, “I am going to quit smoking soon.” Say it out loud. Say to yourself, “I am too strong to continue smoking for the rest of my life.""",5.0,5.0,5.0,5.0,4.0,4.0,4.0,4.0,5.0,5.0,5.0,5.0,5.0,0.0,0.012444444444444445,0.0,0.13204124579124576,0.8555143097643098,5.0,5.0,5.0,5.0,0.0033333333333333335,0.006666666666666667,0.0,0.04083333333333334,0.9491666666666667,5.0,5.0,5.0,5.0,0.0165,0.0,0.07683333333333334,0.10794444444444444,0.7987222222222221,5.0,5.0,1.0,5.0,0.028888888888888888,0.0,0.025893939393939396,0.1365505050505051,0.8086666666666665,5.0,5.0,5.0
R_2fkxlU74PbYfTb5,"Crumple a piece of paper into a ball and imagine it is your urge. Toss the ""urge"" into the garbage or against the wall. By doing this, you are letting go of your urges.",5.0,5.0,5.0,5.0,4.0,4.0,4.0,4.0,5.0,5.0,5.0,5.0,5.0,0.0,0.012444444444444445,0.0,0.13204124579124576,0.8555143097643098,5.0,5.0,5.0,5.0,0.0033333333333333335,0.006666666666666667,0.0,0.051111111111111114,0.938888888888889,5.0,5.0,5.0,5.0,0.0165,0.0,0.07683333333333334,0.10794444444444444,0.7987222222222221,5.0,4.0,1.0,5.0,0.0,0.0,0.01,0.04002777777777777,0.9499722222222221,5.0,5.0,5.0
R_1r31XVArejuHyCu,"Practice going 10 minutes without smoking. Think of it just as practice. When the urge passes, reward yourself with a break from work or dinner from your favorite restaurant!",,,3.0,3.0,,4.0,,3.0,,,3.0,3.0,,,,,,,,,,,,,,,,,,,3.0,0.016777777777777777,0.0,0.7365952380952381,0.16076984126984126,0.08585714285714285,,,3.0,3.0,0.012777777777777777,0.0,0.7434444444444445,0.20738888888888893,0.03638888888888889,3.0,4.0,3.0
R_1r31XVArejuHyCu,You don’t need to get rid of or change your thoughts about smoking—just let them pass by like a cloud in the sky.,,4.0,3.0,4.0,,4.0,,,,4.0,3.0,4.0,,,,,,,,,,4.0,0.07694444444444445,0.0,0.0,0.7063055555555556,0.21675000000000003,4.0,4.0,5.0,3.0,0.021666666666666667,0.0,0.7536666666666666,0.13177777777777774,0.0928888888888889,,,3.0,3.0,0.012777777777777777,0.0,0.7434444444444445,0.20738888888888893,0.03638888888888889,,,3.0
R_1r31XVArejuHyCu,"If you have trouble resisting a craving when other smokers are around, try carrying a water bottle and taking a sip every time you want to ask for a cig.",4.0,,,3.0,,4.0,3.0,,4.0,,,3.0,4.0,0.09277777777777778,0.041666666666666664,0.0,0.5930555555555557,0.2725,,,4.0,,,,,,,,,,,,,,,,,,,3.0,0.013333333333333334,0.0,0.5044740259740259,0.47052597402597407,0.011666666666666667,,,3.0
R_8tYqU6qBiZJTnYB,"If leaving social situations to avoid smokers feels awkward, make sure you have something to do instead - take sugar free mints, lollipops or low fat snacks to chew, or use a stress ball.",4.0,4.0,,4.0,4.0,4.0,4.0,4.0,4.0,4.0,,4.0,4.0,0.0044444444444444444,0.014444444444444444,0.0,0.8561058201058201,0.12500529100529104,4.0,4.0,4.0,5.0,0.008333333333333333,0.09944444444444445,0.0,0.42255555555555546,0.4696666666666667,5.0,5.0,4.0,,,,,,,,,,5.0,0.011574074074074075,0.0,0.04894444444444444,0.02675925925925926,0.9127222222222222,5.0,5.0,5.0
R_8tYqU6qBiZJTnYB,"Instead of smoking, use the next two minutes to pay close attention to your senses. Notice what you see, hear, feel, taste, and smell. Urges are just one part of your experience.",,4.0,5.0,5.0,4.0,4.0,4.0,4.0,,4.0,5.0,5.0,,,,,,,,,,5.0,0.008333333333333333,0.09944444444444445,0.0,0.42255555555555546,0.4696666666666667,5.0,5.0,4.0,4.0,0.12291666666666666,0.0,0.22384126984126984,0.5183303270803269,0.1349117364117364,4.0,4.0,4.0,5.0,0.006666666666666667,0.0,0.06166666666666667,0.44473809523809527,0.48692857142857143,5.0,5.0,5.0
R_8tYqU6qBiZJTnYB,"Step back from what is stressful by taking 10 slow breaths. Count them as you go and notice your breath. If you get distracted, keep starting over until you get to 10.",4.0,,4.0,5.0,4.0,4.0,4.0,3.0,4.0,,4.0,5.0,4.0,0.0044444444444444444,0.03388888888888889,0.0,0.8513002645502646,0.11036640211640208,4.0,4.0,4.0,,,,,,,,,,4.0,0.12291666666666666,0.0,0.22384126984126984,0.5183303270803269,0.1349117364117364,4.0,4.0,4.0,5.0,0.021190476190476194,0.0,0.03518518518518519,0.4590052910052908,0.48461904761904784,5.0,5.0,5.0
R_1C10qfFg7sq8PnZ,Notice what it feels like to see other people smoke and choose not to smoke. Notice what thoughts or emotions come up. Allow them to come and go. They will pass and so will this urge.,5.0,5.0,5.0,5.0,4.0,4.0,4.0,4.0,5.0,5.0,5.0,5.0,5.0,0.0,0.016666666666666666,0.0,0.44275793650793654,0.5405753968253971,5.0,5.0,5.0,5.0,0.0,0.006666666666666667,0.0,0.4524444444444444,0.540888888888889,5.0,5.0,5.0,5.0,0.0033333333333333335,0.0,0.032777777777777774,0.06511904761904762,0.8987698412698414,5.0,5.0,5.0,5.0,0.025,0.0,0.04908068783068783,0.06180820105820106,0.8641111111111112,5.0,5.0,5.0
R_1C10qfFg7sq8PnZ,"When you notice yourself trapped in stressful thoughts or worry, say out loud, ""I'm noticing that I'm having some worrisome thoughts."" This helps unhook you from your thoughts so you don't stay caught in them.",4.0,4.0,5.0,1.0,4.0,4.0,4.0,4.0,4.0,4.0,5.0,1.0,5.0,0.0,0.004722222222222221,0.0,0.05753439153439154,0.9377433862433863,5.0,5.0,4.0,5.0,0.0,0.013333333333333334,0.0,0.016603174603174602,0.9700634920634921,5.0,5.0,5.0,5.0,0.0,0.0,0.015666666666666666,0.043666666666666666,0.9406666666666669,5.0,4.0,4.0,5.0,0.025,0.0,0.04908068783068783,0.06180820105820106,0.8641111111111112,5.0,5.0,5.0
R_1C10qfFg7sq8PnZ,"Urges to smoke usually only last a few minutes. Distract yourself by NOT thinking about giraffes, or leave the situation until it passes.",5.0,5.0,5.0,5.0,2.0,2.0,,,5.0,5.0,5.0,5.0,4.0,0.0013333333333333335,0.01,0.0,0.5213769841269844,0.4672896825396824,4.0,4.0,5.0,5.0,0.0,0.0,0.0,0.44914285714285723,0.5508571428571426,5.0,4.0,5.0,5.0,0.0044444444444444444,0.0,0.03223544973544973,0.050177248677248674,0.913142857142857,,,5.0,5.0,0.4263253968253969,0.0,0.028888888888888888,0.022555555555555554,0.5222301587301585,,,5.0
R_sL886btNB2lJFip,"Think of your anxious mind like a toddler throwing a tantrum. The best way to respond is to quietly watch, but not give in.",4.0,2.0,4.0,4.0,,4.0,3.0,,4.0,2.0,4.0,4.0,4.0,0.03,0.0014285714285714286,0.0,0.8651230158730158,0.10344841269841269,,,5.0,2.0,0.0033333333333333335,0.658888888888889,0.0,0.13122222222222224,0.20655555555555558,2.0,4.0,2.0,4.0,0.030722222222222217,0.0,0.08183333333333334,0.7873888888888891,0.10005555555555556,4.0,4.0,4.0,4.0,0.03277777777777778,0.0,0.1369166666666667,0.741416666666667,0.0888888888888889,,,3.0
R_sL886btNB2lJFip,Don't test yourself needlessly. If this social situation gets uncomfortable then leave briefly if you can. It really helps and it's fine to do it more than once!,,,1.0,1.0,4.0,4.0,4.0,4.0,,,1.0,1.0,,,,,,,,,,,,,,,,,,,4.0,0.030722222222222217,0.0,0.08183333333333334,0.7873888888888891,0.10005555555555556,4.0,4.0,4.0,4.0,0.03277777777777778,0.0,0.1369166666666667,0.741416666666667,0.0888888888888889,4.0,4.0,3.0
R_sL886btNB2lJFip,"Use self-talk to stay motivated and determined. Say, “I don't need a cigarette. I might WANT one, but I don’t NEED it.”",4.0,2.0,4.0,4.0,4.0,4.0,4.0,4.0,4.0,2.0,4.0,4.0,4.0,0.03333333333333333,0.02777777777777778,0.0,0.8129603174603175,0.12592857142857142,4.0,4.0,4.0,2.0,0.006666666666666667,0.6123333333333333,0.0,0.15883333333333335,0.22216666666666668,2.0,4.0,2.0,4.0,0.4473055555555556,0.0,0.04733333333333334,0.47702777777777766,0.028333333333333332,4.0,4.0,3.0,4.0,0.4129704184704183,0.0,0.042777777777777776,0.509085137085137,0.03516666666666667,4.0,4.0,4.0
R_vdccq3M3JYMA01z,"Imagine your urge is like a talk radio station going on about something you disagree with. Arguing with it doesn't change what they say. Instead, just let them talk while you focus on what's important to you.",,2.0,3.0,,4.0,4.0,4.0,4.0,,2.0,3.0,,,,,,,,,,,1.0,0.71,0.024444444444444442,0.0,0.045253968253968255,0.22030158730158733,1.0,2.0,1.0,4.0,0.42180952380952386,0.0,0.07292857142857144,0.48759523809523825,0.017666666666666667,4.0,4.0,4.0,,,,,,,,,
R_vdccq3M3JYMA01z,"Think about times in the past when you have let urges pass during a stressful moment, and notice what helped make that moment easier.",4.0,,4.0,3.0,4.0,4.0,4.0,4.0,4.0,,4.0,3.0,2.0,0.0033333333333333335,0.6533333333333333,0.0,0.18222751322751324,0.1611058201058201,2.0,4.0,5.0,,,,,,,,,,3.0,0.43628571428571433,0.0,0.4899920634920633,0.061166666666666675,0.012555555555555556,3.0,4.0,1.0,1.0,0.6755,0.0,0.1924722222222222,0.09749603174603175,0.03453174603174603,1.0,1.0,1.0
R_vdccq3M3JYMA01z,Practice staying in this location without smoking. Just notice your urge. Practicing this will weaken this trigger with time. Just think of it as practice.,2.0,1.0,1.0,1.0,4.0,4.0,4.0,4.0,2.0,1.0,1.0,1.0,4.0,0.0,0.020555555555555553,0.0,0.8369166666666665,0.14252777777777775,4.0,4.0,4.0,2.0,0.07555555555555554,0.6047222222222222,0.0,0.05211111111111111,0.2676111111111111,2.0,4.0,2.0,3.0,0.006666666666666667,0.0,0.49333333333333335,0.49263888888888885,0.00736111111111111,3.0,4.0,4.0,3.0,0.03944444444444445,0.0,0.8578214285714286,0.036734126984126994,0.066,3.0,3.0,3.0
R_5581mqJDqDHHTK9,"Whenever you think about smoking, listen to your favorite song and sing it out loud!",4.0,4.0,,3.0,,4.0,3.0,,4.0,4.0,,3.0,4.0,0.08344444444444443,0.1815,0.0,0.4747777777777778,0.26027777777777783,,,4.0,4.0,0.051666666666666666,0.05555555555555556,0.0,0.752547619047619,0.14023015873015873,4.0,4.0,1.0,,,,,,,,,,3.0,0.09411111111111113,0.0,0.7220370370370371,0.09472486772486771,0.08912698412698414,,,1.0
R_5581mqJDqDHHTK9,"Some places trigger powerful cravings, that is to be expected. Stop and notice where in your body you feel those cravings and remind yourself that cravings typically pass in 1 to 3 minutes",,,,3.0,4.0,4.0,4.0,4.0,,,,3.0,,,,,,,,,,,,,,,,,,,,,,,,,,,,3.0,0.018333333333333333,0.0,0.94,0.025634920634920635,0.016031746031746032,3.0,3.0,3.0
R_5581mqJDqDHHTK9,"If you find yourself thinking: ""I can't do this"", ""I need a cig"", or ""I'll just have one"", make sure you tell yourself ""I absolutely CAN do this"", ""I'm in control"". Take control of your negative thoughts!",,4.0,4.0,3.0,4.0,4.0,4.0,4.0,,4.0,4.0,3.0,,,,,,,,,,4.0,0.043333333333333335,0.045,0.0,0.7857575757575758,0.12590909090909091,4.0,4.0,4.0,3.0,0.21436507936507931,0.0,0.32119047619047614,0.32059920634920624,0.14384523809523805,3.0,4.0,3.0,3.0,0.09411111111111113,0.0,0.7220370370370371,0.09472486772486771,0.08912698412698414,3.0,3.0,1.0
R_1KlteoBwFzRAW7d,Think about a happy memory to ease the difficulty of your urge. Is there something you have been wanting to do for a while that you know you would enjoy? Reading? Walking? Calling a friend? Doing a puzzle? Do something that matters to you instead of smoking.,5.0,5.0,4.0,4.0,4.0,4.0,4.0,4.0,5.0,5.0,4.0,4.0,4.0,0.0,0.021166666666666667,0.0,0.5349814814814816,0.4438518518518517,4.0,4.0,5.0,5.0,0.01,0.011666666666666667,0.0,0.07777777777777778,0.9005555555555557,5.0,5.0,5.0,3.0,0.03368253968253968,0.0,0.8773333333333333,0.05961904761904762,0.02936507936507937,3.0,4.0,3.0,3.0,0.011666666666666667,0.0,0.9116666666666666,0.029722222222222226,0.04694444444444444,3.0,3.0,3.0
R_1KlteoBwFzRAW7d,"You were often stressed in this location and this might trigger urges. What can you do to reduce your stress here? If you can avoid this place until things settle down, then do.",4.0,5.0,3.0,3.0,4.0,4.0,4.0,4.0,4.0,5.0,3.0,3.0,5.0,0.006666666666666667,0.016444444444444442,0.0,0.2782777777777778,0.6986111111111112,5.0,5.0,5.0,5.0,0.050611111111111114,0.0696111111111111,0.0,0.12005555555555553,0.7597222222222222,5.0,5.0,5.0,4.0,0.06211111111111111,0.0,0.06788888888888889,0.7961507936507936,0.07384920634920634,4.0,4.0,4.0,3.0,0.02412698412698413,0.0,0.4875079365079365,0.43080952380952386,0.057555555555555554,3.0,3.0,3.0
R_1KlteoBwFzRAW7d,"If you get urges, remind yourself that cigarettes did that to you. If you go back to them, they will keep making you suffer. Now you are breaking free.",5.0,5.0,3.0,3.0,4.0,4.0,4.0,4.0,5.0,5.0,3.0,3.0,5.0,0.006666666666666667,0.016444444444444442,0.0,0.2782777777777778,0.6986111111111112,5.0,5.0,5.0,5.0,0.050611111111111114,0.0696111111111111,0.0,0.12005555555555553,0.7597222222222222,5.0,5.0,5.0,4.0,0.06211111111111111,0.0,0.06788888888888889,0.7961507936507936,0.07384920634920634,4.0,4.0,4.0,3.0,0.03472222222222222,0.0,0.4688650793650791,0.4651269841269843,0.031285714285714285,3.0,3.0,3.0
R_2X5TsjxMUoHZwYx,"Reduce your stress by using your next break to list four things that have gone well so far today. It might feel like a bit of effort, but doing this will help your mind to refocus, and help you to feel calmer.",5.0,5.0,5.0,5.0,4.0,4.0,4.0,3.0,5.0,5.0,5.0,5.0,5.0,0.0033333333333333335,0.005833333333333334,0.0,0.07115873015873014,0.9196746031746034,5.0,5.0,5.0,5.0,0.03436507936507937,0.021666666666666667,0.0,0.1257142857142857,0.8182539682539686,5.0,5.0,5.0,5.0,0.0011111111111111111,0.0,0.019444444444444445,0.06421164021164019,0.9152328042328044,5.0,5.0,5.0,5.0,0.06444444444444446,0.0,0.02777777777777778,0.12361111111111112,0.7841666666666668,5.0,5.0,5.0
R_2X5TsjxMUoHZwYx,"Are you willing to let this urge pass for the sake of living a good long time with the people who matter most to you? When you have an urge, think about the people most important to you.",5.0,5.0,5.0,5.0,4.0,4.0,4.0,4.0,5.0,5.0,5.0,5.0,5.0,0.0016666666666666668,0.014907407407407407,0.0,0.0419537037037037,0.9414722222222222,5.0,5.0,4.0,5.0,0.03436507936507937,0.021666666666666667,0.0,0.1257142857142857,0.8182539682539686,5.0,5.0,5.0,5.0,0.011666666666666667,0.0,0.02644444444444444,0.03872222222222222,0.9231666666666668,5.0,5.0,5.0,5.0,0.06444444444444446,0.0,0.02777777777777778,0.12361111111111112,0.7841666666666668,5.0,5.0,5.0
R_2X5TsjxMUoHZwYx,"When running a marathon, the hardest part is often towards the end, but many runners stick with it, knowing that the pain will pass. Learning to quit smoking is like running a marathon - if it gets hard, you may be closer to succeeding than you realize!",5.0,5.0,5.0,5.0,4.0,4.0,3.0,4.0,5.0,5.0,5.0,5.0,5.0,0.0022222222222222222,0.008,0.0,0.08466666666666667,0.9051111111111112,5.0,5.0,4.0,5.0,0.0033333333333333335,0.0011111111111111111,0.0,0.05200661375661375,0.9435489417989417,5.0,5.0,5.0,5.0,0.013333333333333334,0.0,0.0,0.030555555555555555,0.9561111111111112,5.0,4.0,5.0,5.0,0.021555555555555557,0.0,0.0125,0.04705555555555556,0.9188888888888888,5.0,5.0,5.0
R_1LwozRPwgjauHo0,Think about a happy memory to ease the difficulty of your urge. Is there something you have been wanting to do for a while that you know you would enjoy? Reading? Walking? Calling a friend? Doing a puzzle? Do something that matters to you instead of smoking.,4.0,5.0,3.0,4.0,4.0,4.0,3.0,3.0,4.0,5.0,3.0,4.0,4.0,0.0,0.05238095238095238,0.0,0.8717857142857143,0.07583333333333334,4.0,4.0,4.0,4.0,0.0,0.0,0.0,0.8243015873015871,0.1756984126984127,4.0,4.0,4.0,4.0,0.013055555555555555,0.0,0.042777777777777776,0.9057222222222223,0.03844444444444444,4.0,4.0,5.0,4.0,0.0,0.0,0.018444444444444444,0.9198809523809524,0.06167460317460318,4.0,4.0,4.0
R_1LwozRPwgjauHo0,"If you're stuck at home and physical activity doesn't interest you, try gaming, needlework, drawing, or journaling.",,4.0,4.0,4.0,2.0,,,,,4.0,4.0,4.0,,,,,,,,,,5.0,0.0,0.01388888888888889,0.0,0.16053884078884076,0.8255722703222702,,,5.0,4.0,0.004166666666666667,0.0,0.4645238095238097,0.5032539682539682,0.02805555555555556,,,4.0,4.0,0.009166666666666667,0.0,0.020277777777777777,0.9427777777777777,0.027777777777777773,,,4.0
R_1LwozRPwgjauHo0,"Picture the people or things you care deeply about. On a scale of 0-10, how willing are you to let this urge pass for those reasons?",4.0,,4.0,4.0,4.0,4.0,3.0,3.0,4.0,,4.0,4.0,4.0,0.0,0.041111111111111105,0.0,0.8304444444444443,0.12844444444444444,4.0,4.0,4.0,,,,,,,,,,3.0,0.005833333333333334,0.0,0.49990476190476196,0.4547063492063491,0.03955555555555556,3.0,3.0,4.0,4.0,0.0033333333333333335,0.0,0.023444444444444445,0.9335555555555554,0.03966666666666667,4.0,4.0,4.0
R_0cDQjWb7D2enSal,"When you are stressed, it is easy to focus on the things that are going wrong. Take a few moments to focus on 5 things that have gone well or that you are thankful for this week.",5.0,4.0,4.0,5.0,4.0,4.0,4.0,4.0,5.0,4.0,4.0,5.0,4.0,0.0,0.020999999999999998,0.0,0.8236269841269841,0.15537301587301586,4.0,4.0,2.0,5.0,0.0,0.0798888888888889,0.0,0.33990079365079384,0.5802103174603176,5.0,5.0,4.0,3.0,0.0016666666666666668,0.0,0.6871388888888891,0.18280555555555553,0.12838888888888889,3.0,4.0,4.0,5.0,0.0033333333333333335,0.0,0.018000000000000002,0.4531322751322752,0.5255343915343913,5.0,5.0,5.0
R_0cDQjWb7D2enSal,"Sometimes an urge comes on like a wave. Imagine what it is like to ride the wave as it ebbs and flows. Instead of trying to swim against it, try riding it out until it disappears into the sea.",4.0,5.0,4.0,4.0,4.0,4.0,4.0,4.0,4.0,5.0,4.0,4.0,4.0,0.0,0.020999999999999998,0.0,0.8236269841269841,0.15537301587301586,4.0,4.0,2.0,5.0,0.0,0.0798888888888889,0.0,0.33990079365079384,0.5802103174603176,5.0,5.0,4.0,3.0,0.0016666666666666668,0.0,0.6871388888888891,0.18280555555555553,0.12838888888888889,3.0,3.0,4.0,5.0,0.0,0.0,0.012666666666666666,0.03633333333333333,0.9510000000000001,5.0,5.0,5.0
R_0cDQjWb7D2enSal,Maybe you could use these few minutes to work out whose birthday is next and what message you'll write in their card? Then when it comes you'll have something original and well thought-out to write!,4.0,,3.0,5.0,1.0,1.0,1.0,1.0,4.0,,3.0,5.0,5.0,0.0,0.005,0.0,0.4595537518037519,0.5354462481962481,5.0,4.0,4.0,,,,,,,,,,4.0,0.0,0.0,0.02794444444444445,0.9488888888888888,0.023166666666666665,4.0,3.0,5.0,4.0,0.0022222222222222222,0.0,0.011666666666666665,0.5180515873015872,0.468059523809524,4.0,4.0,4.0
R_1obbBTKOWsvBFTD,"Think about your hero, or someone you admire. What do you admire about them? Often our heroes are people who struggle and succeed in difficult circumstances. Now's the chance to be your own hero - by not smoking despite the challenges of stress and strong urges!",4.0,,4.0,4.0,4.0,4.0,4.0,4.0,4.0,,4.0,4.0,5.0,0.0061111111111111106,0.032777777777777774,0.0,0.20372222222222225,0.7573888888888888,5.0,5.0,5.0,,,,,,,,,,3.0,0.009666666666666667,0.0,0.7334444444444445,0.12255158730158733,0.1343373015873016,3.0,3.0,3.0,4.0,0.011944444444444443,0.0,0.1324920634920635,0.7992698412698415,0.05629365079365081,4.0,4.0,4.0
R_1obbBTKOWsvBFTD,"As smokers are usually with you in this location, it's really important that you're not with them when they smoke. Consider avoiding this place if possible until things settle down.",,,,,,4.0,3.0,4.0,,,,,,,,,,,,,,,,,,,,,,,,,,,,,,,,,,,,,,,,
R_1obbBTKOWsvBFTD,"Have confidence in knowing that you can have this urge, choose not to smoke, be okay, and choose to do things that matter most to you.",5.0,5.0,3.0,4.0,4.0,4.0,4.0,4.0,5.0,5.0,3.0,4.0,4.0,0.018055555555555557,0.03277777777777778,0.0,0.8557777777777779,0.0933888888888889,4.0,4.0,4.0,4.0,0.008333333333333333,0.013166666666666667,0.0,0.728166666666667,0.2503333333333333,4.0,4.0,5.0,4.0,0.007333333333333334,0.0,0.09347619047619048,0.7577063492063493,0.14148412698412696,4.0,4.0,4.0,4.0,0.008,0.0,0.09979761904761905,0.8405198412698413,0.05168253968253968,4.0,4.0,4.0
R_1QoxklmHxeT4spU,"Remind yourself that by staying quit, you'll be freeing yourself from the constant cycle of cigarette, nicotine withdrawal, feeling stressed as a result and wanting another cigarette. Keep going and this will be a thing of the past!",4.0,4.0,4.0,4.0,4.0,4.0,4.0,4.0,4.0,4.0,4.0,4.0,4.0,0.0033333333333333335,0.009166666666666667,0.0,0.8613333333333333,0.12616666666666668,4.0,4.0,4.0,4.0,0.004166666666666667,0.03166666666666667,0.0,0.6392658730158731,0.32490079365079366,4.0,5.0,5.0,4.0,0.0,0.0,0.0016666666666666668,0.995,0.0033333333333333335,4.0,4.0,5.0,3.0,0.0,0.0,0.9926666666666667,0.0006666666666666668,0.006666666666666667,3.0,3.0,3.0
R_1QoxklmHxeT4spU,"Read this rule out loud (if you can): IF someone offers me a cigarette THEN I will say 'no thanks, I don't want one.' Reading out if/then rules has been shown to help people stick with their decisions.",4.0,,3.0,3.0,4.0,4.0,4.0,4.0,4.0,,3.0,3.0,4.0,0.0,0.03095238095238095,0.0,0.8440476190476189,0.125,4.0,4.0,4.0,,,,,,,,,,4.0,0.0,0.0,0.0016666666666666668,0.995,0.0033333333333333335,4.0,4.0,5.0,3.0,0.0,0.0,0.7599902597402597,0.23667640692640712,0.0033333333333333335,3.0,3.0,3.0
R_1QoxklmHxeT4spU,Pause. Notice the feelings you are having without judgement. Let them come and go. Being aware of your feelings means you can make a new choice about how you respond to your urges instead of smoking on autopilot.,,,4.0,3.0,4.0,4.0,4.0,4.0,,,4.0,3.0,,,,,,,,,,,,,,,,,,,4.0,0.0,0.0,0.3488346560846562,0.6391653439153439,0.012,4.0,4.0,4.0,3.0,0.0,0.0,0.7867005772005774,0.2116327561327563,0.0016666666666666668,3.0,3.0,3.0
R_1QoxklmHxeT4spU,Pause. Notice the feelings you are having without judgement. Let them come and go. Being aware of your feelings means you can make a new choice about how you respond to your urges instead of smoking on autopilot.,,,4.0,3.0,4.0,4.0,4.0,4.0,,,4.0,3.0,,,,,,,,,,,,,,,,,,,4.0,0.0,0.0,0.3488346560846562,0.6391653439153439,0.012,4.0,4.0,4.0,3.0,0.0,0.0,0.7599902597402597,0.23667640692640712,0.0033333333333333335,3.0,3.0,3.0
R_1QoxklmHxeT4spU,Pause. Notice the feelings you are having without judgement. Let them come and go. Being aware of your feelings means you can make a new choice about how you respond to your urges instead of smoking on autopilot.,,,4.0,3.0,4.0,4.0,4.0,4.0,,,4.0,3.0,,,,,,,,,,,,,,,,,,,4.0,0.0,0.0,0.21071440596440613,0.7892855940355945,0.0,4.0,4.0,4.0,3.0,0.0,0.0,0.9926666666666667,0.0006666666666666668,0.006666666666666667,3.0,3.0,3.0
R_1QoxklmHxeT4spU,Pause. Notice the feelings you are having without judgement. Let them come and go. Being aware of your feelings means you can make a new choice about how you respond to your urges instead of smoking on autopilot.,,,4.0,3.0,4.0,4.0,4.0,4.0,,,4.0,3.0,,,,,,,,,,,,,,,,,,,4.0,0.0,0.0,0.3488346560846562,0.6391653439153439,0.012,4.0,4.0,4.0,3.0,0.0,0.0,0.8176595349095354,0.18234046509046523,0.0,3.0,3.0,3.0
R_3qX1qtZP29pwbZU,"Try to avoid seeing other people smoke. It might sound basic but brain see, brain want! If you can, make life easier and avoid the people you used to smoke with for some time where possible.",4.0,,4.0,4.0,4.0,4.0,3.0,3.0,4.0,,4.0,4.0,4.0,0.0,0.0038888888888888883,0.0,0.5024920634920634,0.49361904761904773,4.0,4.0,4.0,,,,,,,,,,4.0,0.012611111111111111,0.0,0.3176507936507936,0.4182936507936508,0.2514444444444445,4.0,4.0,5.0,5.0,0.0,0.0,0.013888888888888886,0.06,0.9261111111111112,5.0,5.0,4.0
R_3qX1qtZP29pwbZU,"If you miss doing something with your hands, try turning a coin or pen over and over with your fingers.",5.0,4.0,4.0,5.0,4.0,4.0,3.0,,5.0,4.0,4.0,5.0,4.0,0.0,0.005277777777777778,0.0,0.9480555555555554,0.04666666666666667,4.0,4.0,4.0,5.0,0.019166666666666665,0.06894444444444445,0.0,0.30113888888888884,0.61075,5.0,5.0,4.0,4.0,0.012611111111111111,0.0,0.3176507936507936,0.4182936507936508,0.2514444444444445,4.0,4.0,5.0,5.0,0.0,0.0,0.030444444444444448,0.48083333333333333,0.48872222222222217,,,5.0
R_3qX1qtZP29pwbZU,"Take a slow, deep breath in. And let it out. Now, ask yourself, ""Am I willing to go one minute without smoking?"" When that minute is over, ask yourself this question again.",4.0,,4.0,5.0,4.0,4.0,3.0,3.0,4.0,,4.0,5.0,5.0,0.0,0.006666666666666667,0.0,0.45783333333333304,0.5355000000000002,5.0,5.0,5.0,,,,,,,,,,4.0,0.012611111111111111,0.0,0.3176507936507936,0.4182936507936508,0.2514444444444445,4.0,4.0,5.0,5.0,0.0044444444444444444,0.0,0.02083333333333333,0.4657857142857143,0.508936507936508,5.0,5.0,5.0
R_2sdUZoZn7JczJ3L,"Think about your hero, or someone you admire. What do you admire about them? Often our heroes are people who struggle and succeed in difficult circumstances. Now's the chance to be your own hero - by not smoking despite the challenges of stress and strong urges!",5.0,5.0,5.0,5.0,4.0,4.0,4.0,4.0,5.0,5.0,5.0,5.0,4.0,0.0,0.0,0.0,0.6788333333333334,0.3211666666666667,4.0,4.0,4.0,4.0,0.0,0.0,0.0,0.5207460317460318,0.4792539682539682,4.0,4.0,4.0,4.0,0.0,0.0,0.42439682539682555,0.512825396825397,0.06277777777777778,4.0,4.0,5.0,4.0,0.0033333333333333335,0.0,0.002261904761904762,0.9429841269841269,0.05142063492063493,4.0,4.0,4.0
R_2sdUZoZn7JczJ3L,"If you have trouble resisting a craving when other smokers are around, try carrying a water bottle and taking a sip every time you want to ask for a cig.",4.0,5.0,4.0,4.0,4.0,4.0,4.0,4.0,4.0,5.0,4.0,4.0,5.0,0.0,0.0,0.0,0.05255555555555556,0.9474444444444445,5.0,5.0,5.0,5.0,0.0,0.006666666666666667,0.0,0.2815476190476191,0.7117857142857142,5.0,5.0,5.0,3.0,0.0,0.0,0.4774285714285713,0.06022222222222222,0.4623492063492063,3.0,4.0,4.0,5.0,0.0,0.0,0.008,0.19288888888888892,0.7991111111111111,5.0,5.0,5.0
R_2sdUZoZn7JczJ3L,"If you get urges, remind yourself that cigarettes did that to you. If you go back to them, they will keep making you suffer. Now you are breaking free.",,4.0,3.0,4.0,4.0,4.0,4.0,4.0,,4.0,3.0,4.0,,,,,,,,,,5.0,0.0,0.006666666666666667,0.0,0.2815476190476191,0.7117857142857142,5.0,5.0,5.0,5.0,0.0,0.0,0.01,0.4592222222222225,0.5307777777777777,5.0,5.0,4.0,5.0,0.0,0.0,0.008,0.19288888888888892,0.7991111111111111,5.0,5.0,5.0
R_3lS0u7Fds4dvaHE,Maybe you could use these few minutes to work out whose birthday is next and what message you'll write in their card? Then when it comes you'll have something original and well thought-out to write!,,2.0,3.0,3.0,1.0,1.0,1.0,1.0,,2.0,3.0,3.0,,,,,,,,,,4.0,0.0033333333333333335,0.4312481962481962,0.0,0.5104184704184704,0.055,4.0,5.0,2.0,4.0,0.06638888888888889,0.0,0.301968253968254,0.3219947089947089,0.3096481481481481,4.0,3.0,4.0,1.0,0.6360714285714285,0.0,0.12348412698412699,0.07970634920634921,0.16073809523809524,1.0,1.0,1.0
R_3lS0u7Fds4dvaHE,"Step back from what is stressful by taking 10 slow breaths. Count them as you go and notice your breath. If you get distracted, keep starting over until you get to 10.",,4.0,,,4.0,4.0,4.0,4.0,,4.0,,,,,,,,,,,,2.0,0.006666666666666667,0.9266666666666666,0.0,0.03,0.03666666666666667,2.0,4.0,4.0,,,,,,,,,,,,,,,,,,
R_3lS0u7Fds4dvaHE,"Think of urges as loud construction noises. Sometimes there's nothing you can do except agree that it's annoying. If you fight it, you feel more irritated, right? Let your urge be there until it passes on its own.",2.0,2.0,,1.0,4.0,4.0,4.0,4.0,2.0,2.0,,1.0,4.0,0.017182539682539685,0.04516666666666667,0.0,0.5087777777777778,0.4288730158730158,4.0,4.0,4.0,4.0,0.01,0.4387499999999999,0.0,0.5110277777777777,0.04022222222222223,4.0,4.0,2.0,,,,,,,,,,3.0,0.04407936507936507,0.0,0.769,0.08747619047619047,0.09944444444444443,3.0,3.0,4.0
R_sZgOwiAHEVTra1z,"Instead of smoking, take 10 deep, slow breaths and count them. Pay attention to what your breathing feels like. If you lose count, that's okay, just start over at 1 until you get to 10.",5.0,5.0,5.0,5.0,4.0,4.0,4.0,4.0,5.0,5.0,5.0,5.0,5.0,0.0,0.009444444444444443,0.0,0.19754761904761906,0.7930079365079366,5.0,5.0,5.0,5.0,0.013055555555555555,0.036944444444444446,0.0,0.09064285714285714,0.8593571428571427,5.0,5.0,5.0,3.0,0.02,0.0,0.6563492063492063,0.16582539682539688,0.15782539682539684,3.0,4.0,4.0,5.0,0.011563492063492064,0.0,0.45344444444444454,0.03916666666666667,0.49582539682539656,5.0,5.0,3.0
R_sZgOwiAHEVTra1z,See what it is like to let the urge pass. You can have an urge and choose not to smoke.,,,3.0,3.0,4.0,4.0,4.0,4.0,,,3.0,3.0,,,,,,,,,,,,,,,,,,,5.0,0.010833333333333334,0.0,0.010555555555555556,0.034611111111111106,0.944,5.0,5.0,5.0,5.0,0.006666666666666667,0.0,0.012666666666666666,0.042222222222222223,0.9384444444444443,5.0,5.0,5.0
R_sZgOwiAHEVTra1z,"When running a marathon, the hardest part is often towards the end, but many runners stick with it, knowing that the pain will pass. Learning to quit smoking is like running a marathon - if it gets hard, you may be closer to succeeding than you realize!",5.0,5.0,5.0,5.0,4.0,4.0,4.0,4.0,5.0,5.0,5.0,5.0,5.0,0.0,0.011111111111111112,0.0,0.1928373015873016,0.7960515873015871,5.0,5.0,5.0,5.0,0.015555555555555557,0.03611111111111111,0.0,0.13355555555555554,0.8147777777777779,5.0,5.0,5.0,3.0,0.02,0.0,0.6563492063492063,0.16582539682539688,0.15782539682539684,3.0,3.0,4.0,5.0,0.01988888888888889,0.0,0.46388888888888924,0.010416666666666666,0.5058055555555554,5.0,5.0,5.0
R_2CCcdZctBtZISqw,"Remind yourself that by staying quit, you'll be freeing yourself from the constant cycle of cigarette, nicotine withdrawal, feeling stressed as a result and wanting another cigarette. Keep going and this will be a thing of the past!",,,3.0,3.0,4.0,4.0,3.0,4.0,,,3.0,3.0,,,,,,,,,,,,,,,,,,,3.0,0.01138888888888889,0.0,0.7406666666666666,0.16761111111111113,0.08033333333333334,3.0,3.0,3.0,3.0,0.013888888888888886,0.0,0.7552142857142857,0.1857857142857143,0.0451111111111111,3.0,3.0,3.0
R_2CCcdZctBtZISqw,"Try to avoid seeing other people smoke. It might sound basic but brain see, brain want! If you can, make life easier and avoid the people you used to smoke with for some time where possible.",,,3.0,4.0,4.0,4.0,3.0,3.0,,,3.0,4.0,,,,,,,,,,,,,,,,,,,3.0,0.013000000000000001,0.0,0.9176785714285711,0.053821428571428576,0.015500000000000002,3.0,3.0,3.0,3.0,0.013888888888888886,0.0,0.7552142857142857,0.1857857142857143,0.0451111111111111,3.0,4.0,3.0
R_2CCcdZctBtZISqw,"Life can get you really stressed out, but turning to cigs isn't the answer. Call or text family and friends instead. Ask them to help you stay on track.",4.0,4.0,3.0,3.0,4.0,4.0,3.0,3.0,4.0,4.0,3.0,3.0,4.0,0.01,0.057777777777777775,0.0,0.6376521164021163,0.29457010582010584,4.0,4.0,4.0,5.0,0.008499999999999999,0.059,0.0,0.43083333333333335,0.5016666666666665,5.0,5.0,4.0,3.0,0.01138888888888889,0.0,0.7406666666666666,0.16761111111111113,0.08033333333333334,3.0,3.0,3.0,4.0,0.0033333333333333335,0.0,0.4717103174603174,0.49167857142857135,0.03327777777777778,4.0,4.0,3.0
R_AbSAO54dJQqYqBz,"Remind yourself that by staying quit, you'll be freeing yourself from the constant cycle of cigarette, nicotine withdrawal, feeling stressed as a result and wanting another cigarette. Keep going and this will be a thing of the past!",,2.0,,1.0,2.0,2.0,1.0,1.0,,2.0,,1.0,,,,,,,,,,4.0,0.03775396825396826,0.13888888888888887,0.0,0.41472222222222227,0.4086349206349205,4.0,4.0,4.0,,,,,,,,,,1.0,0.7295555555555556,0.0,0.07361111111111111,0.07652777777777778,0.12030555555555557,1.0,1.0,1.0
R_AbSAO54dJQqYqBz,Urges are like annoying ads. You might see them but you don't have to buy what they're selling.,4.0,4.0,3.0,,2.0,2.0,,1.0,4.0,4.0,3.0,,2.0,0.0,0.7062962962962963,0.0,0.1421521164021164,0.15155158730158733,2.0,4.0,4.0,4.0,0.03775396825396826,0.13888888888888887,0.0,0.41472222222222227,0.4086349206349205,4.0,5.0,4.0,1.0,0.6957222222222221,0.0,0.045111111111111116,0.0838888888888889,0.17527777777777775,,,5.0,,,,,,,,,
R_AbSAO54dJQqYqBz,Think about a happy memory to ease the difficulty of your urge. Is there something you have been wanting to do for a while that you know you would enjoy? Reading? Walking? Calling a friend? Doing a puzzle? Do something that matters to you instead of smoking.,2.0,4.0,1.0,1.0,2.0,,,1.0,2.0,4.0,1.0,1.0,4.0,0.011666666666666667,0.04416666666666666,0.0,0.8372222222222224,0.10694444444444445,4.0,4.0,4.0,4.0,0.03775396825396826,0.13888888888888887,0.0,0.41472222222222227,0.4086349206349205,,,4.0,3.0,0.05033333333333334,0.0,0.6871666666666667,0.09072222222222222,0.17177777777777778,,,4.0,1.0,0.6996666666666667,0.0,0.05888888888888888,0.06131349206349206,0.18013095238095236,1.0,1.0,3.0
R_sUxSt3ehJsAth2F,"You were often stressed in this location and this might trigger urges. What can you do to reduce your stress here? If you can avoid this place until things settle down, then do.",5.0,5.0,4.0,5.0,4.0,4.0,3.0,3.0,5.0,5.0,4.0,5.0,4.0,0.0,0.007111111111111111,0.0,0.8988333333333333,0.09405555555555555,4.0,4.0,4.0,4.0,0.006666666666666667,0.017460317460317457,0.0,0.8122619047619049,0.16361111111111107,4.0,4.0,5.0,4.0,0.0033333333333333335,0.0,0.020666666666666667,0.9118333333333334,0.06416666666666666,4.0,4.0,4.0,5.0,0.007682539682539682,0.0,0.018365079365079365,0.045896825396825394,0.9280555555555556,5.0,5.0,5.0
R_sUxSt3ehJsAth2F,"Think of urges as loud construction noises. Sometimes there's nothing you can do except agree that it's annoying. If you fight it, you feel more irritated, right? Let your urge be there until it passes on its own.",4.0,5.0,4.0,5.0,4.0,4.0,4.0,3.0,4.0,5.0,4.0,5.0,5.0,0.003611111111111111,0.006666666666666667,0.0,0.06455555555555556,0.9251666666666665,5.0,5.0,5.0,4.0,0.006666666666666667,0.017460317460317457,0.0,0.8122619047619049,0.16361111111111107,4.0,4.0,5.0,4.0,0.0033333333333333335,0.0,0.017235449735449736,0.9330423280423281,0.04638888888888889,4.0,4.0,4.0,5.0,0.004166666666666667,0.0,0.02838888888888889,0.05141269841269841,0.916031746031746,5.0,5.0,5.0
R_sUxSt3ehJsAth2F,"Crumple a piece of paper into a ball and imagine it is your urge. Toss the ""urge"" into the garbage or against the wall. By doing this, you are letting go of your urges.",5.0,4.0,4.0,5.0,4.0,4.0,3.0,3.0,5.0,4.0,4.0,5.0,4.0,0.0,0.007111111111111111,0.0,0.8988333333333333,0.09405555555555555,4.0,4.0,4.0,5.0,0.0,0.005666666666666666,0.0,0.05461111111111111,0.9397222222222221,5.0,5.0,5.0,4.0,0.0033333333333333335,0.0,0.01961111111111111,0.9374444444444446,0.03961111111111111,4.0,4.0,4.0,5.0,0.021222222222222222,0.0,0.015666666666666666,0.03125,0.9318611111111111,5.0,5.0,5.0
R_31Z5qWarXAdC3n8,"Ask yourself, ""From 0-10, how willing am I to let this urge pass without smoking?"" Let it pass to be closer to the things that matter most to you.",4.0,5.0,4.0,4.0,4.0,4.0,4.0,4.0,4.0,5.0,4.0,4.0,4.0,0.0,0.009333333333333334,0.0,0.8114682539682541,0.17919841269841266,4.0,4.0,4.0,5.0,0.0,0.05,0.0,0.14830820105820106,0.8016917989417988,5.0,5.0,5.0,4.0,0.006666666666666667,0.0,0.06833333333333332,0.8572619047619047,0.06773809523809525,4.0,4.0,4.0,5.0,0.0033333333333333335,0.0,0.026944444444444448,0.10405555555555557,0.8656666666666668,5.0,5.0,5.0
R_31Z5qWarXAdC3n8,"Step back from what is stressful by taking 10 slow breaths. Count them as you go and notice your breath. If you get distracted, keep starting over until you get to 10.",4.0,5.0,4.0,5.0,4.0,4.0,4.0,3.0,4.0,5.0,4.0,5.0,4.0,0.0,0.010277777777777778,0.0,0.8356587301587302,0.15406349206349204,4.0,4.0,4.0,5.0,0.0033333333333333335,0.03472222222222222,0.0,0.13715079365079363,0.8247936507936507,5.0,5.0,5.0,4.0,0.010777777777777777,0.0,0.06292063492063493,0.8722460317460317,0.05405555555555555,4.0,4.0,3.0,4.0,0.023555555555555555,0.0,0.03833333333333333,0.6831230158730157,0.25498809523809524,4.0,4.0,4.0
R_2tb59F08SGoKIol,Take a deep breath and let it out slowly. Notice that you are completely OK for this one breath. Do it again.,4.0,4.0,3.0,5.0,,4.0,3.0,4.0,4.0,4.0,3.0,5.0,4.0,0.0,0.01,0.0,0.9147222222222223,0.07527777777777778,,,4.0,4.0,0.0,0.013333333333333334,0.0,0.8803730158730158,0.1062936507936508,4.0,4.0,4.0,5.0,0.005777777777777778,0.0,0.09365476190476191,0.1702738095238095,0.7302936507936506,5.0,4.0,5.0,5.0,0.007222222222222222,0.0,0.06176190476190476,0.4484444444444444,0.48257142857142865,5.0,5.0,5.0
R_2tb59F08SGoKIol,"Urges to smoke usually only last a few minutes. Distract yourself by NOT thinking about giraffes, or leave the situation until it passes.",4.0,4.0,4.0,5.0,2.0,,3.0,,4.0,4.0,4.0,5.0,4.0,0.0,0.0,0.0,0.9427777777777777,0.05722222222222222,4.0,4.0,4.0,4.0,0.0,0.01,0.0,0.8875476190476191,0.10245238095238095,,,4.0,5.0,0.005777777777777778,0.0,0.09365476190476191,0.1702738095238095,0.7302936507936506,5.0,5.0,5.0,5.0,0.007222222222222222,0.0,0.010444444444444444,0.454031746031746,0.5283015873015875,,,5.0
R_2tb59F08SGoKIol,"If you usually smoke while you talk on the phone, keep a pen and paper nearby to occupy your hands with doodling rather than smoking.",4.0,,5.0,4.0,4.0,4.0,4.0,4.0,4.0,,5.0,4.0,4.0,0.0,0.005,0.0,0.9074285714285714,0.08757142857142858,4.0,4.0,4.0,,,,,,,,,,4.0,0.003611111111111111,0.0,0.4442619047619049,0.5062380952380953,0.04588888888888889,4.0,4.0,3.0,5.0,0.009444444444444443,0.0,0.042005050505050504,0.05188383838383837,0.8966666666666666,5.0,5.0,5.0
R_2XniPJa9AUwPfVI,"This craving is just an event. A game. It will pass. The game gets easier the more you let your urge pass without smoking. But, it gets harder every time you give in to the urge and smoke.",5.0,4.0,5.0,5.0,4.0,4.0,4.0,4.0,5.0,4.0,5.0,5.0,5.0,0.0,0.0,0.0,0.028333333333333332,0.9716666666666667,5.0,5.0,5.0,4.0,0.0,0.0,0.0,0.5138015873015875,0.4861984126984125,4.0,4.0,5.0,4.0,0.0,0.0,0.06707142857142857,0.4769563492063493,0.45597222222222217,4.0,4.0,4.0,5.0,0.0,0.0,0.0022222222222222222,0.4659603174603174,0.5318174603174604,5.0,5.0,5.0
R_2XniPJa9AUwPfVI,"Tell yourself, “I am going to quit smoking soon.” Say it out loud. Say to yourself, “I am too strong to continue smoking for the rest of my life.""",5.0,4.0,5.0,4.0,4.0,4.0,4.0,4.0,5.0,4.0,5.0,4.0,5.0,0.0,0.0006666666666666668,0.0,0.04961111111111111,0.9497222222222221,5.0,5.0,4.0,4.0,0.0,0.0,0.0,0.5316349206349206,0.4683650793650795,4.0,4.0,4.0,4.0,0.0,0.0,0.0033333333333333335,0.5017063492063492,0.4949603174603175,4.0,4.0,5.0,5.0,0.0,0.0,0.0033333333333333335,0.08164285714285713,0.9150238095238096,5.0,5.0,5.0
R_2XniPJa9AUwPfVI,"If leaving social situations to avoid smokers feels awkward, make sure you have something to do instead - take sugar free mints, lollipops or low fat snacks to chew, or use a stress ball.",5.0,5.0,4.0,5.0,4.0,4.0,4.0,4.0,5.0,5.0,4.0,5.0,5.0,0.0,0.0,0.0,0.07561111111111112,0.9243888888888887,5.0,5.0,5.0,4.0,0.0,0.0,0.0,0.9137142857142858,0.08628571428571429,4.0,5.0,4.0,5.0,0.0,0.0,0.05044444444444445,0.04013888888888889,0.9094166666666667,5.0,4.0,4.0,4.0,0.0,0.0,0.005595238095238095,0.5347460317460319,0.45965873015872993,4.0,4.0,4.0
R_3M0aldiZ8uqHWMY,"The best way to deal with any urges from being around smokers is to get out of the situation briefly until it goes. Make an excuse, go to the toilet, go get some water, pretend you need to get some phone reception!",4.0,5.0,4.0,3.0,4.0,4.0,4.0,4.0,4.0,5.0,4.0,3.0,5.0,0.0033333333333333335,0.023888888888888894,0.0,0.3569722222222222,0.6158055555555553,5.0,5.0,4.0,4.0,0.0,0.0,0.0,0.946611111111111,0.05338888888888889,4.0,4.0,4.0,4.0,0.0022222222222222222,0.0,0.24658730158730155,0.5216724386724386,0.2295180375180375,4.0,4.0,4.0,5.0,0.0,0.0,0.015555555555555553,0.4178412698412697,0.5666031746031748,5.0,5.0,5.0
R_3M0aldiZ8uqHWMY,Imagine walking into a social situation in three months' time as a non-smoker. Now hold that picture and imagine you're that person now. Seeing yourself as a non-smoker now can make it much easier to resist!,5.0,4.0,5.0,5.0,4.0,4.0,4.0,4.0,5.0,4.0,5.0,5.0,5.0,0.0033333333333333335,0.023888888888888894,0.0,0.3569722222222222,0.6158055555555553,5.0,5.0,4.0,5.0,0.0033333333333333335,0.01,0.0,0.20769444444444443,0.7789722222222224,5.0,5.0,5.0,4.0,0.0022222222222222222,0.0,0.24658730158730155,0.5216724386724386,0.2295180375180375,4.0,4.0,4.0,3.0,0.004,0.0,0.4532539682539683,0.4499682539682541,0.09277777777777779,3.0,3.0,3.0
R_3M0aldiZ8uqHWMY,"Just because other people are smoking, doesn't mean you have to. Practice allowing this urge to be present for 5 minutes. When it passes, give yourself credit.",,4.0,5.0,4.0,4.0,4.0,4.0,4.0,,4.0,5.0,4.0,,,,,,,,,,5.0,0.0033333333333333335,0.01,0.0,0.20769444444444443,0.7789722222222224,5.0,5.0,5.0,4.0,0.0022222222222222222,0.0,0.24658730158730155,0.5216724386724386,0.2295180375180375,4.0,4.0,4.0,5.0,0.0027777777777777775,0.0,0.4549444444444444,0.04605555555555556,0.49622222222222223,5.0,5.0,5.0
R_1rNXF2yItjOwGZ3,"If you find sounds soothing, tune in to the soundtrack of nature, like crashing waves, the wind rustling through trees, or birds singing.",4.0,5.0,5.0,5.0,,4.0,3.0,,4.0,5.0,5.0,5.0,5.0,0.0,0.022666666666666665,0.0,0.08148809523809525,0.895845238095238,,,5.0,5.0,0.0,0.05277777777777777,0.0,0.2048862433862434,0.7423359788359789,5.0,5.0,5.0,5.0,0.030055555555555554,0.0,0.12494444444444443,0.19333333333333333,0.6516666666666666,5.0,5.0,4.0,4.0,0.009111111111111111,0.0,0.04361111111111111,0.506404761904762,0.44087301587301575,,,4.0
R_1rNXF2yItjOwGZ3,"Use self-talk to stay motivated and determined. Say, “I don't need a cigarette. I might WANT one, but I don’t NEED it.”",5.0,5.0,5.0,4.0,4.0,4.0,4.0,4.0,5.0,5.0,5.0,4.0,4.0,0.0,0.015555555555555553,0.0,0.5511481481481482,0.4332962962962963,4.0,4.0,5.0,5.0,0.0,0.0008333333333333334,0.0,0.05844444444444445,0.9407222222222221,5.0,5.0,5.0,5.0,0.030055555555555554,0.0,0.12494444444444443,0.19333333333333333,0.6516666666666666,5.0,5.0,4.0,5.0,0.023015873015873017,0.0,0.02311111111111111,0.06320634920634921,0.8906666666666666,5.0,5.0,5.0
R_1rNXF2yItjOwGZ3,"Reduce your stress by using your next break to list four things that have gone well so far today. It might feel like a bit of effort, but doing this will help your mind to refocus, and help you to feel calmer.",5.0,5.0,5.0,5.0,4.0,4.0,4.0,4.0,5.0,5.0,5.0,5.0,4.0,0.0033333333333333335,0.015,0.0,0.5060396825396826,0.475626984126984,4.0,4.0,5.0,5.0,0.0,0.05277777777777777,0.0,0.2048862433862434,0.7423359788359789,5.0,5.0,5.0,5.0,0.005,0.0,0.05383333333333333,0.06952380952380952,0.8716428571428572,5.0,5.0,4.0,4.0,0.03484343434343434,0.0,0.05638888888888889,0.4618809523809524,0.4468867243867244,4.0,4.0,4.0
R_2VqdeoAw1Hb3FNk,Try chewing gum if you have trouble resisting smoking when other people light up around you.,,,3.0,3.0,4.0,4.0,4.0,4.0,,,3.0,3.0,,,,,,,,,,,,,,,,,,,3.0,0.029166666666666667,0.0,0.7826111111111111,0.09033333333333333,0.09788888888888891,3.0,4.0,3.0,3.0,0.06881349206349206,0.0,0.7753253968253969,0.12097222222222226,0.034888888888888886,3.0,3.0,3.0
R_2VqdeoAw1Hb3FNk,"Try to stop smoking by setting yourself a rule. For example, ""IF I am tempted, THEN I will chew on some mints"" - make your own rule that will work for you.",,,3.0,3.0,4.0,4.0,4.0,4.0,,,3.0,3.0,,,,,,,,,,,,,,,,,,,3.0,0.029166666666666667,0.0,0.7826111111111111,0.09033333333333333,0.09788888888888891,3.0,4.0,3.0,3.0,0.06881349206349206,0.0,0.7753253968253969,0.12097222222222226,0.034888888888888886,3.0,3.0,3.0
R_2VqdeoAw1Hb3FNk,"When a craving hits, keep your hands busy by doing the dishes or taking out the trash. Small chores will help pass the time during a craving.",,,3.0,3.0,4.0,4.0,4.0,4.0,,,3.0,3.0,,,,,,,,,,,,,,,,,,,3.0,0.0022222222222222222,0.0,0.9583333333333334,0.026388888888888885,0.013055555555555555,3.0,4.0,3.0,3.0,0.02027777777777778,0.0,0.9186111111111113,0.044444444444444446,0.016666666666666666,3.0,3.0,3.0
R_82ClRmKpQdZDe3n,"Each time you choose to not smoke after seeing someone else light up, you lessen the habit a little more.",,4.0,4.0,4.0,4.0,4.0,4.0,4.0,,4.0,4.0,4.0,,,,,,,,,,4.0,0.0016666666666666668,0.0,0.0,0.8246111111111113,0.17372222222222225,4.0,5.0,5.0,4.0,0.012222222222222221,0.0,0.054,0.48661111111111105,0.4471666666666666,4.0,4.0,4.0,4.0,0.008333333333333333,0.0,0.06244444444444445,0.902888888888889,0.026333333333333337,4.0,4.0,4.0
R_82ClRmKpQdZDe3n,"Some places trigger powerful cravings, that is to be expected. Stop and notice where in your body you feel those cravings and remind yourself that cravings typically pass in 1 to 3 minutes",4.0,,4.0,4.0,4.0,4.0,4.0,3.0,4.0,,4.0,4.0,4.0,0.0,0.04594444444444445,0.0,0.8895714285714286,0.06448412698412698,4.0,4.0,4.0,,,,,,,,,,4.0,0.009000000000000001,0.0,0.12544444444444447,0.7705555555555555,0.09500000000000001,4.0,4.0,4.0,4.0,0.0051111111111111105,0.0,0.024111111111111107,0.9393888888888887,0.03138888888888889,4.0,4.0,4.0
R_82ClRmKpQdZDe3n,Pause and take 5 slow breaths. Pausing just for a moment breaks the automatic habit of reaching for a smoke.,4.0,4.0,5.0,4.0,4.0,4.0,4.0,4.0,4.0,4.0,5.0,4.0,4.0,0.0,0.0275,0.0,0.8793333333333334,0.09316666666666668,4.0,4.0,4.0,4.0,0.0030555555555555553,0.0077222222222222215,0.0,0.8089603174603176,0.18026190476190476,4.0,5.0,5.0,4.0,0.009000000000000001,0.0,0.12544444444444447,0.7705555555555555,0.09500000000000001,4.0,4.0,4.0,4.0,0.012777777777777779,0.0,0.042166666666666665,0.9253888888888887,0.019666666666666666,4.0,4.0,5.0
R_cZOk0g6CWiEvwSB,"Each time you let an urge pass without smoking, you break the old habit a bit more.",5.0,,5.0,4.0,4.0,4.0,3.0,4.0,5.0,,5.0,4.0,1.0,0.6152380952380951,0.022,0.0,0.18416666666666667,0.17859523809523808,1.0,4.0,1.0,,,,,,,,,,1.0,0.6601666666666666,0.0,0.13533333333333333,0.10607936507936508,0.09842063492063492,1.0,3.0,5.0,4.0,0.44933333333333336,0.0,0.04644444444444445,0.47400000000000003,0.03022222222222222,4.0,4.0,4.0
R_cZOk0g6CWiEvwSB,"When a craving hits, keep your hands busy by doing the dishes or taking out the trash. Small chores will help pass the time during a craving.",4.0,1.0,5.0,4.0,4.0,4.0,3.0,3.0,4.0,1.0,5.0,4.0,1.0,0.6152380952380951,0.022,0.0,0.18416666666666667,0.17859523809523808,1.0,4.0,1.0,4.0,0.050761904761904765,0.03333333333333333,0.0,0.7852777777777779,0.13062698412698412,4.0,4.0,4.0,1.0,0.6601666666666666,0.0,0.13533333333333333,0.10607936507936508,0.09842063492063492,1.0,3.0,5.0,4.0,0.45011111111111113,0.0,0.05638888888888889,0.46738888888888896,0.02611111111111111,4.0,4.0,4.0
R_cZOk0g6CWiEvwSB,"Ask yourself, ""From 0-10, how willing am I to let this urge pass without smoking?"" Let it pass to be closer to the things that matter most to you.",1.0,4.0,1.0,1.0,4.0,4.0,3.0,3.0,1.0,4.0,1.0,1.0,5.0,0.012666666666666668,0.019027777777777775,0.0,0.4752420634920634,0.4930634920634922,5.0,5.0,5.0,1.0,0.7233333333333334,0.01966666666666667,0.0,0.09896825396825396,0.15803174603174602,1.0,2.0,1.0,5.0,0.023944444444444445,0.0,0.05744444444444444,0.022111111111111113,0.8965,5.0,4.0,4.0,4.0,0.02744444444444445,0.0,0.04666666666666667,0.8794444444444444,0.04644444444444445,4.0,4.0,3.0
R_9BIWYw553BOZ5U5,"Try to stop smoking by setting yourself a rule. For example, ""IF I am tempted, THEN I will chew on some mints"" - make your own rule that will work for you.",,4.0,3.0,3.0,4.0,4.0,4.0,4.0,,4.0,3.0,3.0,,,,,,,,,,4.0,0.0,0.014722222222222223,0.0,0.966388888888889,0.018888888888888886,4.0,4.0,4.0,3.0,0.028666666666666667,0.0,0.8085873015873015,0.07596825396825398,0.08677777777777777,3.0,4.0,3.0,3.0,0.020444444444444446,0.0,0.5638333333333333,0.3973888888888889,0.018333333333333337,3.0,3.0,3.0
R_9BIWYw553BOZ5U5,"Instead of smoking, write a quick note to yourself explaining why ditching cigs is important to you. Carry it with you and read it when you feel like lighting up.",4.0,4.0,3.0,3.0,4.0,4.0,4.0,4.0,4.0,4.0,3.0,3.0,4.0,0.02666666666666667,0.12733333333333333,0.0,0.7576042568542569,0.08839574314574315,4.0,4.0,4.0,4.0,0.0,0.010555555555555556,0.0,0.9373888888888888,0.05205555555555555,4.0,4.0,4.0,3.0,0.028666666666666667,0.0,0.8085873015873015,0.07596825396825398,0.08677777777777777,3.0,3.0,3.0,3.0,0.06461111111111112,0.0,0.8263492063492063,0.051761904761904766,0.05727777777777778,3.0,3.0,3.0
R_9BIWYw553BOZ5U5,See what it is like to let the urge pass. You can have an urge and choose not to smoke.,4.0,4.0,3.0,4.0,4.0,4.0,4.0,4.0,4.0,4.0,3.0,4.0,4.0,0.023333333333333334,0.14666666666666667,0.0,0.7611798941798942,0.06882010582010581,4.0,4.0,4.0,4.0,0.0,0.013333333333333334,0.0,0.9542619047619049,0.03240476190476191,4.0,5.0,4.0,3.0,0.006388888888888888,0.0,0.933888888888889,0.03764285714285715,0.022079365079365077,3.0,4.0,3.0,3.0,0.06461111111111112,0.0,0.8263492063492063,0.051761904761904766,0.05727777777777778,3.0,3.0,3.0
R_1oi0yOHxlfJ9NrC,"Sometimes an urge comes on like a wave. Imagine what it is like to ride the wave as it ebbs and flows. Instead of trying to swim against it, try riding it out until it disappears into the sea.",,,1.0,1.0,4.0,4.0,4.0,4.0,,,1.0,1.0,,,,,,,,,,,,,,,,,,,1.0,0.8950595238095237,0.0,0.04119444444444445,0.038187830687830694,0.025558201058201058,1.0,3.0,1.0,1.0,0.6705555555555556,0.0,0.10021428571428571,0.11140873015873017,0.11782142857142856,1.0,3.0,1.0
R_1oi0yOHxlfJ9NrC,"If you usually smoke while you talk on the phone, keep a pen and paper nearby to occupy your hands with doodling rather than smoking.",,,1.0,1.0,4.0,4.0,4.0,4.0,,,1.0,1.0,,,,,,,,,,,,,,,,,,,1.0,0.8784444444444444,0.0,0.04246428571428571,0.04807804232804233,0.031013227513227517,1.0,1.0,1.0,1.0,0.6705555555555556,0.0,0.10021428571428571,0.11140873015873017,0.11782142857142856,1.0,3.0,1.0
R_1oi0yOHxlfJ9NrC,Stop! Breathe. What is going on around you? Inside you? Allow everything to be just as it is. Breathe again.,,,1.0,1.0,,4.0,3.0,3.0,,,1.0,1.0,,,,,,,,,,,,,,,,,,,1.0,0.9200000000000002,0.0,0.0074444444444444445,0.041884920634920636,0.03067063492063492,1.0,3.0,1.0,1.0,0.8577777777777779,0.0,0.0396031746031746,0.07662698412698414,0.02599206349206349,1.0,1.0,3.0
R_3iX1Rd8mpJcVEqL,"Some places trigger powerful cravings, that is to be expected. Stop and notice where in your body you feel those cravings and remind yourself that cravings typically pass in 1 to 3 minutes",,,4.0,5.0,4.0,4.0,4.0,,,,4.0,5.0,,,,,,,,,,,,,,,,,,,5.0,0.01,0.0,0.4605,0.05416666666666667,0.47533333333333333,5.0,5.0,4.0,4.0,0.029388888888888895,0.0,0.23041269841269846,0.6884285714285714,0.05176984126984127,,,4.0
R_3iX1Rd8mpJcVEqL,Pause and take 5 slow breaths. Pausing just for a moment breaks the automatic habit of reaching for a smoke.,4.0,5.0,3.0,4.0,,4.0,3.0,,4.0,5.0,3.0,4.0,4.0,0.009841269841269842,0.05711111111111111,0.0,0.8046984126984127,0.12834920634920635,,,2.0,4.0,0.031111111111111107,0.10647619047619049,0.0,0.5377063492063492,0.3247063492063493,4.0,5.0,4.0,4.0,0.014444444444444444,0.0,0.13263888888888892,0.8134166666666666,0.03950000000000001,4.0,4.0,3.0,4.0,0.029388888888888895,0.0,0.23041269841269846,0.6884285714285714,0.05176984126984127,,,4.0
R_3iX1Rd8mpJcVEqL,"When running a marathon, the hardest part is often towards the end, but many runners stick with it, knowing that the pain will pass. Learning to quit smoking is like running a marathon - if it gets hard, you may be closer to succeeding than you realize!",4.0,,5.0,4.0,4.0,4.0,3.0,,4.0,,5.0,4.0,4.0,0.0,0.09419444444444443,0.0,0.7823611111111112,0.12344444444444447,4.0,4.0,4.0,,,,,,,,,,4.0,0.014444444444444444,0.0,0.13263888888888892,0.8134166666666666,0.03950000000000001,4.0,4.0,3.0,4.0,0.04,0.0,0.03229365079365079,0.506873015873016,0.42083333333333334,,,5.0
R_1QmcgaFY0Bk8vz2,It's normal to have some doubts during a quit attempt. Keep your quit reasons on hand to remind yourself if ever you feel uncertain or undecided.,4.0,2.0,3.0,3.0,4.0,4.0,4.0,4.0,4.0,2.0,3.0,3.0,5.0,0.03944444444444444,0.0075,0.0,0.17272222222222222,0.7803333333333333,5.0,5.0,5.0,4.0,0.09833333333333333,0.13016666666666665,0.0,0.46553174603174596,0.30596825396825383,4.0,5.0,2.0,4.0,0.08005555555555555,0.0,0.1228888888888889,0.7393888888888889,0.05766666666666667,4.0,4.0,3.0,4.0,0.0643888888888889,0.0,0.07275396825396825,0.800888888888889,0.061968253968253964,4.0,4.0,4.0
R_1QmcgaFY0Bk8vz2,"When you are stressed, it is easy to focus on the things that are going wrong. Take a few moments to focus on 5 things that have gone well or that you are thankful for this week.",5.0,,4.0,4.0,4.0,4.0,4.0,4.0,5.0,,4.0,4.0,4.0,0.0375,0.0016666666666666668,0.0,0.8257142857142857,0.1351190476190476,4.0,4.0,4.0,,,,,,,,,,3.0,0.058333333333333334,0.0,0.6420833333333335,0.20672222222222222,0.09286111111111112,3.0,3.0,4.0,3.0,0.05384126984126984,0.0,0.7013492063492063,0.1947539682539682,0.05005555555555555,3.0,3.0,3.0
R_DwKx5csKPfJ7qUh,"Think about times in the past when you have let urges pass during a stressful moment, and notice what helped make that moment easier.",5.0,5.0,5.0,5.0,4.0,4.0,4.0,4.0,5.0,5.0,5.0,5.0,5.0,0.0,0.03542857142857143,0.0,0.07107142857142856,0.8934999999999998,5.0,5.0,5.0,5.0,0.0,0.043277777777777776,0.0,0.037694444444444454,0.9190277777777777,5.0,5.0,5.0,5.0,0.014642857142857145,0.0,0.03551587301587302,0.4423095238095238,0.507531746031746,5.0,5.0,5.0,5.0,0.012777777777777779,0.0,0.00988888888888889,0.0625,0.9148333333333333,5.0,5.0,5.0
R_DwKx5csKPfJ7qUh,"If you find yourself with a few minutes to spare, it can be nice to read back over old messages. It's also a chance to reply to ones that you might have forgotten about!",5.0,5.0,5.0,5.0,2.0,2.0,1.0,1.0,5.0,5.0,5.0,5.0,5.0,0.0016666666666666668,0.0033333333333333335,0.0,0.07383333333333333,0.9211666666666667,5.0,4.0,5.0,5.0,0.0,0.03722222222222222,0.0,0.025166666666666667,0.9376111111111112,5.0,5.0,5.0,5.0,0.007222222222222222,0.0,0.02211111111111111,0.46343253968253983,0.507234126984127,5.0,4.0,5.0,5.0,0.010277777777777778,0.0,0.017222222222222222,0.03794444444444444,0.9345555555555556,5.0,5.0,5.0
R_DwKx5csKPfJ7qUh,"Read this rule out loud (if you can): IF someone offers me a cigarette THEN I will say 'no thanks, I don't want one.' Reading out if/then rules has been shown to help people stick with their decisions.",5.0,5.0,4.0,5.0,4.0,4.0,4.0,4.0,5.0,5.0,4.0,5.0,5.0,0.0,0.006666666666666667,0.0,0.05166666666666666,0.9416666666666667,5.0,5.0,4.0,5.0,0.0,0.03,0.0,0.017222222222222222,0.952777777777778,5.0,5.0,5.0,5.0,0.024722222222222222,0.0,0.01111111111111111,0.05527777777777779,0.908888888888889,5.0,5.0,5.0,5.0,0.02,0.0,0.009444444444444443,0.04359126984126984,0.9269642857142858,5.0,5.0,5.0
R_302GqnJipf715eg,"When you are stressed, it is easy to focus on the things that are going wrong. Take a few moments to focus on 5 things that have gone well or that you are thankful for this week.",4.0,4.0,,,,4.0,3.0,,4.0,4.0,,,4.0,0.0,0.05966666666666666,0.0,0.9314444444444444,0.008888888888888889,,,4.0,4.0,0.0,0.04077777777777778,0.0,0.9099444444444444,0.049277777777777775,4.0,4.0,4.0,,,,,,,,,,,,,,,,,,
R_302GqnJipf715eg,Imagine this urge as just another backseat passenger that hopped in after seeing other people smoke. You are the driver and you still get to call the shots.,4.0,4.0,,,4.0,4.0,3.0,,4.0,4.0,,,4.0,0.0019047619047619048,0.057761904761904764,0.0,0.9352936507936509,0.005039682539682539,4.0,4.0,4.0,4.0,0.0008333333333333334,0.041833333333333333,0.0,0.9060555555555555,0.051277777777777776,4.0,4.0,4.0,,,,,,,,,,,,,,,,,,
R_302GqnJipf715eg,"If you get urges, remind yourself that cigarettes did that to you. If you go back to them, they will keep making you suffer. Now you are breaking free.",4.0,4.0,3.0,3.0,4.0,4.0,3.0,3.0,4.0,4.0,3.0,3.0,4.0,0.0,0.07611111111111112,0.0,0.9138888888888888,0.01,4.0,4.0,4.0,4.0,0.0,0.034166666666666665,0.0,0.9386111111111111,0.02722222222222222,4.0,5.0,4.0,3.0,0.09276190476190475,0.0,0.47677777777777786,0.2317936507936508,0.19866666666666666,3.0,3.0,4.0,3.0,0.17015079365079364,0.0,0.4222566137566137,0.25472222222222235,0.15287037037037038,3.0,4.0,3.0
R_1P0JC5vXBXu7qsw,Keep picturing yourself getting home later today knowing that you've gained a smoke-free day. It's nearly a reality!,5.0,5.0,5.0,5.0,4.0,4.0,4.0,4.0,5.0,5.0,5.0,5.0,4.0,0.016666666666666666,0.0011111111111111111,0.0,0.9360634920634922,0.046158730158730156,4.0,4.0,4.0,4.0,0.04472222222222222,0.03666666666666667,0.0,0.7025790598290598,0.21603205128205127,4.0,4.0,4.0,4.0,0.007222222222222222,0.0,0.039999999999999994,0.8902222222222224,0.06255555555555556,4.0,4.0,4.0,4.0,0.020305555555555552,0.0,0.04266666666666667,0.46986111111111106,0.4671666666666669,4.0,4.0,5.0
R_1P0JC5vXBXu7qsw,"When a craving hits, keep your hands busy by doing the dishes or taking out the trash. Small chores will help pass the time during a craving.",4.0,4.0,4.0,4.0,4.0,4.0,4.0,4.0,4.0,4.0,4.0,4.0,5.0,0.008277777777777778,0.0008333333333333334,0.0,0.4537629870129869,0.537125901875902,5.0,5.0,4.0,5.0,0.008,0.013333333333333334,0.0,0.04666666666666667,0.932,5.0,5.0,5.0,5.0,0.024833333333333332,0.0,0.08388888888888889,0.2004859307359307,0.690791847041847,5.0,5.0,5.0,5.0,0.09100000000000001,0.0,0.061111111111111116,0.09094444444444444,0.7569444444444445,5.0,5.0,5.0
R_1P0JC5vXBXu7qsw,"When smoking, it can feel like your hands are for holding a cigarette, your mouth is for smoking the cigarette, and your chest and lungs need to breathe in the smoke. Spend 3 minutes noticing how your hands feel, how your mouth feels, and how your chest feels. The more you practice noticing these things without smoking, the sooner your body will stop being a trigger for you.",4.0,5.0,4.0,5.0,,4.0,3.0,3.0,4.0,5.0,4.0,5.0,5.0,0.01611111111111111,0.0,0.0,0.48742460317460334,0.49646428571428564,,,4.0,4.0,0.04472222222222222,0.03666666666666667,0.0,0.7025790598290598,0.21603205128205127,4.0,4.0,4.0,5.0,0.024833333333333332,0.0,0.08388888888888889,0.2004859307359307,0.690791847041847,5.0,5.0,5.0,5.0,0.09100000000000001,0.0,0.061111111111111116,0.09094444444444444,0.7569444444444445,5.0,5.0,5.0
R_sC0QUFDMAWehkS5,"To help get through a 'risky situation', remind yourself of how far you've come and the effort that you've put in. Don't ruin your hard work - stay strong!",4.0,4.0,4.0,5.0,4.0,4.0,4.0,4.0,4.0,4.0,4.0,5.0,4.0,0.08166666666666667,0.013333333333333334,0.0,0.8075476190476191,0.09745238095238096,4.0,4.0,4.0,4.0,0.02666666666666667,0.0125,0.0,0.890626984126984,0.07020634920634922,4.0,4.0,4.0,4.0,0.044444444444444446,0.0,0.0968888888888889,0.7157962962962963,0.1428703703703704,4.0,4.0,4.0,5.0,0.05111111111111111,0.0,0.4295396825396826,0.058333333333333334,0.46101587301587293,5.0,5.0,5.0
R_sC0QUFDMAWehkS5,"If this situation becomes stressful for you, make an excuse to leave for a few minutes. If this doesn't help, it might be better to just leave early.",,4.0,4.0,5.0,2.0,2.0,,,,4.0,4.0,5.0,,,,,,,,,,4.0,0.03944444444444444,0.015333333333333332,0.0,0.9016111111111111,0.04361111111111111,4.0,5.0,4.0,4.0,0.10049999999999999,0.0,0.10531746031746031,0.6942380952380953,0.09994444444444446,,,3.0,5.0,0.027777777777777773,0.0,0.4206507936507938,0.09133333333333332,0.4602380952380951,,,5.0
R_sC0QUFDMAWehkS5,Pause and take 5 slow breaths. Pausing just for a moment breaks the automatic habit of reaching for a smoke.,4.0,4.0,,3.0,4.0,4.0,4.0,4.0,4.0,4.0,,3.0,4.0,0.02666666666666667,0.03977777777777777,0.0,0.8495555555555556,0.08399999999999999,4.0,4.0,4.0,4.0,0.02,0.03152777777777777,0.0,0.90375,0.04472222222222222,4.0,4.0,4.0,,,,,,,,,,5.0,0.03333333333333333,0.0,0.02388888888888889,0.055,0.8877777777777779,5.0,5.0,5.0
R_ZIxAlCoJeIjNicF,You might find that you have more time now that you're trying to cut some cigarettes. Some people find that going for a walk can help fill the gap. Or take a nap if you can!,5.0,5.0,4.0,5.0,4.0,4.0,4.0,4.0,5.0,5.0,4.0,5.0,5.0,0.0,0.006666666666666667,0.0,0.48331746031746037,0.5100158730158729,5.0,5.0,4.0,5.0,0.01,0.011111111111111112,0.0,0.054674603174603174,0.9242142857142858,5.0,5.0,5.0,5.0,0.0016666666666666668,0.0,0.01777777777777778,0.02722222222222222,0.9533333333333334,5.0,5.0,5.0,5.0,0.013539682539682539,0.0,0.0251984126984127,0.02403968253968254,0.9372222222222221,5.0,5.0,5.0
R_ZIxAlCoJeIjNicF,"When a craving hits, keep your hands busy by doing the dishes or taking out the trash. Small chores will help pass the time during a craving.",5.0,4.0,5.0,5.0,4.0,4.0,4.0,4.0,5.0,4.0,5.0,5.0,5.0,0.0,0.0,0.0,0.4516587301587301,0.5483412698412701,5.0,5.0,5.0,5.0,0.01,0.011111111111111112,0.0,0.054674603174603174,0.9242142857142858,5.0,5.0,5.0,4.0,0.0011111111111111111,0.0,0.0195,0.6799444444444446,0.29944444444444446,4.0,4.0,4.0,5.0,0.019722222222222224,0.0,0.045277777777777785,0.04716666666666667,0.8878333333333334,5.0,5.0,4.0
R_ZIxAlCoJeIjNicF,Stop and take 3 deep breaths. Then decide if you really want to smoke right now or not. Pausing for a few breaths can help lessen the habit.,4.0,5.0,5.0,5.0,4.0,4.0,4.0,4.0,4.0,5.0,5.0,5.0,5.0,0.0,0.0,0.0,0.049273809523809525,0.9507261904761906,5.0,5.0,5.0,5.0,0.0,0.0016666666666666668,0.0,0.44344841269841273,0.5548849206349208,5.0,5.0,5.0,4.0,0.0011111111111111111,0.0,0.0195,0.6799444444444446,0.29944444444444446,4.0,4.0,4.0,5.0,0.019722222222222224,0.0,0.045277777777777785,0.04716666666666667,0.8878333333333334,5.0,5.0,4.0
R_214xgyW6yDCmLVE,See what it is like to let the urge pass. You can have an urge and choose not to smoke.,4.0,5.0,5.0,5.0,4.0,4.0,4.0,4.0,4.0,5.0,5.0,5.0,5.0,0.0,0.0,0.0,0.47409523809523807,0.5259047619047619,5.0,5.0,4.0,5.0,0.0,0.008333333333333333,0.0,0.46788492063492054,0.5237817460317462,5.0,5.0,5.0,5.0,0.007777777777777778,0.0,0.0445,0.15465981240981244,0.7930624098124098,5.0,5.0,5.0,5.0,0.008333333333333333,0.0,0.4778968253968253,0.025666666666666667,0.4881031746031747,5.0,5.0,5.0
R_214xgyW6yDCmLVE,"Write down why you want to stop smoking to resist a craving. Remember, trying something to beat the urge is always better than doing nothing. Each time you resist a cig, you're one step closer to being tobacco-free.",4.0,4.0,4.0,3.0,4.0,4.0,4.0,4.0,4.0,4.0,4.0,3.0,5.0,0.0,0.008,0.0,0.4864365079365079,0.5055634920634922,5.0,5.0,5.0,5.0,0.0,0.005,0.0,0.02125396825396825,0.9737460317460318,5.0,5.0,5.0,5.0,0.007777777777777778,0.0,0.0445,0.15465981240981244,0.7930624098124098,5.0,5.0,5.0,5.0,0.0033333333333333335,0.0,0.0033333333333333335,0.01577777777777778,0.9775555555555555,5.0,5.0,4.0
R_214xgyW6yDCmLVE,What inspires you most to quit smoking? Are you willing to let this urge pass without smoking for that reason?,5.0,5.0,5.0,5.0,4.0,4.0,4.0,4.0,5.0,5.0,5.0,5.0,4.0,0.0,0.0033333333333333335,0.0,0.8724246031746031,0.12424206349206349,4.0,4.0,4.0,5.0,0.0,0.0,0.0,0.46384523809523803,0.5361547619047616,5.0,5.0,5.0,4.0,0.0,0.0,0.010833333333333334,0.5020396825396827,0.48712698412698396,4.0,4.0,5.0,5.0,0.007222222222222222,0.0,0.4450714285714288,0.017444444444444443,0.5302619047619046,5.0,5.0,5.0
R_3KCJ41qoCrzI4Cw,"When you notice yourself trapped in stressful thoughts or worry, say out loud, ""I'm noticing that I'm having some worrisome thoughts."" This helps unhook you from your thoughts so you don't stay caught in them.",5.0,,5.0,5.0,1.0,2.0,1.0,1.0,5.0,,5.0,5.0,5.0,0.03333333333333333,0.02666666666666667,0.0,0.060833333333333336,0.8791666666666667,5.0,5.0,5.0,,,,,,,,,,5.0,0.036388888888888894,0.0,0.05694444444444444,0.43520634920634915,0.4714603174603175,5.0,4.0,5.0,5.0,0.0830952380952381,0.0,0.11996031746031748,0.09061111111111111,0.7063333333333334,5.0,4.0,4.0
R_3KCJ41qoCrzI4Cw,"If you find yourself thinking: ""I can't do this"", ""I need a cig"", or ""I'll just have one"", make sure you tell yourself ""I absolutely CAN do this"", ""I'm in control"". Take control of your negative thoughts!",5.0,4.0,4.0,4.0,2.0,2.0,1.0,1.0,5.0,4.0,4.0,4.0,5.0,0.03666666666666667,0.017111111111111108,0.0,0.056277777777777774,0.8899444444444443,5.0,4.0,5.0,5.0,0.05333333333333334,0.0425,0.0,0.1791269841269841,0.7250396825396827,5.0,4.0,5.0,5.0,0.005,0.0,0.08138888888888889,0.016944444444444443,0.8966666666666666,5.0,3.0,5.0,5.0,0.0830952380952381,0.0,0.11996031746031748,0.09061111111111111,0.7063333333333334,5.0,5.0,4.0
R_3KCJ41qoCrzI4Cw,Imagine walking into a social situation in three months' time as a non-smoker. Now hold that picture and imagine you're that person now. Seeing yourself as a non-smoker now can make it much easier to resist!,5.0,5.0,5.0,5.0,1.0,1.0,1.0,1.0,5.0,5.0,5.0,5.0,5.0,0.03666666666666667,0.02011111111111111,0.0,0.061277777777777785,0.8819444444444444,5.0,4.0,5.0,4.0,0.07,0.015833333333333335,0.0,0.8132777777777778,0.10088888888888889,4.0,4.0,5.0,5.0,0.015,0.0,0.09555555555555555,0.4370952380952382,0.4523492063492064,5.0,4.0,5.0,5.0,0.027857142857142858,0.0,0.030666666666666665,0.4629920634920636,0.4784841269841268,5.0,5.0,5.0
R_eeoRDsfUd94L8Ln,Craving a cig? Plan a fun activity you can do when you get home as a reward for not smoking.,4.0,,,1.0,4.0,4.0,3.0,,4.0,,,1.0,4.0,0.002619047619047619,0.43287301587301574,0.0,0.5344126984126985,0.030095238095238095,4.0,4.0,4.0,,,,,,,,,,,,,,,,,,,3.0,0.01599206349206349,0.0,0.7802777777777778,0.14150793650793653,0.062222222222222213,,,3.0
R_eeoRDsfUd94L8Ln,"When you begin to crave a cig, concentrate on your reasons for not smoking. Keep a list on your phone and look at it when you feel yourself beginning to falter.",4.0,,3.0,3.0,4.0,4.0,4.0,,4.0,,3.0,3.0,4.0,0.0017777777777777776,0.47457142857142864,0.0,0.485063492063492,0.03858730158730158,4.0,4.0,4.0,,,,,,,,,,4.0,0.06388888888888888,0.0,0.23677777777777778,0.43709523809523804,0.2622380952380952,4.0,4.0,4.0,1.0,0.6801666666666667,0.0,0.11209259259259258,0.12385185185185187,0.0838888888888889,,,3.0
R_eeoRDsfUd94L8Ln,"Some people find that having a simple mantra can really help, especially if things feel stressful. Try repeating something simple to yourself like: ""I can do it!"".",2.0,4.0,,,4.0,4.0,3.0,,2.0,4.0,,,4.0,0.01,0.006666666666666667,0.0,0.9223015873015874,0.06103174603174602,4.0,4.0,4.0,4.0,0.02788888888888889,0.0936111111111111,0.0,0.5914444444444444,0.28705555555555556,4.0,5.0,4.0,,,,,,,,,,,,,,,,,,
R_1OGJQJib5PQag6L,"Spend 3 minutes noticing how your hands feel, how your mouth feels, and how your chest feels. The more you practice noticing these things without smoking, the sooner this place will stop being a trigger for you.",2.0,2.0,,,4.0,4.0,3.0,3.0,2.0,2.0,,,4.0,0.0,0.05422222222222222,0.0,0.8217301587301589,0.12404761904761905,4.0,4.0,4.0,4.0,0.0016666666666666668,0.0428968253968254,0.0,0.7459603174603175,0.20947619047619048,4.0,4.0,4.0,,,,,,,,,,,,,,,,,,
R_1OGJQJib5PQag6L,"If you usually smoke while you talk on the phone, keep a pen and paper nearby to occupy your hands with doodling rather than smoking.",,,3.0,3.0,4.0,4.0,3.0,,,,3.0,3.0,,,,,,,,,,,,,,,,,,,4.0,0.006722222222222222,0.0,0.08850000000000001,0.8646111111111111,0.04016666666666666,4.0,4.0,4.0,4.0,0.0385,0.0,0.12172222222222222,0.7793968253968253,0.06038095238095239,,,3.0
R_1OGJQJib5PQag6L,"If you're stuck at home and physical activity doesn't interest you, try gaming, needlework, drawing, or journaling.",4.0,4.0,4.0,4.0,,4.0,3.0,,4.0,4.0,4.0,4.0,2.0,0.0011111111111111111,0.6958333333333333,0.0,0.2122777777777778,0.09077777777777776,,,5.0,2.0,0.0,0.6891111111111111,0.0,0.11768518518518518,0.19320370370370368,2.0,4.0,2.0,3.0,0.015277777777777777,0.0,0.6643690476190478,0.20138095238095238,0.11897222222222222,3.0,3.0,4.0,3.0,0.03507936507936508,0.0,0.6924999999999999,0.16280952380952382,0.10961111111111113,,,3.0
R_2xCWMKetnQTbHhS,"Stress is temporary. It comes and goes like passing clouds in the sky. When stress demands you to light up, remember you can let it pass by without smoking.",4.0,5.0,4.0,5.0,4.0,4.0,4.0,4.0,4.0,5.0,4.0,5.0,5.0,0.004166666666666667,0.016666666666666666,0.0,0.06316666666666668,0.916,5.0,5.0,5.0,5.0,0.023888888888888887,0.051111111111111114,0.0,0.007407407407407408,0.9175925925925926,5.0,5.0,5.0,5.0,0.030833333333333334,0.0,0.0075,0.03672222222222222,0.9249444444444445,5.0,4.0,5.0,5.0,0.0358452380952381,0.0,0.008777777777777778,0.019861111111111114,0.9355158730158729,5.0,5.0,5.0
R_2xCWMKetnQTbHhS,Think about a happy memory to ease the difficulty of your urge. Is there something you have been wanting to do for a while that you know you would enjoy? Reading? Walking? Calling a friend? Doing a puzzle? Do something that matters to you instead of smoking.,5.0,5.0,5.0,5.0,4.0,4.0,4.0,4.0,5.0,5.0,5.0,5.0,4.0,0.005,0.010833333333333334,0.0,0.5210952380952381,0.4630714285714286,4.0,4.0,5.0,5.0,0.020476190476190474,0.03174603174603174,0.0,0.03832010582010582,0.9094576719576719,5.0,5.0,5.0,5.0,0.03777777777777777,0.0,0.020555555555555556,0.43843650793650785,0.5032301587301586,5.0,5.0,5.0,5.0,0.04555555555555555,0.0,0.024333333333333332,0.030666666666666665,0.8994444444444444,5.0,5.0,5.0
R_2xCWMKetnQTbHhS,"Urges can feel like stormy weather. But if you're the sky, you just let that storm come and go on it's own knowing that it won't last forever.",5.0,5.0,5.0,5.0,4.0,4.0,4.0,4.0,5.0,5.0,5.0,5.0,5.0,0.0025,0.014444444444444444,0.0,0.47373809523809524,0.5093174603174603,5.0,5.0,5.0,5.0,0.009722222222222222,0.02,0.0,0.03833333333333333,0.9319444444444444,5.0,5.0,5.0,5.0,0.059555555555555556,0.0,0.016,0.42843650793650795,0.49600793650793623,5.0,5.0,5.0,5.0,0.041388888888888885,0.0,0.021944444444444444,0.019333333333333334,0.9173333333333333,5.0,5.0,5.0
R_2D5eAUdJrz9ljRo,"Think about your hero, or someone you admire. What do you admire about them? Often our heroes are people who struggle and succeed in difficult circumstances. Now's the chance to be your own hero - by not smoking despite the challenges of stress and strong urges!",4.0,4.0,3.0,3.0,4.0,4.0,4.0,4.0,4.0,4.0,3.0,3.0,4.0,0.023444444444444445,0.016666666666666666,0.0,0.788920634920635,0.17096825396825394,4.0,4.0,4.0,4.0,0.0033333333333333335,0.013888888888888886,0.0,0.9486111111111112,0.034166666666666665,4.0,4.0,4.0,4.0,0.01111111111111111,0.0,0.03,0.9166666666666666,0.042222222222222223,4.0,4.0,5.0,4.0,0.01597222222222222,0.0,0.029841269841269842,0.9087896825396827,0.0453968253968254,4.0,4.0,5.0
R_2D5eAUdJrz9ljRo,"Some people find that having a simple mantra can really help, especially if things feel stressful. Try repeating something simple to yourself like: ""I can do it!"".",4.0,4.0,4.0,4.0,4.0,4.0,4.0,4.0,4.0,4.0,4.0,4.0,5.0,0.00911111111111111,0.006666666666666667,0.0,0.4256666666666667,0.5585555555555556,5.0,5.0,4.0,4.0,0.013333333333333334,0.02983333333333333,0.0,0.8762777777777777,0.08055555555555555,4.0,4.0,5.0,3.0,0.005277777777777778,0.0,0.5101507936507934,0.4456825396825399,0.03888888888888889,3.0,4.0,4.0,4.0,0.028333333333333332,0.0,0.45821428571428574,0.4901190476190478,0.023333333333333334,4.0,4.0,3.0
R_2D5eAUdJrz9ljRo,Notice how stress and anxiety may pull you and make you want to smoke. Just notice this. You can choose to just notice and not smoke.,5.0,4.0,4.0,4.0,4.0,4.0,4.0,4.0,5.0,4.0,4.0,4.0,4.0,0.023444444444444445,0.016666666666666666,0.0,0.788920634920635,0.17096825396825394,4.0,4.0,4.0,4.0,0.0,0.0019047619047619048,0.0,0.9176507936507937,0.08044444444444444,4.0,5.0,4.0,3.0,0.006666666666666667,0.0,0.4967619047619045,0.4654603174603176,0.031111111111111114,3.0,3.0,4.0,3.0,0.0095,0.0,0.4789285714285715,0.4665714285714284,0.045000000000000005,3.0,3.0,3.0
R_1DO5uW1wPiGe750,Urges are like annoying ads. You might see them but you don't have to buy what they're selling.,5.0,5.0,5.0,5.0,4.0,4.0,4.0,4.0,5.0,5.0,5.0,5.0,2.0,0.0033333333333333335,0.6253888888888889,0.0,0.2571984126984127,0.11407936507936507,2.0,4.0,4.0,4.0,0.0033333333333333335,0.08116666666666666,0.0,0.6190119047619046,0.2964880952380952,4.0,4.0,4.0,1.0,0.6934999999999999,0.0,0.07586111111111112,0.12092195767195767,0.10971693121693124,1.0,1.0,5.0,1.0,0.6755555555555556,0.0,0.061944444444444455,0.13433333333333336,0.12816666666666668,1.0,3.0,1.0
R_1DO5uW1wPiGe750,"Instead of smoking, use the next two minutes to pay close attention to your senses. Notice what you see, hear, feel, taste, and smell. Urges are just one part of your experience.",2.0,2.0,1.0,1.0,4.0,4.0,4.0,4.0,2.0,2.0,1.0,1.0,5.0,0.0033333333333333335,0.021666666666666667,0.0,0.271537037037037,0.703462962962963,5.0,5.0,5.0,4.0,0.0033333333333333335,0.08116666666666666,0.0,0.6190119047619046,0.2964880952380952,4.0,4.0,4.0,5.0,0.01411111111111111,0.0,0.10538888888888889,0.11005555555555556,0.7704444444444444,5.0,5.0,5.0,5.0,0.010555555555555556,0.0,0.11277777777777777,0.13888888888888887,0.7377777777777778,5.0,5.0,5.0
R_1DO5uW1wPiGe750,"You were often stressed in this location and this might trigger urges. What can you do to reduce your stress here? If you can avoid this place until things settle down, then do.",,,,,4.0,4.0,4.0,4.0,,,,,,,,,,,,,,,,,,,,,,,,,,,,,,,,,,,,,,,,
R_3e982vYopcufMzA,"Instead of lighting up a cigarette, light a scented candle or burn some incense.",2.0,2.0,1.0,1.0,4.0,4.0,4.0,4.0,2.0,2.0,1.0,1.0,2.0,0.0011111111111111111,0.6791666666666666,0.0,0.18296296296296297,0.13675925925925925,2.0,4.0,4.0,2.0,0.003666666666666667,0.4847857142857144,0.0,0.44299206349206344,0.06855555555555556,2.0,4.0,2.0,1.0,0.47242857142857153,0.0,0.46173809523809534,0.037,0.02883333333333333,1.0,1.0,1.0,3.0,0.43623015873015863,0.0,0.503436507936508,0.04172222222222222,0.018611111111111113,3.0,3.0,3.0
R_3e982vYopcufMzA,"The best way to deal with any urges from being around smokers is to get out of the situation briefly until it goes. Make an excuse, go to the toilet, go get some water, pretend you need to get some phone reception!",2.0,2.0,1.0,1.0,4.0,4.0,4.0,4.0,2.0,2.0,1.0,1.0,4.0,0.0,0.4463267195767196,0.0,0.5003796296296296,0.053293650793650796,4.0,4.0,4.0,4.0,0.016666666666666666,0.46251587301587305,0.0,0.4752619047619047,0.04555555555555555,4.0,4.0,2.0,3.0,0.4627777777777778,0.0,0.4736507936507936,0.04968253968253968,0.013888888888888886,3.0,4.0,3.0,3.0,0.42899206349206365,0.0,0.49923015873015864,0.03653968253968253,0.035238095238095235,3.0,3.0,1.0
R_3e982vYopcufMzA,Take a deep breath. Focus on today and the things you have accomplished. How many urges have you let pass? Give yourself some credit!,4.0,4.0,3.0,3.0,4.0,4.0,4.0,4.0,4.0,4.0,3.0,3.0,2.0,0.0011111111111111111,0.6791666666666666,0.0,0.18296296296296297,0.13675925925925925,2.0,4.0,4.0,2.0,0.008333333333333333,0.9016666666666666,0.0,0.044333333333333336,0.04566666666666666,2.0,4.0,4.0,1.0,0.8979999999999999,0.0,0.029166666666666667,0.044444444444444446,0.028388888888888887,1.0,1.0,1.0,1.0,0.8733333333333333,0.0,0.04597222222222222,0.03847222222222222,0.042222222222222223,1.0,1.0,1.0
R_2dGZLRLdzQOUyAt,"Crumple a piece of paper into a ball and imagine it is your urge. Toss the ""urge"" into the garbage or against the wall. By doing this, you are letting go of your urges.",,,3.0,3.0,4.0,4.0,4.0,4.0,,,3.0,3.0,,,,,,,,,,,,,,,,,,,3.0,0.011388888888888888,0.0,0.7338888888888888,0.14444444444444446,0.11027777777777777,3.0,4.0,3.0,3.0,0.01,0.0,0.6689444444444445,0.17072222222222222,0.15033333333333332,3.0,3.0,4.0
R_2dGZLRLdzQOUyAt,"If leaving social situations to avoid smokers feels awkward, make sure you have something to do instead - take sugar free mints, lollipops or low fat snacks to chew, or use a stress ball.",,,,3.0,4.0,4.0,4.0,4.0,,,,3.0,,,,,,,,,,,,,,,,,,,,,,,,,,,,3.0,0.013333333333333334,0.0,0.6788492063492063,0.1872063492063492,0.1206111111111111,3.0,3.0,3.0
R_2dGZLRLdzQOUyAt,"Think about your hero, or someone you admire. What do you admire about them? Often our heroes are people who struggle and succeed in difficult circumstances. Now's the chance to be your own hero - by not smoking despite the challenges of stress and strong urges!",,4.0,3.0,,4.0,4.0,4.0,4.0,,4.0,3.0,,,,,,,,,,,4.0,0.007777777777777777,0.08272222222222221,0.0,0.4936150793650794,0.41588492063492066,4.0,4.0,4.0,3.0,0.015,0.0,0.7100052910052911,0.11441137566137566,0.1605833333333333,3.0,4.0,5.0,,,,,,,,,
R_3korBxVN9OVSKuB,Take a deep breath and let it out slowly. Notice that you are completely OK for this one breath. Do it again.,4.0,,3.0,3.0,,4.0,3.0,4.0,4.0,,3.0,3.0,5.0,0.0905952380952381,0.0976111111111111,0.0,0.38087301587301586,0.43092063492063476,,,4.0,,,,,,,,,,3.0,0.007555555555555555,0.0,0.926111111111111,0.04611111111111111,0.02022222222222222,3.0,3.0,3.0,3.0,0.04424603174603175,0.0,0.8930555555555556,0.03247619047619047,0.03022222222222222,3.0,3.0,3.0
R_3korBxVN9OVSKuB,What can you do right now to break the automatic habit of smoking when you are here? Pause. Close your eyes. And take 10 slow breaths.,,,3.0,3.0,4.0,4.0,4.0,4.0,,,3.0,3.0,,,,,,,,,,,,,,,,,,,3.0,0.005833333333333334,0.0,0.9252777777777778,0.054722222222222214,0.014166666666666666,3.0,3.0,3.0,3.0,0.006666666666666667,0.0,0.9156666666666666,0.02411111111111111,0.053555555555555565,3.0,3.0,4.0
R_3korBxVN9OVSKuB,"Imagine your urge is like a talk radio station going on about something you disagree with. Arguing with it doesn't change what they say. Instead, just let them talk while you focus on what's important to you.",,,3.0,3.0,4.0,4.0,4.0,4.0,,,3.0,3.0,,,,,,,,,,,,,,,,,,,3.0,0.015833333333333335,0.0,0.9084814814814814,0.05846296296296296,0.017222222222222222,3.0,4.0,3.0,3.0,0.024444444444444442,0.0,0.915027777777778,0.021083333333333332,0.03944444444444445,3.0,3.0,3.0
